modelo,coluna
bronze_sftp_empreendimento_int040,_ingested_at
bronze_sftp_empreendimento_int040,_source_file
bronze_sftp_empreendimento_int040,_source_hash
bronze_sftp_empreendimento_int040,cnpj_proponente
bronze_sftp_empreendimento_int040,co_objetivo_complemento
bronze_sftp_empreendimento_int040,cod_agente_financeiro
bronze_sftp_empreendimento_int040,cod_motivo_ociosidade
bronze_sftp_empreendimento_int040,cod_municipio_ibge
bronze_sftp_empreendimento_int040,cod_pendencia_entrega
bronze_sftp_empreendimento_int040,cod_pendencia_obra
bronze_sftp_empreendimento_int040,cod_regime_execucao
bronze_sftp_empreendimento_int040,cod_situacao_contrato_pj
bronze_sftp_empreendimento_int040,cod_tipo_contrato
bronze_sftp_empreendimento_int040,cod_tipo_etapa
bronze_sftp_empreendimento_int040,desc_situacao_contrato
bronze_sftp_empreendimento_int040,dsc_tipo_comunidade_atendida
bronze_sftp_empreendimento_int040,dsc_tipologia
bronze_sftp_empreendimento_int040,dt_assinatura
bronze_sftp_empreendimento_int040,dt_inicio_obra
bronze_sftp_empreendimento_int040,dt_legalizacao
bronze_sftp_empreendimento_int040,dt_movimento
bronze_sftp_empreendimento_int040,dt_primeira_entrega
bronze_sftp_empreendimento_int040,dt_termino_obra
bronze_sftp_empreendimento_int040,dt_ultima_entrega
bronze_sftp_empreendimento_int040,dt_ultima_liberacao_recurso
bronze_sftp_empreendimento_int040,filename
bronze_sftp_empreendimento_int040,iorigem
bronze_sftp_empreendimento_int040,liberacao_obra
bronze_sftp_empreendimento_int040,liberacao_terreno
bronze_sftp_empreendimento_int040,liberacao_ts
bronze_sftp_empreendimento_int040,liberacao_ts_adicional
bronze_sftp_empreendimento_int040,no_empreendimento
bronze_sftp_empreendimento_int040,no_localidade
bronze_sftp_empreendimento_int040,no_logradouro
bronze_sftp_empreendimento_int040,no_municipio
bronze_sftp_empreendimento_int040,no_objetivo_complemento
bronze_sftp_empreendimento_int040,nome_tipo_contrato
bronze_sftp_empreendimento_int040,nu_apf
bronze_sftp_empreendimento_int040,nu_cep
bronze_sftp_empreendimento_int040,origem
bronze_sftp_empreendimento_int040,percentual_obra_realizado
bronze_sftp_empreendimento_int040,portaria_selecao
bronze_sftp_empreendimento_int040,qt_unidade_financiadas
bronze_sftp_empreendimento_int040,qt_unidades_concluidas
bronze_sftp_empreendimento_int040,qt_unidades_entregues
bronze_sftp_empreendimento_int040,qt_unidades_ociosas
bronze_sftp_empreendimento_int040,razao_social_proponente
bronze_sftp_empreendimento_int040,sg_uf_muncicipio
bronze_sftp_empreendimento_int040,situacao_obra_gefus
bronze_sftp_empreendimento_int040,situacao_retomada
bronze_sftp_empreendimento_int040,tipo_aporte
bronze_sftp_empreendimento_int040,vinculacoes
bronze_sftp_empreendimento_int040,vlr_operacao
bronze_sftp_empreendimento_int040,vr_contrapartida_1
bronze_sftp_empreendimento_int040,vr_investimento
bronze_sftp_empreendimento_int040,vr_liberado
bronze_sftp_empreendimento_int054,_ingested_at
bronze_sftp_empreendimento_int054,_source_file
bronze_sftp_empreendimento_int054,_source_hash
bronze_sftp_empreendimento_int054,a_liberar_obra
bronze_sftp_empreendimento_int054,a_liberar_terreno
bronze_sftp_empreendimento_int054,a_liberar_ts
bronze_sftp_empreendimento_int054,cnpj_proponente
bronze_sftp_empreendimento_int054,co_cep
bronze_sftp_empreendimento_int054,co_tipo_objetivo_complemento
bronze_sftp_empreendimento_int054,co_validacao_mdr
bronze_sftp_empreendimento_int054,cod_agente_financeiro
bronze_sftp_empreendimento_int054,cod_motivo_ociosidade
bronze_sftp_empreendimento_int054,cod_municipio_ibge
bronze_sftp_empreendimento_int054,cod_pendencia_entrega
bronze_sftp_empreendimento_int054,cod_pendencia_obra
bronze_sftp_empreendimento_int054,cod_regime_execucao
bronze_sftp_empreendimento_int054,cod_situacao_contrato_pj
bronze_sftp_empreendimento_int054,cod_tipo_etapa
bronze_sftp_empreendimento_int054,de_descricao
bronze_sftp_empreendimento_int054,de_interface
bronze_sftp_empreendimento_int054,de_pendencia_campo
bronze_sftp_empreendimento_int054,desc_situacao_contrato
bronze_sftp_empreendimento_int054,dsc_tipo_comunidade_atendida
bronze_sftp_empreendimento_int054,dsc_tipologia
bronze_sftp_empreendimento_int054,dt_contratacao
bronze_sftp_empreendimento_int054,dt_inicio_obra
bronze_sftp_empreendimento_int054,dt_legalizacao
bronze_sftp_empreendimento_int054,dt_movimento
bronze_sftp_empreendimento_int054,dt_primeira_entrega
bronze_sftp_empreendimento_int054,dt_termino_obra
bronze_sftp_empreendimento_int054,dt_ultima_entrega
bronze_sftp_empreendimento_int054,dt_ultima_liberacao_recurso
bronze_sftp_empreendimento_int054,filename
bronze_sftp_empreendimento_int054,iorigem
bronze_sftp_empreendimento_int054,liberacao_ts_adicional
bronze_sftp_empreendimento_int054,logradouro
bronze_sftp_empreendimento_int054,no_empreendimento
bronze_sftp_empreendimento_int054,no_municipio
bronze_sftp_empreendimento_int054,nome_tipo_contrato
bronze_sftp_empreendimento_int054,nu_apf
bronze_sftp_empreendimento_int054,nu_contrato_emprendimento
bronze_sftp_empreendimento_int054,nu_empreendimento
bronze_sftp_empreendimento_int054,nu_linha
bronze_sftp_empreendimento_int054,origem
bronze_sftp_empreendimento_int054,percentual_obra_realizado
bronze_sftp_empreendimento_int054,portaria_selecao
bronze_sftp_empreendimento_int054,qt_unidades_concluidas
bronze_sftp_empreendimento_int054,qt_unidades_entregues
bronze_sftp_empreendimento_int054,qt_unidades_habitacionais
bronze_sftp_empreendimento_int054,qt_unidades_ociosas
bronze_sftp_empreendimento_int054,razao_social_proponente
bronze_sftp_empreendimento_int054,sg_uf
bronze_sftp_empreendimento_int054,situacao_obra
bronze_sftp_empreendimento_int054,situacao_retomada
bronze_sftp_empreendimento_int054,tipo_aporte
bronze_sftp_empreendimento_int054,total_liberado_far
bronze_sftp_empreendimento_int054,vinculacoes
bronze_sftp_empreendimento_int054,vr_contrapartida_1
bronze_sftp_empreendimento_int054,vr_emprestimo_far
bronze_sftp_empreendimento_int054,vr_investimento
bronze_sftp_empreendimento_int054,vr_pendencia_1
bronze_sftp_empreendimento_int054,vr_pendencia_2
bronze_sftp_empreendimento_int057,_ingested_at
bronze_sftp_empreendimento_int057,_source_file
bronze_sftp_empreendimento_int057,_source_hash
bronze_sftp_empreendimento_int057,co_agente_financeiro
bronze_sftp_empreendimento_int057,co_grupo_renda
bronze_sftp_empreendimento_int057,co_municipio_ibge
bronze_sftp_empreendimento_int057,co_natureza
bronze_sftp_empreendimento_int057,co_situacao_obra
bronze_sftp_empreendimento_int057,co_validacao_mdr
bronze_sftp_empreendimento_int057,de_descricao
bronze_sftp_empreendimento_int057,de_interface
bronze_sftp_empreendimento_int057,de_pendencia_campo
bronze_sftp_empreendimento_int057,dt_contrato
bronze_sftp_empreendimento_int057,dt_efetiva_conclusao
bronze_sftp_empreendimento_int057,dt_movimento
bronze_sftp_empreendimento_int057,dt_ultima_liberacao
bronze_sftp_empreendimento_int057,filename
bronze_sftp_empreendimento_int057,ic_cisterna
bronze_sftp_empreendimento_int057,idt_movimento
bronze_sftp_empreendimento_int057,natureza_contrato
bronze_sftp_empreendimento_int057,no_empreendimento
bronze_sftp_empreendimento_int057,no_entidade_organizadora
bronze_sftp_empreendimento_int057,no_municipio
bronze_sftp_empreendimento_int057,no_situacao_obra
bronze_sftp_empreendimento_int057,nu_apf
bronze_sftp_empreendimento_int057,nu_cnpj_entidade
bronze_sftp_empreendimento_int057,nu_contrato_empreendimento
bronze_sftp_empreendimento_int057,nu_contrato_emprendimento
bronze_sftp_empreendimento_int057,nu_linha
bronze_sftp_empreendimento_int057,origem
bronze_sftp_empreendimento_int057,pc_execucao_financeira_atec
bronze_sftp_empreendimento_int057,pc_execucao_financeira_obra
bronze_sftp_empreendimento_int057,pc_execucao_financeira_ts
bronze_sftp_empreendimento_int057,pc_execucao_fisica_obra
bronze_sftp_empreendimento_int057,pz_obra
bronze_sftp_empreendimento_int057,qt_unidades
bronze_sftp_empreendimento_int057,qt_unidades_concluidas
bronze_sftp_empreendimento_int057,qt_unidades_entregues
bronze_sftp_empreendimento_int057,sg_uf
bronze_sftp_empreendimento_int057,vr_atec
bronze_sftp_empreendimento_int057,vr_atec_ts_cisterna
bronze_sftp_empreendimento_int057,vr_cisterna
bronze_sftp_empreendimento_int057,vr_contrapartida
bronze_sftp_empreendimento_int057,vr_custo_originacao
bronze_sftp_empreendimento_int057,vr_diferencial_juros
bronze_sftp_empreendimento_int057,vr_diif_juros
bronze_sftp_empreendimento_int057,vr_edificacao
bronze_sftp_empreendimento_int057,vr_efluentes
bronze_sftp_empreendimento_int057,vr_investimento
bronze_sftp_empreendimento_int057,vr_liberado
bronze_sftp_empreendimento_int057,vr_operacao
bronze_sftp_empreendimento_int057,vr_pendencia_1
bronze_sftp_empreendimento_int057,vr_pendencia_2
bronze_sftp_empreendimento_int057,vr_taxa_administracao
bronze_sftp_empreendimento_int057,vr_taxa_risco_credito
bronze_sftp_empreendimento_int057,vr_ts
bronze_sftp_empreendimento_int057,vr_tx_adm_cisterna
bronze_sftp_empreendimento_int059,_ingested_at
bronze_sftp_empreendimento_int059,_source_file
bronze_sftp_empreendimento_int059,_source_hash
bronze_sftp_empreendimento_int059,aquecimento_solar
bronze_sftp_empreendimento_int059,cnpj_proponente
bronze_sftp_empreendimento_int059,co_validacao_mdr
bronze_sftp_empreendimento_int059,cod_agente_financeiro
bronze_sftp_empreendimento_int059,cod_municipio_ibge
bronze_sftp_empreendimento_int059,cod_regime_execucao
bronze_sftp_empreendimento_int059,contrapartida_financeira
bronze_sftp_empreendimento_int059,contrapartida_poder_pub_local_financ_far_fds_1219
bronze_sftp_empreendimento_int059,contrapartida_poder_pub_local_financ_far_fds_1222
bronze_sftp_empreendimento_int059,contrapartida_poder_pub_local_infra_far_fds_1218
bronze_sftp_empreendimento_int059,contrapartida_poder_pub_local_infra_far_fds_1221
bronze_sftp_empreendimento_int059,contrapartida_poder_pub_local_terreno_far_fds_1217
bronze_sftp_empreendimento_int059,contrapartida_poder_pub_local_terreno_far_fds_1220
bronze_sftp_empreendimento_int059,contrapartida_servicos
bronze_sftp_empreendimento_int059,de_descricao
bronze_sftp_empreendimento_int059,de_interface
bronze_sftp_empreendimento_int059,de_pendencia_campo
bronze_sftp_empreendimento_int059,dsc_tipologia
bronze_sftp_empreendimento_int059,dt_assinatura
bronze_sftp_empreendimento_int059,dt_assinatura_projeto
bronze_sftp_empreendimento_int059,dt_inicio_obra
bronze_sftp_empreendimento_int059,dt_legalizacao
bronze_sftp_empreendimento_int059,dt_maxima_liberacao
bronze_sftp_empreendimento_int059,dt_movimento
bronze_sftp_empreendimento_int059,dt_termino_obra
bronze_sftp_empreendimento_int059,dt_ultima_entrega
bronze_sftp_empreendimento_int059,email_entidade
bronze_sftp_empreendimento_int059,fase_contrato
bronze_sftp_empreendimento_int059,filename
bronze_sftp_empreendimento_int059,gps_datum_preferencia_sad_69
bronze_sftp_empreendimento_int059,gps_hemisferio
bronze_sftp_empreendimento_int059,gps_latitude_grau
bronze_sftp_empreendimento_int059,gps_latitude_minuto
bronze_sftp_empreendimento_int059,gps_latitude_segundo
bronze_sftp_empreendimento_int059,gps_local_pto_medio_conf_laudo
bronze_sftp_empreendimento_int059,gps_longitude_grau
bronze_sftp_empreendimento_int059,gps_longitude_minuto
bronze_sftp_empreendimento_int059,gps_longitude_segundo
bronze_sftp_empreendimento_int059,infraestrutura_externa
bronze_sftp_empreendimento_int059,iorigem
bronze_sftp_empreendimento_int059,itens_investimento_terreno
bronze_sftp_empreendimento_int059,modalidade_requalificacao
bronze_sftp_empreendimento_int059,no_empreeendmento
bronze_sftp_empreendimento_int059,no_localidade
bronze_sftp_empreendimento_int059,no_logradouro
bronze_sftp_empreendimento_int059,no_municipio
bronze_sftp_empreendimento_int059,no_regiao
bronze_sftp_empreendimento_int059,no_selecao_pmcmv_e
bronze_sftp_empreendimento_int059,nu_apf
bronze_sftp_empreendimento_int059,nu_apf_nao_obra
bronze_sftp_empreendimento_int059,nu_apf_vinculacao
bronze_sftp_empreendimento_int059,nu_cep
bronze_sftp_empreendimento_int059,nu_contrato_emprendimento
bronze_sftp_empreendimento_int059,nu_linha
bronze_sftp_empreendimento_int059,origem
bronze_sftp_empreendimento_int059,percentual_obra_realizado
bronze_sftp_empreendimento_int059,qt_unidade_financiadas
bronze_sftp_empreendimento_int059,qt_unidades_concluidas
bronze_sftp_empreendimento_int059,qt_unidades_entregues
bronze_sftp_empreendimento_int059,quantidade_uh_adaptadas
bronze_sftp_empreendimento_int059,razao_social_proponente
bronze_sftp_empreendimento_int059,regime_construcao
bronze_sftp_empreendimento_int059,sg_uf
bronze_sftp_empreendimento_int059,sistema_aquecimento_solar
bronze_sftp_empreendimento_int059,situacao_empreendimento
bronze_sftp_empreendimento_int059,situacao_gefus
bronze_sftp_empreendimento_int059,terreno_doado
bronze_sftp_empreendimento_int059,tipo_de_unidade_do_empreendimento
bronze_sftp_empreendimento_int059,tipo_terreno
bronze_sftp_empreendimento_int059,valor_aditamento_selecao_complementar
bronze_sftp_empreendimento_int059,valor_aporte_adicional
bronze_sftp_empreendimento_int059,valor_aporte_adicional_contratado
bronze_sftp_empreendimento_int059,vlr_operacao
bronze_sftp_empreendimento_int059,vr_emprestimo_original
bronze_sftp_empreendimento_int059,vr_investimento
bronze_sftp_empreendimento_int059,vr_liberado
bronze_sftp_empreendimento_int059,vr_liberado_sisfin
bronze_sftp_empreendimento_int059,vr_obra
bronze_sftp_empreendimento_int059,vr_pendencia_1
bronze_sftp_empreendimento_int059,vr_pendencia_2
bronze_sftp_empreendimento_int059,vr_projeto
bronze_sftp_empreendimento_int065,_ingested_at
bronze_sftp_empreendimento_int065,_source_file
bronze_sftp_empreendimento_int065,_source_hash
bronze_sftp_empreendimento_int065,co_agente_financeiro
bronze_sftp_empreendimento_int065,co_grupo_renda
bronze_sftp_empreendimento_int065,co_municipio_ibge
bronze_sftp_empreendimento_int065,co_natureza
bronze_sftp_empreendimento_int065,cod_municipio_ibge
bronze_sftp_empreendimento_int065,dsc_situacao_obra
bronze_sftp_empreendimento_int065,dt_contrato
bronze_sftp_empreendimento_int065,dt_efetiva_conclusao
bronze_sftp_empreendimento_int065,dt_movimento
bronze_sftp_empreendimento_int065,dt_ultima_entrega
bronze_sftp_empreendimento_int065,dt_ultima_liberacao
bronze_sftp_empreendimento_int065,filename
bronze_sftp_empreendimento_int065,idt_movimento
bronze_sftp_empreendimento_int065,no_empreendimento
bronze_sftp_empreendimento_int065,no_entidade_organizadora
bronze_sftp_empreendimento_int065,no_municipio
bronze_sftp_empreendimento_int065,no_municipio_imovel
bronze_sftp_empreendimento_int065,no_situacao_obra
bronze_sftp_empreendimento_int065,nu_apf
bronze_sftp_empreendimento_int065,nu_cnpj_entidade
bronze_sftp_empreendimento_int065,nu_contrato_emprendimento
bronze_sftp_empreendimento_int065,origem
bronze_sftp_empreendimento_int065,pc_obra_realizado
bronze_sftp_empreendimento_int065,pz_construcao
bronze_sftp_empreendimento_int065,qt_unidades_concluidas
bronze_sftp_empreendimento_int065,qt_unidades_entregues
bronze_sftp_empreendimento_int065,qtde_uh_inicial
bronze_sftp_empreendimento_int065,qtde_unidades
bronze_sftp_empreendimento_int065,sg_uf
bronze_sftp_empreendimento_int065,vr_atec
bronze_sftp_empreendimento_int065,vr_atec_ts_cisterna
bronze_sftp_empreendimento_int065,vr_cisterna
bronze_sftp_empreendimento_int065,vr_contrapartida
bronze_sftp_empreendimento_int065,vr_custo_originacao
bronze_sftp_empreendimento_int065,vr_diferencial_juros
bronze_sftp_empreendimento_int065,vr_edificacao
bronze_sftp_empreendimento_int065,vr_efluentes
bronze_sftp_empreendimento_int065,vr_emprestimo
bronze_sftp_empreendimento_int065,vr_emprestimo_siapf
bronze_sftp_empreendimento_int065,vr_investimento_pnhr
bronze_sftp_empreendimento_int065,vr_liberado
bronze_sftp_empreendimento_int065,vr_operacao
bronze_sftp_empreendimento_int065,vr_subsidio_fgts
bronze_sftp_empreendimento_int065,vr_taxa_administracao
bronze_sftp_empreendimento_int065,vr_taxa_risco_credito
bronze_sftp_empreendimento_int065,vr_ts
bronze_sftp_empreendimento_int065,vr_tx_adm_cisterna
bronze_dhist_empreendimento_snh_bb,agente_financeiro
bronze_dhist_empreendimento_snh_bb,apf
bronze_dhist_empreendimento_snh_bb,codigo_ibge_do_municipio
bronze_dhist_empreendimento_snh_bb,content_hash
bronze_dhist_empreendimento_snh_bb,data_da_previsao_da_entrega
bronze_dhist_empreendimento_snh_bb,data_de_contratacao
bronze_dhist_empreendimento_snh_bb,data_de_movimento
bronze_dhist_empreendimento_snh_bb,detalhamento_da_situacao_do_empreendimento
bronze_dhist_empreendimento_snh_bb,detalhamento_da_situacao_do_empreendimento_em_janeiro_do_ano
bronze_dhist_empreendimento_snh_bb,exec
bronze_dhist_empreendimento_snh_bb,filename
bronze_dhist_empreendimento_snh_bb,institution
bronze_dhist_empreendimento_snh_bb,latitude_do_imovel
bronze_dhist_empreendimento_snh_bb,longitude_do_imovel
bronze_dhist_empreendimento_snh_bb,modalidade
bronze_dhist_empreendimento_snh_bb,municipio
bronze_dhist_empreendimento_snh_bb,nao_se_aplica
bronze_dhist_empreendimento_snh_bb,nome_empreendimento
bronze_dhist_empreendimento_snh_bb,profile
bronze_dhist_empreendimento_snh_bb,quantidade_de_uhs_contratadas_do_ano_de_referencia
bronze_dhist_empreendimento_snh_bb,quantidade_de_uhs_contratadas_em_janeiro_do_ano_de_referencia
bronze_dhist_empreendimento_snh_bb,quantidade_de_uhs_distratadas
bronze_dhist_empreendimento_snh_bb,quantidade_de_uhs_distratadas_do_ano_de_referencia
bronze_dhist_empreendimento_snh_bb,quantidade_de_uhs_distratadas_em_janeiro_do_ano_de_referencia
bronze_dhist_empreendimento_snh_bb,quantidade_de_uhs_entregues_do_ano_de_referencia
bronze_dhist_empreendimento_snh_bb,quantidade_de_uhs_entregues_em_janeiro_do_ano_de_referencia
bronze_dhist_empreendimento_snh_bb,quantidade_de_uhs_vigentes_do_ano_de_referencia
bronze_dhist_empreendimento_snh_bb,quantidade_de_uhs_vigentes_em_janeiro_do_ano_de_referencia
bronze_dhist_empreendimento_snh_bb,report_date
bronze_dhist_empreendimento_snh_bb,situacao_do_empreendimento
bronze_dhist_empreendimento_snh_bb,situacao_do_empreendimento_em_janeiro_do_ano_de_referencia
bronze_dhist_empreendimento_snh_bb,source_table
bronze_dhist_empreendimento_snh_bb,uf
bronze_dhist_empreendimento_snh_bb,uh_contratadas
bronze_dhist_empreendimento_snh_bb,uh_entregues
bronze_dhist_empreendimento_snh_bb,uh_vigentes
bronze_dhist_empreendimento_snh_bb,uhs_contratadas
bronze_dhist_empreendimento_snh_bb,uhs_entregues
bronze_dhist_empreendimento_snh_bb,uhs_vigentes
bronze_dhist_empreendimento_snh_bb,unidades_habitacionais_a_serem_entregues
bronze_dhist_empreendimento_snh_bb,valor_aporte_adicional
bronze_dhist_empreendimento_snh_bb,valor_contratado
bronze_dhist_empreendimento_snh_bb,valor_desembolsado
bronze_dhist_empreendimento_snh_bb,valor_desembolsado_do_ano_de_referencia
bronze_dhist_empreendimento_snh_caixa,agente_financeiro
bronze_dhist_empreendimento_snh_caixa,apf
bronze_dhist_empreendimento_snh_caixa,bairro_do_imovel
bronze_dhist_empreendimento_snh_caixa,cep_do_imovel
bronze_dhist_empreendimento_snh_caixa,check
bronze_dhist_empreendimento_snh_caixa,classificacao_dos_paralisados
bronze_dhist_empreendimento_snh_caixa,codigo_ibge_do_municipio
bronze_dhist_empreendimento_snh_caixa,complemento_do_endereco_do_imovel
bronze_dhist_empreendimento_snh_caixa,content_hash
bronze_dhist_empreendimento_snh_caixa,data_da_previsao_da_entrega
bronze_dhist_empreendimento_snh_caixa,data_de_contratacao
bronze_dhist_empreendimento_snh_caixa,data_de_movimento
bronze_dhist_empreendimento_snh_caixa,detalhamento_da_situacao_do_empreendimento
bronze_dhist_empreendimento_snh_caixa,detalhamento_da_situacao_do_empreendimento_em_janeiro_do_ano
bronze_dhist_empreendimento_snh_caixa,dt_entrega
bronze_dhist_empreendimento_snh_caixa,exec
bronze_dhist_empreendimento_snh_caixa,filename
bronze_dhist_empreendimento_snh_caixa,institution
bronze_dhist_empreendimento_snh_caixa,latitude_do_imovel
bronze_dhist_empreendimento_snh_caixa,logradouro_do_imovel
bronze_dhist_empreendimento_snh_caixa,longitude_do_imovel
bronze_dhist_empreendimento_snh_caixa,mcmv_ogu_27_qtd_vigentes_janeiro_ano_dt_referencia
bronze_dhist_empreendimento_snh_caixa,mcmv_ogu_28_qtd_entregues_ano_dt_referencia
bronze_dhist_empreendimento_snh_caixa,mcmv_ogu_30_vlr_desembolsado_no_ano_dt_referencia
bronze_dhist_empreendimento_snh_caixa,mcmv_ogu_31_txt_detalha_situacao_empreendimento_janeiro_ano_dt
bronze_dhist_empreendimento_snh_caixa,modalidade
bronze_dhist_empreendimento_snh_caixa,municipio
bronze_dhist_empreendimento_snh_caixa,nome_empreendimento
bronze_dhist_empreendimento_snh_caixa,numero_do_imovel
bronze_dhist_empreendimento_snh_caixa,profile
bronze_dhist_empreendimento_snh_caixa,qt_uh_entregues
bronze_dhist_empreendimento_snh_caixa,qt_uh_previsao_entrega
bronze_dhist_empreendimento_snh_caixa,quantidade_de_uhs_contratadas_do_ano_de_referencia
bronze_dhist_empreendimento_snh_caixa,quantidade_de_uhs_contratadas_em_janeiro_do_ano_de_referencia
bronze_dhist_empreendimento_snh_caixa,quantidade_de_uhs_distratadas
bronze_dhist_empreendimento_snh_caixa,quantidade_de_uhs_distratadas_do_ano_de_referencia
bronze_dhist_empreendimento_snh_caixa,quantidade_de_uhs_distratadas_em_janeiro_do_ano_de_referencia
bronze_dhist_empreendimento_snh_caixa,quantidade_de_uhs_entregues_do_ano_de_referencia
bronze_dhist_empreendimento_snh_caixa,quantidade_de_uhs_entregues_em_janeiro_do_ano_de_referencia
bronze_dhist_empreendimento_snh_caixa,quantidade_de_uhs_vigentes_do_ano_de_referencia
bronze_dhist_empreendimento_snh_caixa,quantidade_de_uhs_vigentes_em_janeiro_do_ano_de_referencia
bronze_dhist_empreendimento_snh_caixa,report_date
bronze_dhist_empreendimento_snh_caixa,situacao_do_empreendimento
bronze_dhist_empreendimento_snh_caixa,situacao_do_empreendimento_em_janeiro_do_ano_de_referencia
bronze_dhist_empreendimento_snh_caixa,source_table
bronze_dhist_empreendimento_snh_caixa,uf
bronze_dhist_empreendimento_snh_caixa,uh_contratadas
bronze_dhist_empreendimento_snh_caixa,uh_entregues
bronze_dhist_empreendimento_snh_caixa,uh_vigentes
bronze_dhist_empreendimento_snh_caixa,unidades_habitacionais_a_serem_entregues
bronze_dhist_empreendimento_snh_caixa,valor_aporte_adicional
bronze_dhist_empreendimento_snh_caixa,valor_contratado
bronze_dhist_empreendimento_snh_caixa,valor_desembolsado
bronze_dhist_empreendimento_snh_caixa,valor_desembolsado_do_ano_de_referencia
bronze_dhist_serie_bases_relatorio_executivo,administracao_por_condominio
bronze_dhist_serie_bases_relatorio_executivo,ano
bronze_dhist_serie_bases_relatorio_executivo,ano_contratacao
bronze_dhist_serie_bases_relatorio_executivo,cmcmv
bronze_dhist_serie_bases_relatorio_executivo,cnpj
bronze_dhist_serie_bases_relatorio_executivo,cod_apf
bronze_dhist_serie_bases_relatorio_executivo,cod_munic_ibge
bronze_dhist_serie_bases_relatorio_executivo,codapf
bronze_dhist_serie_bases_relatorio_executivo,codmunicibge
bronze_dhist_serie_bases_relatorio_executivo,col_1
bronze_dhist_serie_bases_relatorio_executivo,col_10
bronze_dhist_serie_bases_relatorio_executivo,col_11
bronze_dhist_serie_bases_relatorio_executivo,col_12
bronze_dhist_serie_bases_relatorio_executivo,col_13
bronze_dhist_serie_bases_relatorio_executivo,col_14
bronze_dhist_serie_bases_relatorio_executivo,col_3
bronze_dhist_serie_bases_relatorio_executivo,col_4
bronze_dhist_serie_bases_relatorio_executivo,col_5
bronze_dhist_serie_bases_relatorio_executivo,col_6
bronze_dhist_serie_bases_relatorio_executivo,col_7
bronze_dhist_serie_bases_relatorio_executivo,col_8
bronze_dhist_serie_bases_relatorio_executivo,col_9
bronze_dhist_serie_bases_relatorio_executivo,comercializadas
bronze_dhist_serie_bases_relatorio_executivo,construtora
bronze_dhist_serie_bases_relatorio_executivo,content_hash
bronze_dhist_serie_bases_relatorio_executivo,cronograma_datatermino
bronze_dhist_serie_bases_relatorio_executivo,data_conclusao
bronze_dhist_serie_bases_relatorio_executivo,data_contratacao
bronze_dhist_serie_bases_relatorio_executivo,data_prevista_termino_obra
bronze_dhist_serie_bases_relatorio_executivo,data_prevista_termino_obras
bronze_dhist_serie_bases_relatorio_executivo,data_termino
bronze_dhist_serie_bases_relatorio_executivo,data_termino_obras
bronze_dhist_serie_bases_relatorio_executivo,data_vistoria
bronze_dhist_serie_bases_relatorio_executivo,dataprevistasr
bronze_dhist_serie_bases_relatorio_executivo,de_obra_executada
bronze_dhist_serie_bases_relatorio_executivo,endereco_do_empreendimento
bronze_dhist_serie_bases_relatorio_executivo,faixa
bronze_dhist_serie_bases_relatorio_executivo,faixa_divisao
bronze_dhist_serie_bases_relatorio_executivo,faixa_perc
bronze_dhist_serie_bases_relatorio_executivo,filename
bronze_dhist_serie_bases_relatorio_executivo,forma_parcelamento_solo
bronze_dhist_serie_bases_relatorio_executivo,id_mcmv
bronze_dhist_serie_bases_relatorio_executivo,idregistro
bronze_dhist_serie_bases_relatorio_executivo,instituicao
bronze_dhist_serie_bases_relatorio_executivo,institution
bronze_dhist_serie_bases_relatorio_executivo,inumero_cnpj
bronze_dhist_serie_bases_relatorio_executivo,iqde_unidades_entregues
bronze_dhist_serie_bases_relatorio_executivo,iregistro
bronze_dhist_serie_bases_relatorio_executivo,latitude
bronze_dhist_serie_bases_relatorio_executivo,longitude
bronze_dhist_serie_bases_relatorio_executivo,municipio
bronze_dhist_serie_bases_relatorio_executivo,nomeempreendimento
bronze_dhist_serie_bases_relatorio_executivo,obra_executada
bronze_dhist_serie_bases_relatorio_executivo,pmcmv_1
bronze_dhist_serie_bases_relatorio_executivo,pmcmv_2
bronze_dhist_serie_bases_relatorio_executivo,pmcmv_total
bronze_dhist_serie_bases_relatorio_executivo,primeira_assinatura
bronze_dhist_serie_bases_relatorio_executivo,produto
bronze_dhist_serie_bases_relatorio_executivo,profile
bronze_dhist_serie_bases_relatorio_executivo,recortes_territoriais
bronze_dhist_serie_bases_relatorio_executivo,report_date
bronze_dhist_serie_bases_relatorio_executivo,siaci_valorsubsidio_fgts
bronze_dhist_serie_bases_relatorio_executivo,siaci_valorsubsidio_ogu
bronze_dhist_serie_bases_relatorio_executivo,situacao_de_obra
bronze_dhist_serie_bases_relatorio_executivo,source_table
bronze_dhist_serie_bases_relatorio_executivo,sub_table_index
bronze_dhist_serie_bases_relatorio_executivo,subsidio_fgts
bronze_dhist_serie_bases_relatorio_executivo,subsidio_ogu
bronze_dhist_serie_bases_relatorio_executivo,tipologia_unidade
bronze_dhist_serie_bases_relatorio_executivo,trabalho_tecnico_social_tts
bronze_dhist_serie_bases_relatorio_executivo,uf
bronze_dhist_serie_bases_relatorio_executivo,uh
bronze_dhist_serie_bases_relatorio_executivo,uh_comercializadas
bronze_dhist_serie_bases_relatorio_executivo,uh_concluidas
bronze_dhist_serie_bases_relatorio_executivo,uh_em_obras
bronze_dhist_serie_bases_relatorio_executivo,unidades
bronze_dhist_serie_bases_relatorio_executivo,unidades_concluidas
bronze_dhist_serie_bases_relatorio_executivo,unidades_em_obras
bronze_dhist_serie_bases_relatorio_executivo,unidades_entregues
bronze_dhist_serie_bases_relatorio_executivo,valor_contrapartida_poder_publico
bronze_dhist_serie_bases_relatorio_executivo,valor_da_contrapartida_do_poder_publico
bronze_dhist_serie_bases_relatorio_executivo,valor_do_emprestimo
bronze_dhist_serie_bases_relatorio_executivo,valor_gestao_condominial
bronze_dhist_serie_bases_relatorio_executivo,valor_total_do_investimento
bronze_dhist_serie_bases_relatorio_executivo,valor_total_liberado
bronze_dhist_serie_bases_relatorio_executivo,valor_trabalho_social_tts
bronze_dhist_serie_bases_relatorio_executivo,vfaixa_percentual
bronze_dhist_serie_bases_relatorio_executivo,vnome_construtora
bronze_dhist_serie_bases_relatorio_executivo,vnome_empreendimento
bronze_dhist_serie_bext,anomes
bronze_dhist_serie_bext,cfaixa
bronze_dhist_serie_bext,content_hash
bronze_dhist_serie_bext,csigla_origem
bronze_dhist_serie_bext,csigla_uf
bronze_dhist_serie_bext,entregues
bronze_dhist_serie_bext,faixa
bronze_dhist_serie_bext,filename
bronze_dhist_serie_bext,iano_mes
bronze_dhist_serie_bext,icodigo_empreendimento
bronze_dhist_serie_bext,icodigo_municipio_ibge_sem_dv
bronze_dhist_serie_bext,inst
bronze_dhist_serie_bext,institution
bronze_dhist_serie_bext,iprograma_mcmv
bronze_dhist_serie_bext,iqde_uh
bronze_dhist_serie_bext,iqde_uh_concluidas
bronze_dhist_serie_bext,iqde_uh_em_obras
bronze_dhist_serie_bext,iqde_uh_entregues
bronze_dhist_serie_bext,mvalor_contrapartida_poder_publico
bronze_dhist_serie_bext,mvalor_desembolso
bronze_dhist_serie_bext,mvalor_emprestimo
bronze_dhist_serie_bext,mvalor_financiamento
bronze_dhist_serie_bext,mvalor_investimento
bronze_dhist_serie_bext,mvalor_subsidio
bronze_dhist_serie_bext,obra
bronze_dhist_serie_bext,origem
bronze_dhist_serie_bext,pmcmv
bronze_dhist_serie_bext,produto
bronze_dhist_serie_bext,profile
bronze_dhist_serie_bext,report_date
bronze_dhist_serie_bext,source_table
bronze_dhist_serie_bext,uf
bronze_dhist_serie_bext,uh
bronze_dhist_serie_bext,uh_concluidos
bronze_dhist_serie_bext,uh_em_obras
bronze_dhist_serie_bext,valor_do_emprestimo
bronze_dhist_serie_bext,vfaixa_perc_obra
bronze_dhist_serie_bext,vinstituicao
bronze_dhist_serie_bext,vnome_municipio
bronze_dhist_serie_bext,vnome_produto
bronze_dhist_serie_bext,vporte_municipio
bronze_dhist_serie_entrada_bb,agente_financeiro
bronze_dhist_serie_entrada_bb,cnpj_construtora
bronze_dhist_serie_entrada_bb,codigo_do_empreendimento
bronze_dhist_serie_entrada_bb,codigo_do_ibge
bronze_dhist_serie_entrada_bb,codigo_empreendimento_bb
bronze_dhist_serie_entrada_bb,complemento_fgts
bronze_dhist_serie_entrada_bb,complemento_ogu
bronze_dhist_serie_entrada_bb,complemento_total
bronze_dhist_serie_entrada_bb,construtora
bronze_dhist_serie_entrada_bb,content_hash
bronze_dhist_serie_entrada_bb,contrato_bb
bronze_dhist_serie_entrada_bb,contrato_caixa
bronze_dhist_serie_entrada_bb,data_apresentacao
bronze_dhist_serie_entrada_bb,data_assinatura
bronze_dhist_serie_entrada_bb,data_da_contratacao_bb
bronze_dhist_serie_entrada_bb,desconto
bronze_dhist_serie_entrada_bb,empreendimento
bronze_dhist_serie_entrada_bb,empresa
bronze_dhist_serie_entrada_bb,endereco_do_empreendimento
bronze_dhist_serie_entrada_bb,entrega_do_empreendimento
bronze_dhist_serie_entrada_bb,equilibrio_fgts
bronze_dhist_serie_entrada_bb,equilibrio_ogu
bronze_dhist_serie_entrada_bb,equilibrio_total
bronze_dhist_serie_entrada_bb,faixa_de_renda
bronze_dhist_serie_entrada_bb,fase_do_pmcmv
bronze_dhist_serie_entrada_bb,filename
bronze_dhist_serie_entrada_bb,institution
bronze_dhist_serie_entrada_bb,liberacoes_acumuladas
bronze_dhist_serie_entrada_bb,municipio
bronze_dhist_serie_entrada_bb,natureza_da_operacao
bronze_dhist_serie_entrada_bb,no_unidades
bronze_dhist_serie_entrada_bb,nome_da_etapa_ou_modulo
bronze_dhist_serie_entrada_bb,numero_da_operacao
bronze_dhist_serie_entrada_bb,percentual_de_obra
bronze_dhist_serie_entrada_bb,profile
bronze_dhist_serie_entrada_bb,publico_alvo
bronze_dhist_serie_entrada_bb,qde_unidades
bronze_dhist_serie_entrada_bb,regiao
bronze_dhist_serie_entrada_bb,report_date
bronze_dhist_serie_entrada_bb,source_table
bronze_dhist_serie_entrada_bb,subprograma
bronze_dhist_serie_entrada_bb,total_financ_a_producao_pj
bronze_dhist_serie_entrada_bb,total_financiamentos_pf
bronze_dhist_serie_entrada_bb,uf
bronze_dhist_serie_entrada_bb,unid_disponiveis
bronze_dhist_serie_entrada_bb,unid_fin_pf
bronze_dhist_serie_entrada_bb,unidades_adaptadas
bronze_dhist_serie_entrada_bb,valor_da_operacao
bronze_dhist_serie_entrada_bb,valor_fgts_pf_utilizado
bronze_dhist_serie_entrada_bb,valor_global_de_venda_vgv
bronze_dhist_serie_min_cidades,...nc_a_producao_pj_aprovado_cef_financ_a_producao_pj_e_repasse
bronze_dhist_serie_min_cidades,...tal_das_contratacoes_por_uf_regiao_geografica_e_publico_al_2
bronze_dhist_serie_min_cidades,...tal_das_contratacoes_por_uf_regiao_geografica_e_publico_alvo
bronze_dhist_serie_min_cidades,cnpj_instituicao
bronze_dhist_serie_min_cidades,cod_cnpj_proponente
bronze_dhist_serie_min_cidades,cod_contrato
bronze_dhist_serie_min_cidades,cod_empreendimento
bronze_dhist_serie_min_cidades,cod_municipio
bronze_dhist_serie_min_cidades,content_hash
bronze_dhist_serie_min_cidades,contratacao_total
bronze_dhist_serie_min_cidades,contratacao_total_1
bronze_dhist_serie_min_cidades,contratacao_total_2
bronze_dhist_serie_min_cidades,contratacao_total_3
bronze_dhist_serie_min_cidades,contratacao_total_4
bronze_dhist_serie_min_cidades,contratacao_total_5
bronze_dhist_serie_min_cidades,contratacao_total_6
bronze_dhist_serie_min_cidades,dat_atualizacao
bronze_dhist_serie_min_cidades,dat_conclusao
bronze_dhist_serie_min_cidades,dat_contratacao
bronze_dhist_serie_min_cidades,dat_contratacao_tecnico_social
bronze_dhist_serie_min_cidades,dat_entregue
bronze_dhist_serie_min_cidades,dat_prevista_inicio
bronze_dhist_serie_min_cidades,dat_prevista_termino
bronze_dhist_serie_min_cidades,dat_vistoria
bronze_dhist_serie_min_cidades,desligamento_plano_piloto
bronze_dhist_serie_min_cidades,dsc_empreendimento
bronze_dhist_serie_min_cidades,dsc_endereco
bronze_dhist_serie_min_cidades,fase_mcmv
bronze_dhist_serie_min_cidades,filename
bronze_dhist_serie_min_cidades,idc_produto
bronze_dhist_serie_min_cidades,idc_zoneamento_obra
bronze_dhist_serie_min_cidades,institution
bronze_dhist_serie_min_cidades,meta_contratacao_total
bronze_dhist_serie_min_cidades,meta_r_aprovado_cef_financ_a_producao_pj_e_repasse
bronze_dhist_serie_min_cidades,meta_r_aprovado_cef_financ_a_producao_pj_e_repasse_1
bronze_dhist_serie_min_cidades,meta_r_desligamento_plano_piloto
bronze_dhist_serie_min_cidades,modalidade
bronze_dhist_serie_min_cidades,nat_proponente
bronze_dhist_serie_min_cidades,no_unidades_contratacao_total_pf
bronze_dhist_serie_min_cidades,nom_proponente
bronze_dhist_serie_min_cidades,nr_prpt
bronze_dhist_serie_min_cidades,num_cep
bronze_dhist_serie_min_cidades,num_faixa
bronze_dhist_serie_min_cidades,num_programa
bronze_dhist_serie_min_cidades,prc_execucao_obra
bronze_dhist_serie_min_cidades,profile
bronze_dhist_serie_min_cidades,publico_alvo_desligamento_plano_piloto
bronze_dhist_serie_min_cidades,qtd_beneficiario_indicado
bronze_dhist_serie_min_cidades,qtd_comercializadas
bronze_dhist_serie_min_cidades,qtd_concluida
bronze_dhist_serie_min_cidades,qtd_entregue
bronze_dhist_serie_min_cidades,qtd_kit_instalacao
bronze_dhist_serie_min_cidades,qtd_uh
bronze_dhist_serie_min_cidades,qtd_unidade_adaptavel
bronze_dhist_serie_min_cidades,qtd_unidade_concluida
bronze_dhist_serie_min_cidades,qtd_unidade_entregue
bronze_dhist_serie_min_cidades,qtd_unidade_habitacional
bronze_dhist_serie_min_cidades,qtd_unidade_inadimplente
bronze_dhist_serie_min_cidades,quantidade_unidades_aprovado_cef
bronze_dhist_serie_min_cidades,quantidade_unidades_contratacao_total
bronze_dhist_serie_min_cidades,quantidade_unidades_desligamento
bronze_dhist_serie_min_cidades,quantidade_unidades_desligamento_plano_piloto
bronze_dhist_serie_min_cidades,quantidade_unidades_desligamento_plano_piloto_1
bronze_dhist_serie_min_cidades,report_date
bronze_dhist_serie_min_cidades,source_table
bronze_dhist_serie_min_cidades,sub_table_index
bronze_dhist_serie_min_cidades,total_financ_pf_aprovado_cef_financ_a_producao_pj_e_repasse
bronze_dhist_serie_min_cidades,total_financ_pf_desligamento_plano_piloto
bronze_dhist_serie_min_cidades,uf
bronze_dhist_serie_min_cidades,uf_desligamento_plano_piloto
bronze_dhist_serie_min_cidades,uh_produzidas_aprovado_cef_financ_a_producao_pj_e_repasse
bronze_dhist_serie_min_cidades,unid_disponiveis_aprovado_cef_financ_a_producao_pj_e_repasse
bronze_dhist_serie_min_cidades,unid_disponiveis_desligamento_plano_piloto
bronze_dhist_serie_min_cidades,unid_disponiveis_desligamento_plano_piloto_1
bronze_dhist_serie_min_cidades,unid_financ_pf_aprovado_cef_financ_a_producao_pj_e_repasse
bronze_dhist_serie_min_cidades,unid_financ_pf_desligamento_plano_piloto
bronze_dhist_serie_min_cidades,unid_financ_pf_desligamento_plano_piloto_1
bronze_dhist_serie_min_cidades,unidades_cadastradas_desligamento_plano_piloto
bronze_dhist_serie_min_cidades,unidades_contratacao_total
bronze_dhist_serie_min_cidades,valor_contratacao_total
bronze_dhist_serie_min_cidades,valor_r_contratacao_total
bronze_dhist_serie_min_cidades,valor_r_contratacao_total_pf
bronze_dhist_serie_min_cidades,valor_total_aprovado_cef
bronze_dhist_serie_min_cidades,valor_total_desligamento
bronze_dhist_serie_min_cidades,vlr_contrapartida
bronze_dhist_serie_min_cidades,vlr_emprestimo
bronze_dhist_serie_min_cidades,vlr_financiamento
bronze_dhist_serie_min_cidades,vlr_latitude
bronze_dhist_serie_min_cidades,vlr_longitude
bronze_dhist_serie_min_cidades,vlr_recurso_proprio
bronze_dhist_serie_min_cidades,vlr_sacado_fgts
bronze_dhist_serie_min_cidades,vlr_subsidio_fgts
bronze_dhist_serie_min_cidades,vlr_subsidio_ogu
bronze_dhist_serie_min_cidades,vlr_total_investimento
bronze_dhist_serie_min_cidades,vlr_total_liberado
bronze_dhist_serie_min_cidades,vlr_total_operacao
bronze_dhist_snh_entregas_evento_bb,agente_financeiro
bronze_dhist_snh_entregas_evento_bb,apf
bronze_dhist_snh_entregas_evento_bb,content_hash
bronze_dhist_snh_entregas_evento_bb,data_de_movimento
bronze_dhist_snh_entregas_evento_bb,dt_ass_doc
bronze_dhist_snh_entregas_evento_bb,filename
bronze_dhist_snh_entregas_evento_bb,institution
bronze_dhist_snh_entregas_evento_bb,numero_de_unidades_entregues
bronze_dhist_snh_entregas_evento_bb,profile
bronze_dhist_snh_entregas_evento_bb,report_date
bronze_dhist_snh_entregas_evento_bb,source_table
bronze_dhist_snh_entregas_evento_caixa,agente_financeiro
bronze_dhist_snh_entregas_evento_caixa,apf
bronze_dhist_snh_entregas_evento_caixa,check
bronze_dhist_snh_entregas_evento_caixa,content_hash
bronze_dhist_snh_entregas_evento_caixa,data_de_movimento
bronze_dhist_snh_entregas_evento_caixa,dt_entrega
bronze_dhist_snh_entregas_evento_caixa,filename
bronze_dhist_snh_entregas_evento_caixa,institution
bronze_dhist_snh_entregas_evento_caixa,profile
bronze_dhist_snh_entregas_evento_caixa,qt_uh_entregues
bronze_dhist_snh_entregas_evento_caixa,report_date
bronze_dhist_snh_entregas_evento_caixa,source_table
bronze_shpt_obra_mensal_far,_ingested_at
bronze_shpt_obra_mensal_far,_source_file
bronze_shpt_obra_mensal_far,_source_hash
bronze_shpt_obra_mensal_far,co_classificacao_paralisados
bronze_shpt_obra_mensal_far,co_motivo_cancelamento_distrato
bronze_shpt_obra_mensal_far,co_situacao_obra
bronze_shpt_obra_mensal_far,co_tipo_registro
bronze_shpt_obra_mensal_far,dt_acion_seguradora
bronze_shpt_obra_mensal_far,dt_alteracao_situacao
bronze_shpt_obra_mensal_far,dt_conclusao_obra
bronze_shpt_obra_mensal_far,dt_conclusao_obra_retomada
bronze_shpt_obra_mensal_far,dt_contrata_construtor_substituto
bronze_shpt_obra_mensal_far,dt_contratacao_vigilancia
bronze_shpt_obra_mensal_far,dt_entrega_do_empreendimento
bronze_shpt_obra_mensal_far,dt_invasao
bronze_shpt_obra_mensal_far,dt_legalizacao
bronze_shpt_obra_mensal_far,dt_movimento
bronze_shpt_obra_mensal_far,dt_paralisacao
bronze_shpt_obra_mensal_far,dt_previsao_conclusao_obra_retomada
bronze_shpt_obra_mensal_far,dt_previsao_entrega_do_empreendimento
bronze_shpt_obra_mensal_far,dt_primeira_assinatura_pf
bronze_shpt_obra_mensal_far,dt_repactuacao
bronze_shpt_obra_mensal_far,dt_ultima_assinatura_pf
bronze_shpt_obra_mensal_far,filename
bronze_shpt_obra_mensal_far,frente_mcmv
bronze_shpt_obra_mensal_far,ic_invadido
bronze_shpt_obra_mensal_far,no_providencias_adotadas
bronze_shpt_obra_mensal_far,nu_apf
bronze_shpt_obra_mensal_far,nu_qt_uh_a_alienar
bronze_shpt_obra_mensal_far,pc_obra_prevista
bronze_shpt_obra_mensal_far,pc_obra_realizada
bronze_shpt_obra_mensal_far,qt_uh_alienada
bronze_shpt_obra_mensal_far,qt_uh_concluidas
bronze_shpt_obra_mensal_far,qt_uh_concluidas_adaptadas
bronze_shpt_obra_mensal_far,qt_uh_em_construcao_parcial
bronze_shpt_obra_mensal_far,qt_uh_ociosas_retomadas
bronze_shpt_obra_mensal_far,qt_uh_sem_habitese
bronze_shpt_obra_mensal_far,qt_unidades_habitacionais_invadidas
bronze_shpt_obra_mensal_far,vr_total_uh_a_alienar
bronze_shpt_obra_mensal_far,vr_total_uh_alienadas
bronze_shpt_obra_mensal_far,vr_total_uh_em_construcao
bronze_shpt_obra_mensal_far,vr_total_uh_ociosas_retomadas
bronze_shpt_obra_mensal_far,vr_total_uh_sem_habitese
bronze_shpt_obra_mensal_fds,_ingested_at
bronze_shpt_obra_mensal_fds,_source_file
bronze_shpt_obra_mensal_fds,_source_hash
bronze_shpt_obra_mensal_fds,co_andamento_operacao
bronze_shpt_obra_mensal_fds,co_classificacao_nao_retomada
bronze_shpt_obra_mensal_fds,co_classificacao_paralisados
bronze_shpt_obra_mensal_fds,co_motivo_desimobilizacao
bronze_shpt_obra_mensal_fds,co_motivo_distrato_empreendimento
bronze_shpt_obra_mensal_fds,co_situacao_operacao
bronze_shpt_obra_mensal_fds,co_tipo_registro
bronze_shpt_obra_mensal_fds,detalhe_paralisacao_retomada
bronze_shpt_obra_mensal_fds,dh_movimento
bronze_shpt_obra_mensal_fds,dt_alteracao_andamento
bronze_shpt_obra_mensal_fds,dt_alteracao_situacao
bronze_shpt_obra_mensal_fds,dt_conclusao_obra
bronze_shpt_obra_mensal_fds,dt_conclusao_obra_retomada
bronze_shpt_obra_mensal_fds,dt_contratacao_vigilancia
bronze_shpt_obra_mensal_fds,dt_entrega_do_empreendimento
bronze_shpt_obra_mensal_fds,dt_informacao_paralisacao_retomada
bronze_shpt_obra_mensal_fds,dt_invasao
bronze_shpt_obra_mensal_fds,dt_legalizacao_reg
bronze_shpt_obra_mensal_fds,dt_paralisacao
bronze_shpt_obra_mensal_fds,dt_prev_conclusao_obra_retomada
bronze_shpt_obra_mensal_fds,dt_prev_entrega_emprend
bronze_shpt_obra_mensal_fds,dt_primeira_assinatura_pf
bronze_shpt_obra_mensal_fds,dt_ultima_assinatura_pf
bronze_shpt_obra_mensal_fds,filename
bronze_shpt_obra_mensal_fds,frente_mcmv
bronze_shpt_obra_mensal_fds,ic_invadido
bronze_shpt_obra_mensal_fds,ic_parcelam_gleba
bronze_shpt_obra_mensal_fds,ic_titularidade_eo
bronze_shpt_obra_mensal_fds,no_providencias_adotadas
bronze_shpt_obra_mensal_fds,nu_apf
bronze_shpt_obra_mensal_fds,pc_obra_prevista
bronze_shpt_obra_mensal_fds,pc_obra_realizada
bronze_shpt_obra_mensal_fds,qt_uh_a_alienar
bronze_shpt_obra_mensal_fds,qt_uh_alienada
bronze_shpt_obra_mensal_fds,qt_uh_concluidas
bronze_shpt_obra_mensal_fds,qt_uh_concluidas_adaptadas
bronze_shpt_obra_mensal_fds,qt_uh_em_construcao_parcial
bronze_shpt_obra_mensal_fds,qt_uh_ociosas_retomadas
bronze_shpt_obra_mensal_fds,qt_uh_ocupacao_irregular
bronze_shpt_obra_mensal_fds,qt_uh_registro_titulos
bronze_shpt_obra_mensal_fds,qt_uh_sem_habitese
bronze_shpt_obra_mensal_fds,vr_total_uh_a_alienar
bronze_shpt_obra_mensal_fds,vr_total_uh_alienadas
bronze_shpt_obra_mensal_fds,vr_total_uh_em_construcao
bronze_shpt_obra_mensal_fds,vr_total_uh_ociosas_retomadas
bronze_shpt_obra_mensal_fds,vr_total_uh_sem_habitese
bronze_shpt_obra_mensal_fds,vr_vigilancia
bronze_shpt_obra_mensal_rural,_ingested_at
bronze_shpt_obra_mensal_rural,_source_file
bronze_shpt_obra_mensal_rural,_source_hash
bronze_shpt_obra_mensal_rural,co_andamento_operacao
bronze_shpt_obra_mensal_rural,co_classificacao_nao_retomada
bronze_shpt_obra_mensal_rural,co_classificacao_paralisados
bronze_shpt_obra_mensal_rural,co_motivo_desimobilizacao
bronze_shpt_obra_mensal_rural,co_motivo_distrato_empreendimento
bronze_shpt_obra_mensal_rural,co_situacao_operacao
bronze_shpt_obra_mensal_rural,co_tipo_registro
bronze_shpt_obra_mensal_rural,dh_movimento
bronze_shpt_obra_mensal_rural,dt_alteracao_andamento
bronze_shpt_obra_mensal_rural,dt_alteracao_situacao
bronze_shpt_obra_mensal_rural,dt_conclusao_obra
bronze_shpt_obra_mensal_rural,dt_conclusao_obra_retomada
bronze_shpt_obra_mensal_rural,dt_contratacao_vigilancia
bronze_shpt_obra_mensal_rural,dt_entrega_do_empreendimento
bronze_shpt_obra_mensal_rural,dt_informacao_paralisacao_retomada
bronze_shpt_obra_mensal_rural,dt_invasao
bronze_shpt_obra_mensal_rural,dt_legalizacao_reg
bronze_shpt_obra_mensal_rural,dt_paralisacao
bronze_shpt_obra_mensal_rural,dt_previsao_conclusao_obra_retomada
bronze_shpt_obra_mensal_rural,dt_previsao_entrega_do_empreendimento
bronze_shpt_obra_mensal_rural,dt_primeira_assinatura_pf
bronze_shpt_obra_mensal_rural,dt_ultima_assinatura_pf
bronze_shpt_obra_mensal_rural,filename
bronze_shpt_obra_mensal_rural,frente_mcmv
bronze_shpt_obra_mensal_rural,ic_invadido
bronze_shpt_obra_mensal_rural,ic_titularidade
bronze_shpt_obra_mensal_rural,no_detalhe_paralisacao_retomada
bronze_shpt_obra_mensal_rural,no_providencias_adotadas
bronze_shpt_obra_mensal_rural,nu_apf
bronze_shpt_obra_mensal_rural,nu_qt_uh_a_alienar
bronze_shpt_obra_mensal_rural,nu_registro_parcelamento
bronze_shpt_obra_mensal_rural,pc_obra_prevista
bronze_shpt_obra_mensal_rural,pc_obra_realizada
bronze_shpt_obra_mensal_rural,qt_uh_alienada
bronze_shpt_obra_mensal_rural,qt_uh_concluidas
bronze_shpt_obra_mensal_rural,qt_uh_concluidas_adaptadas
bronze_shpt_obra_mensal_rural,qt_uh_em_construcao_parcial
bronze_shpt_obra_mensal_rural,qt_uh_ociosas_retomadas
bronze_shpt_obra_mensal_rural,qt_uh_ocupacao_irregular
bronze_shpt_obra_mensal_rural,qt_uh_registro_titulos
bronze_shpt_obra_mensal_rural,qt_uh_sem_habitese
bronze_shpt_obra_mensal_rural,vr_total_uh_a_alienar
bronze_shpt_obra_mensal_rural,vr_total_uh_alienadas
bronze_shpt_obra_mensal_rural,vr_total_uh_em_construcao
bronze_shpt_obra_mensal_rural,vr_total_uh_ociosas_retomadas
bronze_shpt_obra_mensal_rural,vr_total_uh_sem_habitese
bronze_shpt_obra_mensal_rural,vr_vigilancia
