"tabela","hash_estrutura_md5","linhas_estimadas","tamanho_total","tamanho_tabela","tamanho_indices","tamanho_toast","qtd_colunas","comentario","tuplas_vivas","tuplas_mortas","last_vacuum","last_autovacuum","last_analyze","last_autoanalyze"
caixa_001_2016_02_fevereiro_relatorio_cidades_20160229_v2,"9c59d78f5a1ff7a63874060ff2455727",533706,"168 MB","168 MB","0 bytes","8192 bytes",27,,533706,0,,2026-06-28 18:14:32.663 -0300,,2026-06-28 18:14:33.507 -0300
caixa_002_2018_bext_ago18,"31191913b70f36a5f5b9c5028f0ef46f",600794,"162 MB","162 MB","0 bytes","8192 bytes",27,,600794,0,,2026-06-28 19:04:33.705 -0300,,2026-06-28 19:04:34.472 -0300
caixa_003_2017_bext_out2017,"31191913b70f36a5f5b9c5028f0ef46f",583308,"161 MB","161 MB","0 bytes","8192 bytes",27,,583308,0,,2026-06-28 19:39:35.203 -0300,,2026-06-28 19:39:36.070 -0300
caixa_002_2018_bext_jun18,"31191913b70f36a5f5b9c5028f0ef46f",594684,"160 MB","160 MB","0 bytes","8192 bytes",27,,594684,0,,2026-06-28 19:08:33.687 -0300,,2026-06-28 19:08:34.487 -0300
caixa_002_2018_bext_mai18,"31191913b70f36a5f5b9c5028f0ef46f",592670,"160 MB","160 MB","0 bytes","8192 bytes",27,,592670,0,,2026-06-28 19:12:34.067 -0300,,2026-06-28 19:12:34.844 -0300
caixa_002_2017_bext_ago2017,"31191913b70f36a5f5b9c5028f0ef46f",578078,"160 MB","160 MB","0 bytes","8192 bytes",27,,578078,0,,2026-06-28 18:44:33.767 -0300,,2026-06-28 18:44:34.551 -0300
caixa_002_2018_bext_abr18,"31191913b70f36a5f5b9c5028f0ef46f",590228,"159 MB","159 MB","0 bytes","8192 bytes",27,,590228,0,,2026-06-28 19:00:33.483 -0300,,2026-06-28 19:00:34.257 -0300
caixa_002_2018_bext_mar18,"31191913b70f36a5f5b9c5028f0ef46f",587988,"159 MB","159 MB","0 bytes","8192 bytes",27,,587988,0,,2026-06-28 19:16:34.681 -0300,,2026-06-28 19:16:35.488 -0300
caixa_002_2017_bext_dez17,"31191913b70f36a5f5b9c5028f0ef46f",584348,"158 MB","158 MB","0 bytes","8192 bytes",27,,584348,0,,2026-06-28 18:47:33.522 -0300,,2026-06-28 18:47:34.264 -0300
caixa_003_2017_bext_mar2017,"31191913b70f36a5f5b9c5028f0ef46f",569426,"158 MB","158 MB","0 bytes","8192 bytes",27,,569426,0,,2026-06-28 19:35:34.550 -0300,,2026-06-28 19:35:35.304 -0300
caixa_003_2017_bext_mai2017,"31191913b70f36a5f5b9c5028f0ef46f",569426,"158 MB","157 MB","0 bytes","8192 bytes",27,,569426,0,,2026-06-28 19:31:33.899 -0300,,2026-06-28 19:31:34.710 -0300
caixa_003_2017_bext_jul2017,"31191913b70f36a5f5b9c5028f0ef46f",569426,"158 MB","157 MB","0 bytes","8192 bytes",27,,569426,0,,2026-06-28 19:27:33.560 -0300,,2026-06-28 19:27:34.304 -0300
caixa_002_2017_bext_abr2017,"31191913b70f36a5f5b9c5028f0ef46f",569426,"158 MB","157 MB","0 bytes","8192 bytes",27,,569426,0,,2026-06-28 18:40:33.474 -0300,,2026-06-28 18:40:34.260 -0300
caixa_003_2017_bext_jan_2017,"31191913b70f36a5f5b9c5028f0ef46f",567468,"157 MB","157 MB","0 bytes","8192 bytes",27,,567468,0,,2026-06-28 19:24:33.783 -0300,,2026-06-28 19:24:34.518 -0300
caixa_002_2017_bext_fev2017,"31191913b70f36a5f5b9c5028f0ef46f",567468,"157 MB","157 MB","0 bytes","8192 bytes",27,,567468,0,,2026-06-28 18:51:34.421 -0300,,2026-06-28 18:51:35.287 -0300
caixa_001_2016_bext_30042016,"31191913b70f36a5f5b9c5028f0ef46f",548374,"152 MB","152 MB","0 bytes","8192 bytes",27,,548374,0,,2026-06-28 18:19:32.340 -0300,,2026-06-28 18:19:33.062 -0300
caixa_001_2015_10_outubro_bext_31102015,"31191913b70f36a5f5b9c5028f0ef46f",526740,"150 MB","150 MB","0 bytes","8192 bytes",27,,526740,0,,2026-06-28 18:09:32.610 -0300,,2026-06-28 18:09:33.370 -0300
caixa_002_2015_07_julho_bext_31072015,"31191913b70f36a5f5b9c5028f0ef46f",510334,"147 MB","146 MB","0 bytes","8192 bytes",27,,510334,0,,2026-06-28 18:22:33.469 -0300,,2026-06-28 18:22:34.248 -0300
caixa_001_2015_06_junho_bext_30062015,"31191913b70f36a5f5b9c5028f0ef46f",505104,"144 MB","144 MB","0 bytes","8192 bytes",27,,505104,0,,2026-06-28 18:02:32.204 -0300,,2026-06-28 18:02:32.929 -0300
caixa_002_2016_bext_31122016,"72ec182dde2a02f917ff68681081e4b9",565557,"139 MB","139 MB","0 bytes","8192 bytes",26,,565557,0,,2026-06-28 18:32:32.245 -0300,,2026-06-28 18:32:32.935 -0300
caixa_002_2015_12_dezembro_bext_31122015,"72ec182dde2a02f917ff68681081e4b9",531575,"136 MB","136 MB","0 bytes","8192 bytes",26,,531575,0,,2026-06-28 18:27:32.271 -0300,,2026-06-28 18:27:32.960 -0300
bb_2018_2018_10_30_pj_pf,"8ad19cea89e5afd4f1cb2a4b3a74154e",463290,"95 MB","95 MB","0 bytes","8192 bytes",18,,463290,0,,2026-06-28 17:40:30.436 -0300,,2026-06-28 17:40:30.941 -0300
bb_2018_2018_10_01_pj_pf,"8ad19cea89e5afd4f1cb2a4b3a74154e",453934,"93 MB","93 MB","0 bytes","8192 bytes",18,,453934,0,,2026-06-28 17:37:30.367 -0300,,2026-06-28 17:37:30.865 -0300
bb_2018_2018_09_10_pj_pf,"8ad19cea89e5afd4f1cb2a4b3a74154e",447388,"92 MB","92 MB","0 bytes","8192 bytes",18,,447388,0,,2026-06-28 17:33:30.284 -0300,,2026-06-28 17:33:30.764 -0300
bb_2018_2018_08_06_pj_pf,"8ad19cea89e5afd4f1cb2a4b3a74154e",439992,"91 MB","91 MB","0 bytes","8192 bytes",18,,439992,0,,2026-06-28 17:30:30.238 -0300,,2026-06-28 17:30:30.727 -0300
bb_2018_2018_07_03_pj_pf,"57a9b2bd08a0a49ae6521d7ae055bd85",436298,"90 MB","90 MB","0 bytes","8192 bytes",18,,436298,0,,2026-06-28 17:26:30.148 -0300,,2026-06-28 17:26:30.523 -0300
bb_2018_2018_06_10_pj_pf,"57a9b2bd08a0a49ae6521d7ae055bd85",429472,"88 MB","88 MB","0 bytes","8192 bytes",18,,429472,0,,2026-06-28 17:23:30.091 -0300,,2026-06-28 17:23:30.464 -0300
bb_2018_2018_05_10_pj_pf,"8ad19cea89e5afd4f1cb2a4b3a74154e",413964,"85 MB","85 MB","0 bytes","8192 bytes",18,,413964,0,,2026-06-28 17:20:30.021 -0300,,2026-06-28 17:20:30.505 -0300
bb_2019_2019_05_07_pj_pf,"575f0ded42322ba71e2ca1d81463c34c",482750,"85 MB","84 MB","0 bytes","8192 bytes",17,,482750,0,,2026-06-28 17:46:30.496 -0300,,2026-06-28 17:46:30.924 -0300
bb_2018_2018_04_06_pj_pf,"57a9b2bd08a0a49ae6521d7ae055bd85",406360,"84 MB","84 MB","0 bytes","8192 bytes",18,,406360,0,,2026-06-28 17:17:29.963 -0300,,2026-06-28 17:17:30.333 -0300
bb_2016_06_junho_2016_06_30_min_cidades_pj_pf,"57a9b2bd08a0a49ae6521d7ae055bd85",301590,"69 MB","69 MB","0 bytes","8192 bytes",18,,301590,0,,2026-06-28 17:12:30.217 -0300,,2026-06-28 17:12:30.580 -0300
bb_2016_05_maio_2016_05_31_min_cidades_pj_pf,"57a9b2bd08a0a49ae6521d7ae055bd85",293560,"68 MB","67 MB","0 bytes","8192 bytes",18,,293560,0,,2026-06-28 17:09:29.766 -0300,,2026-06-28 17:09:30.100 -0300
bb_2016_07_julho_min_cidades_pj_pf,"57a9b2bd08a0a49ae6521d7ae055bd85",310302,"66 MB","66 MB","0 bytes","8192 bytes",18,,310302,0,,2026-06-28 17:14:29.844 -0300,,2026-06-28 17:14:30.173 -0300
bb_2016_04_abril_min_cidades_pj_pf,"57a9b2bd08a0a49ae6521d7ae055bd85",286836,"61 MB","61 MB","0 bytes","8192 bytes",18,,286836,0,,2026-06-28 17:07:29.749 -0300,,2026-06-28 17:07:30.072 -0300
bb_2019_2019_03_07_pf_pf,"72298f7199b5bd22b5f2e2dcae0c0323",256854,"58 MB","58 MB","0 bytes","8192 bytes",20,,256854,0,,2026-06-28 17:42:30.344 -0300,,2026-06-28 17:42:30.747 -0300
bb_2016_02_fevereiro_2016_02_29_min_cidades_pj_pf,"57a9b2bd08a0a49ae6521d7ae055bd85",246374,"57 MB","57 MB","0 bytes","8192 bytes",18,,246374,0,,2026-06-28 17:04:29.650 -0300,,2026-06-28 17:04:29.971 -0300
bb_2016_01_janeiro_2016_01_31_min_cidades_pj_pf,"57a9b2bd08a0a49ae6521d7ae055bd85",244616,"56 MB","56 MB","0 bytes","8192 bytes",18,,244616,0,,2026-06-28 17:02:29.625 -0300,,2026-06-28 17:02:29.942 -0300
bb_2018_2018_10_01_pf_pf,"72298f7199b5bd22b5f2e2dcae0c0323",244860,"56 MB","56 MB","0 bytes","8192 bytes",20,,244860,0,,2026-06-28 17:35:30.212 -0300,,2026-06-28 17:35:30.636 -0300
bb_2018_2018_09_10_pf_pf,"72298f7199b5bd22b5f2e2dcae0c0323",242928,"55 MB","55 MB","0 bytes","8192 bytes",20,,242928,0,,2026-06-28 17:31:30.129 -0300,,2026-06-28 17:31:30.530 -0300
bb_2018_2018_10_30_pf_pf,"72298f7199b5bd22b5f2e2dcae0c0323",247770,"55 MB","55 MB","0 bytes","8192 bytes",20,,247770,0,,2026-06-28 17:38:30.266 -0300,,2026-06-28 17:38:30.682 -0300
bb_2018_2018_08_06_pf_pf,"72298f7199b5bd22b5f2e2dcae0c0323",239848,"54 MB","54 MB","0 bytes","8192 bytes",20,,239848,0,,2026-06-28 17:28:30.080 -0300,,2026-06-28 17:28:30.511 -0300
bb_2015_12_dezembro_min_cidades_pj_pf,"57a9b2bd08a0a49ae6521d7ae055bd85",243122,"54 MB","54 MB","0 bytes","8192 bytes",18,,243122,0,,2026-06-28 17:00:29.582 -0300,,2026-06-28 17:00:29.898 -0300
bb_2018_2018_07_03_pf_pf,"98a4f492d8de43ed5e0cfb1a453de07c",236850,"53 MB","53 MB","0 bytes","8192 bytes",20,,236850,0,,2026-06-28 17:25:30.020 -0300,,2026-06-28 17:25:30.329 -0300
bb_2018_2018_05_10_pf_pf,"72298f7199b5bd22b5f2e2dcae0c0323",232432,"53 MB","53 MB","0 bytes","8192 bytes",20,,232432,0,,2026-06-28 17:18:29.878 -0300,,2026-06-28 17:18:30.284 -0300
aixa_001_2016_02_fevereiro_relatorio_cidades__entregas_20160229,f88715143a857d6043d46713ab41919b,289584,"53 MB","53 MB","0 bytes","8192 bytes",9,,289584,0,,2026-06-28 16:34:29.109 -0300,,2026-06-28 16:34:29.352 -0300
bb_2018_2018_06_10_pf_pf,"98a4f492d8de43ed5e0cfb1a453de07c",234842,"52 MB","52 MB","0 bytes","8192 bytes",20,,234842,0,,2026-06-28 17:21:29.939 -0300,,2026-06-28 17:21:30.231 -0300
bb_2018_2018_04_06_pf_pf,"98a4f492d8de43ed5e0cfb1a453de07c",230204,"51 MB","51 MB","0 bytes","8192 bytes",20,,230204,0,,2026-06-28 17:15:29.822 -0300,,2026-06-28 17:15:30.134 -0300
bb_2015_10_outubro_min_cidades_pj_pf,"57a9b2bd08a0a49ae6521d7ae055bd85",229446,"51 MB","51 MB","0 bytes","8192 bytes",18,,229446,0,,2026-06-28 16:58:29.540 -0300,,2026-06-28 16:58:29.877 -0300
bb_2015_09_setembro_min_cidades_pj_pf,"57a9b2bd08a0a49ae6521d7ae055bd85",225374,"50 MB","50 MB","0 bytes","8192 bytes",18,,225374,0,,2026-06-28 16:56:29.519 -0300,,2026-06-28 16:56:29.842 -0300
caixa_001_2015_07_julho_min_cidades_pj_pf,"57a9b2bd08a0a49ae6521d7ae055bd85",213794,"49 MB","49 MB","0 bytes","8192 bytes",18,,213794,0,,2026-06-28 18:05:30.689 -0300,,2026-06-28 18:05:31.007 -0300
bb_2015_08_agosto_min_cidades_pj_pf,"57a9b2bd08a0a49ae6521d7ae055bd85",219008,"49 MB","49 MB","0 bytes","8192 bytes",18,,219008,0,,2026-06-28 16:54:29.476 -0300,,2026-06-28 16:54:29.783 -0300
bb_2016_06_junho_2016_06_30_min_cidades_pf_pf,"98a4f492d8de43ed5e0cfb1a453de07c",196188,"48 MB","48 MB","0 bytes","8192 bytes",20,,196188,0,,2026-06-28 17:10:29.721 -0300,,2026-06-28 17:10:30.019 -0300
bb_2015_05_maio_2015_05_31_min_cidades_pj_pf,"57a9b2bd08a0a49ae6521d7ae055bd85",200688,"46 MB","46 MB","0 bytes","8192 bytes",18,,200688,0,,2026-06-28 16:50:29.426 -0300,,2026-06-28 16:50:29.736 -0300
bb_2016_05_maio_2016_05_31_min_cidades_pf_pf,"98a4f492d8de43ed5e0cfb1a453de07c",192822,"46 MB","46 MB","0 bytes","8192 bytes",20,,192822,0,,2026-06-28 17:07:30.250 -0300,,2026-06-28 17:07:30.525 -0300
bb_2016_07_julho_min_cidades_pf_pf,"98a4f492d8de43ed5e0cfb1a453de07c",199028,"46 MB","46 MB","0 bytes","8192 bytes",20,,199028,0,,2026-06-28 17:13:29.759 -0300,,2026-06-28 17:13:30.048 -0300
bb_2016_02_fevereiro_2016_02_29_min_cidades_pf_pf,"98a4f492d8de43ed5e0cfb1a453de07c",181296,"44 MB","44 MB","0 bytes","8192 bytes",20,,181296,0,,2026-06-28 17:03:29.587 -0300,,2026-06-28 17:03:29.875 -0300
bb_2015_06_junho_min_cidades_pj_pf,"57a9b2bd08a0a49ae6521d7ae055bd85",208324,"44 MB","44 MB","0 bytes","8192 bytes",18,,208324,0,,2026-06-28 16:52:29.439 -0300,,2026-06-28 16:52:29.735 -0300
bb_2016_04_abril_min_cidades_pf_pf,"98a4f492d8de43ed5e0cfb1a453de07c",190980,"44 MB","44 MB","0 bytes","8192 bytes",20,,190980,0,,2026-06-28 17:05:29.653 -0300,,2026-06-28 17:05:29.921 -0300
bb_2016_01_janeiro_2016_01_31_min_cidades_pf_pf,"98a4f492d8de43ed5e0cfb1a453de07c",178032,"44 MB","43 MB","0 bytes","8192 bytes",20,,178032,0,,2026-06-28 17:00:30.063 -0300,,2026-06-28 17:00:30.346 -0300
bb_2019_2019_05_07_pf_pf,b151637e86f9e39db665ed39843beb46,261114,"43 MB","43 MB","0 bytes","8192 bytes",19,,261114,0,,2026-06-28 17:43:30.299 -0300,,2026-06-28 17:43:30.645 -0300
bb_2015_12_dezembro_min_cidades_pf_pf,"98a4f492d8de43ed5e0cfb1a453de07c",176774,"42 MB","42 MB","0 bytes","8192 bytes",20,,176774,0,,2026-06-28 16:58:30.045 -0300,,2026-06-28 16:58:30.326 -0300
bb_2015_04_abril_min_cidades_pj_pf,"57a9b2bd08a0a49ae6521d7ae055bd85",194400,"41 MB","41 MB","0 bytes","8192 bytes",18,,194400,0,,2026-06-28 16:48:29.748 -0300,,2026-06-28 16:48:30.031 -0300
bb_2015_10_outubro_min_cidades_pf_pf,"98a4f492d8de43ed5e0cfb1a453de07c",169482,"40 MB","40 MB","0 bytes","8192 bytes",20,,169482,0,,2026-06-28 16:56:30.000 -0300,,2026-06-28 16:56:30.274 -0300
bb_2015_02_fevereiro_min_cidades_pj_pf,"57a9b2bd08a0a49ae6521d7ae055bd85",175916,"39 MB","39 MB","0 bytes","8192 bytes",18,,175916,0,,2026-06-28 16:45:29.342 -0300,,2026-06-28 16:45:29.621 -0300
bb_2015_01_janeiro_2015_01_31_min_cidades_pj_pf,"57a9b2bd08a0a49ae6521d7ae055bd85",169260,"39 MB","39 MB","0 bytes","8192 bytes",18,,169260,0,,2026-06-28 16:44:29.295 -0300,,2026-06-28 16:44:29.601 -0300
bb_2015_09_setembro_min_cidades_pf_pf,"98a4f492d8de43ed5e0cfb1a453de07c",163772,"39 MB","39 MB","0 bytes","8192 bytes",20,,163772,0,,2026-06-28 16:55:29.472 -0300,,2026-06-28 16:55:29.775 -0300
bb_2015_01_janeiro_2015_01_15_min_cidades_pj_pf,"57a9b2bd08a0a49ae6521d7ae055bd85",166454,"38 MB","38 MB","0 bytes","8192 bytes",18,,166454,0,,2026-06-28 16:42:29.303 -0300,,2026-06-28 16:42:29.618 -0300
bb_2015_03_marco_min_cidades_pj_pf,"57a9b2bd08a0a49ae6521d7ae055bd85",180232,"38 MB","38 MB","0 bytes","8192 bytes",18,,180232,0,,2026-06-28 16:47:29.346 -0300,,2026-06-28 16:47:29.658 -0300
caixa_001_2015_07_julho_min_cidades_pf_pf,"98a4f492d8de43ed5e0cfb1a453de07c",153170,"37 MB","37 MB","0 bytes","8192 bytes",20,,153170,0,,2026-06-28 18:04:30.631 -0300,,2026-06-28 18:04:30.919 -0300
bb_2015_08_agosto_min_cidades_pf_pf,"98a4f492d8de43ed5e0cfb1a453de07c",157924,"37 MB","37 MB","0 bytes","8192 bytes",20,,157924,0,,2026-06-28 16:53:29.428 -0300,,2026-06-28 16:53:29.712 -0300
bb_2014_12_dezembro_min_cidades_pj_pf,"57a9b2bd08a0a49ae6521d7ae055bd85",164470,"37 MB","37 MB","0 bytes","8192 bytes",18,,164470,0,,2026-06-28 16:41:29.249 -0300,,2026-06-28 16:41:29.539 -0300
bb_2014_11_novembro_3011_min_cidades_pj_pf,"57a9b2bd08a0a49ae6521d7ae055bd85",157446,"35 MB","35 MB","0 bytes","8192 bytes",18,,157446,0,,2026-06-28 16:39:29.572 -0300,,2026-06-28 16:39:29.860 -0300
bb_2015_05_maio_2015_05_31_min_cidades_pf_pf,"98a4f492d8de43ed5e0cfb1a453de07c",141620,"35 MB","35 MB","0 bytes","8192 bytes",20,,141620,0,,2026-06-28 16:49:29.368 -0300,,2026-06-28 16:49:29.636 -0300
bb_2014_10_outubro_2014_10_30_min_cidades_pj_pf,"57a9b2bd08a0a49ae6521d7ae055bd85",148948,"34 MB","34 MB","0 bytes","8192 bytes",18,,148948,0,,2026-06-28 16:38:29.181 -0300,,2026-06-28 16:38:29.461 -0300
bb_2015_06_junho_min_cidades_pf_pf,"98a4f492d8de43ed5e0cfb1a453de07c",148010,"34 MB","34 MB","0 bytes","8192 bytes",20,,148010,0,,2026-06-28 16:51:29.408 -0300,,2026-06-28 16:51:29.688 -0300
bb_2015_04_abril_min_cidades_pf_pf,"98a4f492d8de43ed5e0cfb1a453de07c",135648,"31 MB","31 MB","0 bytes","8192 bytes",20,,135648,0,,2026-06-28 16:48:29.337 -0300,,2026-06-28 16:48:29.591 -0300
bb_2015_02_fevereiro_min_cidades_pf_pf,"98a4f492d8de43ed5e0cfb1a453de07c",123090,"29 MB","29 MB","0 bytes","8192 bytes",20,,123090,0,,2026-06-28 16:44:29.699 -0300,,2026-06-28 16:44:29.954 -0300
bb_2015_03_marco_min_cidades_pf_pf,"98a4f492d8de43ed5e0cfb1a453de07c",126234,"29 MB","29 MB","0 bytes","8192 bytes",20,,126234,0,,2026-06-28 16:46:29.332 -0300,,2026-06-28 16:46:29.590 -0300
bb_2015_01_janeiro_2015_01_31_min_cidades_pf_pf,"98a4f492d8de43ed5e0cfb1a453de07c",117338,"29 MB","29 MB","0 bytes","8192 bytes",20,,117338,0,,2026-06-28 16:43:29.276 -0300,,2026-06-28 16:43:29.530 -0300
bb_2015_01_janeiro_2015_01_15_min_cidades_pf_pf,"98a4f492d8de43ed5e0cfb1a453de07c",114306,"28 MB","28 MB","0 bytes","8192 bytes",20,,114306,0,,2026-06-28 16:41:29.680 -0300,,2026-06-28 16:41:29.928 -0300
caixa_002_2018_bases_relat_rio_executivo_ago2018,"04eb584078402a87b15d95251ccd73cb",52839,"28 MB","27 MB","0 bytes","8192 bytes",45,,52839,0,,2026-06-28 18:56:31.474 -0300,,2026-06-28 18:56:32.418 -0300
caixa_002_2018_bases_relat_rio_executivo_jun2018,"04eb584078402a87b15d95251ccd73cb",51957,"27 MB","27 MB","0 bytes","8192 bytes",45,,51957,0,,2026-06-28 18:53:31.433 -0300,,2026-06-28 18:53:32.400 -0300
caixa_002_2018_bases_relat_rio_executivo_mai2018,"04eb584078402a87b15d95251ccd73cb",51545,"27 MB","27 MB","0 bytes","8192 bytes",45,,51545,0,,2026-06-28 18:54:31.437 -0300,,2026-06-28 18:54:32.395 -0300
caixa_002_2018_bases_relat_rio_executivo_abr2018_v2,"04eb584078402a87b15d95251ccd73cb",51145,"27 MB","27 MB","0 bytes","8192 bytes",45,,51145,0,,2026-06-28 18:52:31.407 -0300,,2026-06-28 18:52:32.343 -0300
bb_2014_12_dezembro_min_cidades_pf_pf,"98a4f492d8de43ed5e0cfb1a453de07c",111596,"26 MB","26 MB","0 bytes","8192 bytes",20,,111596,0,,2026-06-28 16:40:29.220 -0300,,2026-06-28 16:40:29.473 -0300
caixa_002_2018_bases_relat_rio_executivo_abr2018,"04eb584078402a87b15d95251ccd73cb",51145,"26 MB","26 MB","0 bytes","8192 bytes",45,,51145,0,,2026-06-28 18:51:35.374 -0300,,2026-06-28 18:51:36.263 -0300
caixa_002_2018_bases_relat_rio_executivo_mar18,"04eb584078402a87b15d95251ccd73cb",49153,"26 MB","26 MB","0 bytes","8192 bytes",45,,49153,0,,2026-06-28 18:55:31.454 -0300,,2026-06-28 18:55:32.409 -0300
caixa_002_2017_bases_relat_rio_executivo_dez17,"04eb584078402a87b15d95251ccd73cb",47883,"25 MB","25 MB","0 bytes","8192 bytes",45,,47883,0,,2026-06-28 18:36:31.123 -0300,,2026-06-28 18:36:32.102 -0300
bb_2014_11_novembro_3011_min_cidades_pf_pf,"98a4f492d8de43ed5e0cfb1a453de07c",104880,"25 MB","25 MB","0 bytes","8192 bytes",20,,104880,0,,2026-06-28 16:39:29.169 -0300,,2026-06-28 16:39:29.431 -0300
caixa_003_2017_bases_relat_rio_executivo_nov17,"04eb584078402a87b15d95251ccd73cb",47523,"25 MB","25 MB","0 bytes","8192 bytes",45,,47523,0,,2026-06-28 19:21:31.817 -0300,,2026-06-28 19:21:32.741 -0300
bb_2014_10_outubro_2014_10_30_min_cidades_pf_pf,"98a4f492d8de43ed5e0cfb1a453de07c",98270,"24 MB","24 MB","0 bytes","8192 bytes",20,,98270,0,,2026-06-28 16:37:29.259 -0300,,2026-06-28 16:37:29.502 -0300
caixa_002_2017_bases_relat_rio_executivo_ago2017,"04eb584078402a87b15d95251ccd73cb",44755,"24 MB","23 MB","0 bytes","8192 bytes",45,,44755,0,,2026-06-28 18:34:31.082 -0300,,2026-06-28 18:34:32.026 -0300
caixa_003_2017_bases_relat_rio_executivo_jul2017,"04eb584078402a87b15d95251ccd73cb",44357,"23 MB","23 MB","0 bytes","8192 bytes",45,,44357,0,,2026-06-28 19:17:32.735 -0300,,2026-06-28 19:17:33.638 -0300
caixa_002_2016_08_agosto_bases_relat_rio_executivo_31082016,"04eb584078402a87b15d95251ccd73cb",42055,"23 MB","23 MB","0 bytes","8192 bytes",45,,42055,0,,2026-06-28 18:28:30.980 -0300,,2026-06-28 18:28:31.900 -0300
caixa_003_2017_bases_relat_rio_executivo_jun2017,"04eb584078402a87b15d95251ccd73cb",43741,"23 MB","23 MB","0 bytes","8192 bytes",45,,43741,0,,2026-06-28 19:18:31.756 -0300,,2026-06-28 19:18:32.683 -0300
caixa_003_2017_bases_relat_rio_executivo_mai2017,"04eb584078402a87b15d95251ccd73cb",43689,"23 MB","23 MB","0 bytes","8192 bytes",45,,43689,0,,2026-06-28 19:19:31.772 -0300,,2026-06-28 19:19:32.700 -0300
caixa_002_2017_bases_relat_rio_executivo_abr2017,"04eb584078402a87b15d95251ccd73cb",43343,"23 MB","23 MB","0 bytes","8192 bytes",45,,43343,0,,2026-06-28 18:33:31.061 -0300,,2026-06-28 18:33:31.999 -0300
caixa_003_2017_bases_relat_rio_executivo_mar2017,"04eb584078402a87b15d95251ccd73cb",42989,"23 MB","23 MB","0 bytes","8192 bytes",45,,42989,0,,2026-06-28 19:20:31.795 -0300,,2026-06-28 19:20:32.746 -0300
caixa_002_2017_bases_relat_rio_executivo_fev2017,"04eb584078402a87b15d95251ccd73cb",42861,"23 MB","23 MB","0 bytes","8192 bytes",45,,42861,0,,2026-06-28 18:35:31.099 -0300,,2026-06-28 18:35:32.039 -0300
caixa_003_2017_bases_relat_rio_executivo_31012017,"04eb584078402a87b15d95251ccd73cb",42819,"23 MB","23 MB","0 bytes","8192 bytes",45,,42819,0,,2026-06-28 19:17:31.747 -0300,,2026-06-28 19:17:32.662 -0300
caixa_002_2016_bases_relat_rio_executivo_31122016,"04eb584078402a87b15d95251ccd73cb",42671,"22 MB","22 MB","0 bytes","8192 bytes",45,,42671,0,,2026-06-28 18:29:31.000 -0300,,2026-06-28 18:29:31.902 -0300
aixa_001_2015_12_dezembro_bases_relat_rio_executivo_31122015v2,"491efb7b4e1867f39321d29aeb40bda3",39199,"21 MB","21 MB","0 bytes","8192 bytes",39,,39199,0,,2026-06-28 16:33:29.936 -0300,,2026-06-28 16:33:30.751 -0300
caixa_001_2015_04_abril_bases_relat_rio_executivo_30042015_v2,c2955f5606072452049436b141ff962d,37096,"21 MB","21 MB","0 bytes","8192 bytes",39,,37096,0,,2026-06-28 17:58:30.476 -0300,,2026-06-28 17:58:31.286 -0300
caixa_001_2015_11_novembro_bases_relat_rio_executivo_30112015,"491efb7b4e1867f39321d29aeb40bda3",38897,"20 MB","20 MB","0 bytes","8192 bytes",39,,38897,0,,2026-06-28 18:10:30.666 -0300,,2026-06-28 18:10:31.498 -0300
caixa_002_2015_12_dezembro_bases_relat_rio_executivo_31122015,"491efb7b4e1867f39321d29aeb40bda3",39199,"20 MB","20 MB","0 bytes","8192 bytes",39,,39199,0,,2026-06-28 18:24:30.901 -0300,,2026-06-28 18:24:31.723 -0300
caixa_001_2014_11_novembro_bases_relat_rio_executivo_30112014,"4b765582cd03132819791dc644e5204b",35532,"20 MB","20 MB","0 bytes","8192 bytes",40,,35532,0,,2026-06-28 17:55:31.655 -0300,,2026-06-28 17:55:32.520 -0300
caixa_002_2015_08_agosto_bases_relat_rio_executivo_31082015,"491efb7b4e1867f39321d29aeb40bda3",38245,"20 MB","20 MB","0 bytes","8192 bytes",39,,38245,0,,2026-06-28 18:23:30.889 -0300,,2026-06-28 18:23:31.715 -0300
caixa_001_2015_04_abril_bases_relat_rio_executivo_30042015,c2955f5606072452049436b141ff962d,36882,"20 MB","20 MB","0 bytes","8192 bytes",39,,36882,0,,2026-06-28 17:57:31.341 -0300,,2026-06-28 17:57:32.139 -0300
caixa_001_2015_10_outubro_bases_relat_rio_executivo_31102015,"491efb7b4e1867f39321d29aeb40bda3",38635,"20 MB","20 MB","0 bytes","8192 bytes",39,,38635,0,,2026-06-28 18:05:31.072 -0300,,2026-06-28 18:05:31.929 -0300
caixa_001_2014_11_novembro_bases_relat_rio_executivo_15112014,"4b765582cd03132819791dc644e5204b",35188,"20 MB","20 MB","0 bytes","8192 bytes",40,,35188,0,,2026-06-28 17:55:30.713 -0300,,2026-06-28 17:55:31.592 -0300
aixa_001_2014_12_dezembro_bases_relat_rio_executivo_31122014_v,"8913d82ae5c56db9f59139ebcc85a248",36202,"20 MB","20 MB","0 bytes","8192 bytes",40,,36202,0,,2026-06-28 16:33:28.998 -0300,,2026-06-28 16:33:29.866 -0300
caixa_002_2015_08_agosto_bases_relat_rio_executivo_12082015,"491efb7b4e1867f39321d29aeb40bda3",37997,"20 MB","20 MB","0 bytes","8192 bytes",39,,37997,0,,2026-06-28 18:22:34.311 -0300,,2026-06-28 18:22:35.138 -0300
caixa_001_2015_07_julho_bases_relat_rio_executivo_31072015,"491efb7b4e1867f39321d29aeb40bda3",37977,"20 MB","19 MB","0 bytes","8192 bytes",39,,37977,0,,2026-06-28 18:03:30.552 -0300,,2026-06-28 18:03:31.396 -0300
caixa_001_2015_06_junho_bases_relat_rio_executivo_30062015,ce24b46fcaa5c83227caff4f76b56bb0,37603,"19 MB","19 MB","0 bytes","8192 bytes",38,,37603,0,,2026-06-28 17:59:31.383 -0300,,2026-06-28 17:59:32.185 -0300
caixa_001_2015_05_maio_bases_relat_rio_executivo_31052015,ce24b46fcaa5c83227caff4f76b56bb0,37331,"19 MB","19 MB","0 bytes","8192 bytes",38,,37331,0,,2026-06-28 17:59:30.496 -0300,,2026-06-28 17:59:31.319 -0300
elatorio_executivo_31102014_bases_relat_rio_executivo_31102014,"4b765582cd03132819791dc644e5204b",34270,"19 MB","19 MB","0 bytes","8192 bytes",40,,34270,0,,2026-06-28 19:39:36.179 -0300,,2026-06-28 19:39:37.025 -0300
caixa_001_2016_bases_relat_rio_executivo_30042016,"04eb584078402a87b15d95251ccd73cb",40053,"19 MB","19 MB","0 bytes","8192 bytes",45,,40053,0,,2026-06-28 18:15:30.743 -0300,,2026-06-28 18:15:31.544 -0300
caixa_001_2015_03_marco_bases_relat_rio_executivo_31032015,"5fb8ca7df6af72655b7d318a4c833468",36883,"19 MB","18 MB","0 bytes","8192 bytes",39,,36883,0,,2026-06-28 17:57:30.449 -0300,,2026-06-28 17:57:31.278 -0300
caixa_001_2015_02_fevereiro_bases_relat_rio_executivo_28022015,"5fb8ca7df6af72655b7d318a4c833468",36705,"18 MB","18 MB","0 bytes","8192 bytes",39,,36705,0,,2026-06-28 17:56:31.326 -0300,,2026-06-28 17:56:32.143 -0300
caixa_001_2015_01_janeiro_bases_relat_rio_executivo_31012015,"5fb8ca7df6af72655b7d318a4c833468",36597,"18 MB","18 MB","0 bytes","8192 bytes",39,,36597,0,,2026-06-28 17:56:30.432 -0300,,2026-06-28 17:56:31.267 -0300
caixa_001_2013_12___dezembro_bases_relat_rio_executivo,"4b765582cd03132819791dc644e5204b",29888,"17 MB","17 MB","0 bytes","8192 bytes",40,,29888,0,,2026-06-28 17:54:31.120 -0300,,2026-06-28 17:54:31.951 -0300
historico_recente_202601_snh_pmcmv_dados_prioritarios_af_caixa,a1dc4b5aa69bc29f39bcf98fd54133e2,29846,"14 MB","14 MB","0 bytes","8192 bytes",45,,29846,0,,2026-06-28 19:47:32.501 -0300,,2026-06-28 19:47:33.334 -0300
historico_recente_202603_snh_pmcmv_dados_prioritarios_af_caixa,a1dc4b5aa69bc29f39bcf98fd54133e2,29906,"14 MB","14 MB","0 bytes","8192 bytes",45,,29906,0,,2026-06-28 19:48:32.216 -0300,,2026-06-28 19:48:33.054 -0300
historico_recente_202512_snh_pmcmv_dados_prioritarios_af_caixa,a1dc4b5aa69bc29f39bcf98fd54133e2,29826,"14 MB","14 MB","0 bytes","8192 bytes",45,,29826,0,,2026-06-28 19:46:33.111 -0300,,2026-06-28 19:46:33.943 -0300
historico_recente_202511_snh_pmcmv_dados_prioritarios_af_caixa,a1dc4b5aa69bc29f39bcf98fd54133e2,29686,"14 MB","14 MB","0 bytes","8192 bytes",45,,29686,0,,2026-06-28 19:46:32.170 -0300,,2026-06-28 19:46:33.022 -0300
historico_recente_202602_snh_pmcmv_dados_prioritarios_af_caixa,a1dc4b5aa69bc29f39bcf98fd54133e2,29866,"14 MB","14 MB","0 bytes","8192 bytes",45,,29866,0,,2026-06-28 19:47:33.420 -0300,,2026-06-28 19:47:34.228 -0300
historico_recente_202510_snh_pmcmv_dados_prioritarios_af_caixa,a1dc4b5aa69bc29f39bcf98fd54133e2,29624,"14 MB","14 MB","0 bytes","8192 bytes",45,,29624,0,,2026-06-28 19:45:33.912 -0300,,2026-06-28 19:45:34.725 -0300
historico_recente_202509_snh_pmcmv_dados_prioritarios_af_caixa,a1dc4b5aa69bc29f39bcf98fd54133e2,29042,"13 MB","13 MB","0 bytes","8192 bytes",45,,29042,0,,2026-06-28 19:45:33.022 -0300,,2026-06-28 19:45:33.829 -0300
historico_recente_202508_snh_pmcmv_dados_prioritarios_af_caixa,a1dc4b5aa69bc29f39bcf98fd54133e2,28532,"13 MB","13 MB","0 bytes","8192 bytes",45,,28532,0,,2026-06-28 19:45:32.152 -0300,,2026-06-28 19:45:32.939 -0300
historico_recente_202507_snh_pmcmv_dados_prioritarios_af_caixa,a1dc4b5aa69bc29f39bcf98fd54133e2,28038,"13 MB","13 MB","0 bytes","8192 bytes",45,,28038,0,,2026-06-28 19:44:33.017 -0300,,2026-06-28 19:44:33.809 -0300
caixa_001_2013_05___maio_bases_relat_rio_executivo_150513,"4b765582cd03132819791dc644e5204b",23314,"13 MB","13 MB","0 bytes","8192 bytes",40,,23314,0,,2026-06-28 17:54:30.381 -0300,,2026-06-28 17:54:31.067 -0300
historico_recente_202504_snh_pmcmv_dados_prioritarios_af_caixa,"6d4e00d6211a8b254cd4c1e1f2f33e7f",26704,"13 MB","13 MB","0 bytes","8192 bytes",44,,26704,0,,2026-06-28 19:43:32.132 -0300,,2026-06-28 19:43:32.847 -0300
caixa_001_2013_04___abril_bases_relat_rio_executivo_30042013,"4b765582cd03132819791dc644e5204b",23046,"13 MB","13 MB","0 bytes","8192 bytes",40,,23046,0,,2026-06-28 17:53:31.035 -0300,,2026-06-28 17:53:31.681 -0300
historico_recente_202506_snh_pmcmv_dados_prioritarios_af_caixa,"6d4e00d6211a8b254cd4c1e1f2f33e7f",27718,"13 MB","13 MB","0 bytes","8192 bytes",44,,27718,0,,2026-06-28 19:44:32.152 -0300,,2026-06-28 19:44:32.933 -0300
historico_recente_202505_snh_pmcmv_dados_prioritarios_af_caixa,"6d4e00d6211a8b254cd4c1e1f2f33e7f",27308,"13 MB","13 MB","0 bytes","8192 bytes",44,,27308,0,,2026-06-28 19:43:32.931 -0300,,2026-06-28 19:43:33.673 -0300
caixa_001_2013_03___mar_o_bases_relat_rio_executivo_28032013,"4b765582cd03132819791dc644e5204b",22602,"13 MB","13 MB","0 bytes","8192 bytes",40,,22602,0,,2026-06-28 17:52:31.627 -0300,,2026-06-28 17:52:32.249 -0300
historico_recente_202503_snh_pmcmv_dados_prioritarios_af_caixa,"6d4e00d6211a8b254cd4c1e1f2f33e7f",26288,"13 MB","13 MB","0 bytes","8192 bytes",44,,26288,0,,2026-06-28 19:42:33.545 -0300,,2026-06-28 19:42:34.188 -0300
historico_recente_202502_snh_pmcmv_dados_prioritarios_af_caixa,"6d4e00d6211a8b254cd4c1e1f2f33e7f",26072,"12 MB","12 MB","0 bytes","8192 bytes",44,,26072,0,,2026-06-28 19:42:32.821 -0300,,2026-06-28 19:42:33.465 -0300
historico_recente_202501_snh_pmcmv_dados_prioritarios_af_caixa,"6d4e00d6211a8b254cd4c1e1f2f33e7f",25888,"12 MB","12 MB","0 bytes","8192 bytes",44,,25888,0,,2026-06-28 19:42:32.127 -0300,,2026-06-28 19:42:32.781 -0300
caixa_001_2013_03___mar_o_bases_relat_rio_executivo_15032013,"4b765582cd03132819791dc644e5204b",22082,"12 MB","12 MB","0 bytes","8192 bytes",40,,22082,0,,2026-06-28 17:53:30.366 -0300,,2026-06-28 17:53:30.994 -0300
aixa_001_2013_02___fevereiro_bases_relat_rio_executivo_2802201,"4b765582cd03132819791dc644e5204b",21896,"12 MB","12 MB","0 bytes","8192 bytes",40,,21896,0,,2026-06-28 16:32:30.216 -0300,,2026-06-28 16:32:30.819 -0300
aixa_001_2013_02___fevereiro_bases_relat_rio_executivo_1502201,"4b765582cd03132819791dc644e5204b",21596,"12 MB","12 MB","0 bytes","8192 bytes",40,,21596,0,,2026-06-28 16:32:29.576 -0300,,2026-06-28 16:32:30.175 -0300
historico_recente_202412_snh_pmcmv_dados_prioritarios_af_caixa,"6d4e00d6211a8b254cd4c1e1f2f33e7f",25668,"12 MB","12 MB","0 bytes","8192 bytes",44,,25668,0,,2026-06-28 19:41:33.349 -0300,,2026-06-28 19:41:33.986 -0300
caixa_001_2015_datas_entregas_pj_mcmv_30062015,f001ae966dbdaf21e5822deb41212211,98955,"12 MB","12 MB","0 bytes","8192 bytes",6,,98955,0,,2026-06-28 18:10:31.538 -0300,,2026-06-28 18:10:31.661 -0300
caixa_001_2013_01___janeiro_bases_relat_rio_executivo_31012013,"4b765582cd03132819791dc644e5204b",21308,"12 MB","12 MB","0 bytes","8192 bytes",40,,21308,0,,2026-06-28 17:52:30.982 -0300,,2026-06-28 17:52:31.571 -0300
historico_recente_202411_snh_pmcmv_dados_prioritarios_af_caixa,"6d4e00d6211a8b254cd4c1e1f2f33e7f",25328,"12 MB","12 MB","0 bytes","8192 bytes",44,,25328,0,,2026-06-28 19:41:32.691 -0300,,2026-06-28 19:41:33.311 -0300
caixa_001_2012_12_dezembro_bases_relat_rio_executivo_31122012,"4b765582cd03132819791dc644e5204b",20904,"12 MB","12 MB","0 bytes","8192 bytes",40,,20904,0,,2026-06-28 17:52:30.352 -0300,,2026-06-28 17:52:30.942 -0300
bb_2013_06_junho_pmcmv_18062013_tab_contratos_pf_fgts,"25facf561394c1b3c72c311799637bf7",38232,"11 MB","11 MB","0 bytes","8192 bytes",30,,38232,0,,2026-06-28 16:36:29.522 -0300,,2026-06-28 16:36:29.886 -0300
_001_2012_04_abril_2012_04_18_5c_base_contrata__o_pf_18042012,"784a0503eccf81160ff222ffcc7dbf1a",33914,"11 MB","11 MB","0 bytes","8192 bytes",23,,33914,0,,2026-06-28 16:32:28.958 -0300,,2026-06-28 16:32:29.384 -0300
caixa_001_2012_12_dezembro_bases_relat_rio_executivo_21122012,"02e337e47d546bdcc42b295b2f57b3d1",20092,"11 MB","11 MB","0 bytes","8192 bytes",38,,20092,0,,2026-06-28 17:51:32.049 -0300,,2026-06-28 17:51:32.597 -0300
caixa_001_2012_11_novembro_bases_relat_rio_executivo_28112012,"0baf402ba5f18b872e89bb03ef8c2c7f",19398,"11 MB","11 MB","0 bytes","8192 bytes",38,,19398,0,,2026-06-28 17:51:31.477 -0300,,2026-06-28 17:51:32.011 -0300
caixa_001_2012_11_novembro_bases_relat_rio_executivo_12112012,"4b765582cd03132819791dc644e5204b",19036,"11 MB","11 MB","0 bytes","8192 bytes",40,,19036,0,,2026-06-28 17:51:30.909 -0300,,2026-06-28 17:51:31.442 -0300
caixa_001_2012_10_outubro_bases_relat_rio_executivo_31102012,"4b765582cd03132819791dc644e5204b",18738,"10 MB","10 MB","0 bytes","8192 bytes",40,,18738,0,,2026-06-28 17:51:30.326 -0300,,2026-06-28 17:51:30.873 -0300
_001_2012_10_outubro_20121009_bases_relat_rio_executivo_1610201,"4b765582cd03132819791dc644e5204b",18352,"10 MB","10 MB","0 bytes","8192 bytes",40,,18352,0,,2026-06-28 16:30:29.525 -0300,,2026-06-28 16:30:30.040 -0300
_001_2012_10_outubro_20121009_bases_relat_rio_executivo_0910201,"4b765582cd03132819791dc644e5204b",18244,"10 MB","10 MB","0 bytes","8192 bytes",40,,18244,0,,2026-06-28 16:30:28.964 -0300,,2026-06-28 16:30:29.490 -0300
atorio_executivo_30092012_v3_bases_relat_rio_executivo_3009201,"4b765582cd03132819791dc644e5204b",18124,"10 MB","10 MB","0 bytes","8192 bytes",40,,18124,0,,2026-06-28 16:35:28.972 -0300,,2026-06-28 16:35:29.538 -0300
caixa_001_2012_09_setembro_bases_relat_rio_executivo_30092012,"4b765582cd03132819791dc644e5204b",18016,"10 MB","10 MB","0 bytes","8192 bytes",40,,18016,0,,2026-06-28 17:50:31.872 -0300,,2026-06-28 17:50:32.360 -0300
caixa_001_2012_04_abril_2012_04_18_5c1__base_contrata__o_pf,bf1ca7179be3abaf5b0573615ea4d733,30184,"10104 kB","10064 kB","0 bytes","8192 bytes",23,,30184,0,,2026-06-28 17:47:31.005 -0300,,2026-06-28 17:47:31.401 -0300
caixa_001_2012_09_setembro_bases_relat_rio_executivo_26092012,"4b765582cd03132819791dc644e5204b",17744,"10072 kB","10032 kB","0 bytes","8192 bytes",40,,17744,0,,2026-06-28 17:50:31.356 -0300,,2026-06-28 17:50:31.839 -0300
caixa_001_2012_09_setembro_bases_relat_rio_executivo_15_09_12,"4b765582cd03132819791dc644e5204b",17566,"9984 kB","9944 kB","0 bytes","8192 bytes",40,,17566,0,,2026-06-28 17:50:30.844 -0300,,2026-06-28 17:50:31.325 -0300
caixa_001_2012_09_setembro_bases_relat_rio_executivo_10_09_12,"4b765582cd03132819791dc644e5204b",17408,"9888 kB","9848 kB","0 bytes","8192 bytes",40,,17408,0,,2026-06-28 17:50:30.321 -0300,,2026-06-28 17:50:30.813 -0300
caixa_001_2012_08_agosto_bases_relat_rio_executivo_31_08_12,"4b765582cd03132819791dc644e5204b",17220,"9800 kB","9760 kB","0 bytes","8192 bytes",40,,17220,0,,2026-06-28 17:49:31.807 -0300,,2026-06-28 17:49:32.275 -0300
historico_recente_202410_snh_pmcmv_dados_prioritarios_af_caixa,"4e87f3dbb37ecb1c2219d126a942ff76",25710,"9568 kB","9528 kB","0 bytes","8192 bytes",37,,25710,0,,2026-06-28 19:41:32.147 -0300,,2026-06-28 19:41:32.611 -0300
caixa_001_2012_08_agosto_base_pf_e_pj_24_08_12,"4b765582cd03132819791dc644e5204b",17038,"9496 kB","9456 kB","0 bytes","8192 bytes",40,,17038,0,,2026-06-28 17:49:31.309 -0300,,2026-06-28 17:49:31.775 -0300
caixa_001_2012_07_julho_bases_relat_rio_executivo_31072012_v2,"4b765582cd03132819791dc644e5204b",16436,"9376 kB","9336 kB","0 bytes","8192 bytes",40,,16436,0,,2026-06-28 17:48:30.283 -0300,,2026-06-28 17:48:30.746 -0300
caixa_001_2012_07_julho_bases_relat_rio_executivo_31_07_12,"4b765582cd03132819791dc644e5204b",16408,"9360 kB","9320 kB","0 bytes","8192 bytes",40,,16408,0,,2026-06-28 17:48:30.774 -0300,,2026-06-28 17:48:31.223 -0300
caixa_001_2012_08_agosto_base_pf_e_pj_20_08_12,"4b765582cd03132819791dc644e5204b",16984,"9360 kB","9320 kB","0 bytes","8192 bytes",40,,16984,0,,2026-06-28 17:49:30.809 -0300,,2026-06-28 17:49:31.279 -0300
bb_2013_06_junho_pmcmv_18062013_tab_beneficiarios_fgts,"79fc8e3158c8fa8134685abe2fc37d6d",30552,"9320 kB","9280 kB","0 bytes","8192 bytes",16,,30552,0,,2026-06-28 16:36:29.012 -0300,,2026-06-28 16:36:29.483 -0300
caixa_001_2012_08_agosto_base_pf_e_pj_14_08_12,"4b765582cd03132819791dc644e5204b",16800,"9264 kB","9224 kB","0 bytes","8192 bytes",40,,16800,0,,2026-06-28 17:49:30.301 -0300,,2026-06-28 17:49:30.779 -0300
caixa_001_2012_08_agosto_base_pf_e_pj_06_08_12,"4b765582cd03132819791dc644e5204b",16524,"9152 kB","9112 kB","0 bytes","8192 bytes",40,,16524,0,,2026-06-28 17:48:31.251 -0300,,2026-06-28 17:48:31.699 -0300
historico_recente_202409_snh_pmcmv_dados_prioritarios_af_caixa,"52262f4057e043c69883b317d5fce7b3",24922,"8664 kB","8624 kB","0 bytes","8192 bytes",30,,24922,0,,2026-06-28 19:40:32.787 -0300,,2026-06-28 19:40:33.101 -0300
historico_recente_202407_snh_pmcmv_dados_prioritarios_af_caixa,"52262f4057e043c69883b317d5fce7b3",24452,"8520 kB","8480 kB","0 bytes","8192 bytes",30,,24452,0,,2026-06-28 19:40:32.441 -0300,,2026-06-28 19:40:32.761 -0300
historico_recente_202406_snh_pmcmv_dados_prioritarios_af_caixa,"9ad2a3f19d8d05001d650f1f29a2c767",24392,"8488 kB","8448 kB","0 bytes","8192 bytes",28,,24392,0,,2026-06-28 19:40:32.087 -0300,,2026-06-28 19:40:32.413 -0300
a_001_2010_09___setembro_2010_contrata__o_pf_total___06092010,"1360b67156ed30471aac826394519927",19928,"5432 kB","5392 kB","0 bytes","8192 bytes",14,,19928,0,,2026-06-28 16:32:29.402 -0300,,2026-06-28 16:32:29.535 -0300
_018_int040_ministeriocidades_far_caixa_empreendimentos_2018100,e93ebeef4fcf043582f7decbbdc46091,8224,"5088 kB","5048 kB","0 bytes","8192 bytes",44,,8224,0,,2026-06-28 16:30:30.120 -0300,,2026-06-28 16:30:30.307 -0300
o_recente_202603_snh_pmcmv_dados_prioritarios_af_caixa_entregas,c4828f37f826aaa8873e78f453a0c0cc,23150,"4560 kB","4520 kB","0 bytes","8192 bytes",10,,23150,0,,2026-06-28 19:50:32.307 -0300,,2026-06-28 19:50:32.371 -0300
o_recente_202408_snh_pmcmv_dados_prioritarios_af_caixa_entregas,"819476c21702840708f3f7f4c49cd0b0",22604,"4552 kB","4512 kB","0 bytes","8192 bytes",11,,22604,0,,2026-06-28 19:48:33.364 -0300,,2026-06-28 19:48:33.430 -0300
o_recente_202602_snh_pmcmv_dados_prioritarios_af_caixa_entregas,c4828f37f826aaa8873e78f453a0c0cc,23094,"4552 kB","4512 kB","0 bytes","8192 bytes",10,,23094,0,,2026-06-28 19:50:32.219 -0300,,2026-06-28 19:50:32.293 -0300
o_recente_202601_snh_pmcmv_dados_prioritarios_af_caixa_entregas,c4828f37f826aaa8873e78f453a0c0cc,23080,"4544 kB","4504 kB","0 bytes","8192 bytes",10,,23080,0,,2026-06-28 19:49:32.884 -0300,,2026-06-28 19:49:32.946 -0300
o_recente_202512_snh_pmcmv_dados_prioritarios_af_caixa_entregas,c4828f37f826aaa8873e78f453a0c0cc,22982,"4528 kB","4488 kB","0 bytes","8192 bytes",10,,22982,0,,2026-06-28 19:49:32.808 -0300,,2026-06-28 19:49:32.870 -0300
o_recente_202511_snh_pmcmv_dados_prioritarios_af_caixa_entregas,c4828f37f826aaa8873e78f453a0c0cc,22920,"4520 kB","4480 kB","0 bytes","8192 bytes",10,,22920,0,,2026-06-28 19:49:32.732 -0300,,2026-06-28 19:49:32.794 -0300
o_recente_202510_snh_pmcmv_dados_prioritarios_af_caixa_entregas,c4828f37f826aaa8873e78f453a0c0cc,22844,"4504 kB","4464 kB","0 bytes","8192 bytes",10,,22844,0,,2026-06-28 19:49:32.658 -0300,,2026-06-28 19:49:32.719 -0300
o_recente_202509_snh_pmcmv_dados_prioritarios_af_caixa_entregas,c4828f37f826aaa8873e78f453a0c0cc,22818,"4496 kB","4456 kB","0 bytes","8192 bytes",10,,22818,0,,2026-06-28 19:49:32.582 -0300,,2026-06-28 19:49:32.644 -0300
o_recente_202409_snh_pmcmv_dados_prioritarios_af_caixa_entregas,c4828f37f826aaa8873e78f453a0c0cc,22764,"4488 kB","4448 kB","0 bytes","8192 bytes",10,,22764,0,,2026-06-28 19:48:33.443 -0300,,2026-06-28 19:48:33.502 -0300
o_recente_202410_snh_pmcmv_dados_prioritarios_af_caixa_entregas,c4828f37f826aaa8873e78f453a0c0cc,22778,"4488 kB","4448 kB","0 bytes","8192 bytes",10,,22778,0,,2026-06-28 19:48:33.516 -0300,,2026-06-28 19:48:33.574 -0300
o_recente_202506_snh_pmcmv_dados_prioritarios_af_caixa_entregas,c4828f37f826aaa8873e78f453a0c0cc,22762,"4488 kB","4448 kB","0 bytes","8192 bytes",10,,22762,0,,2026-06-28 19:49:32.358 -0300,,2026-06-28 19:49:32.419 -0300
o_recente_202507_snh_pmcmv_dados_prioritarios_af_caixa_entregas,c4828f37f826aaa8873e78f453a0c0cc,22766,"4488 kB","4448 kB","0 bytes","8192 bytes",10,,22766,0,,2026-06-28 19:49:32.433 -0300,,2026-06-28 19:49:32.494 -0300
o_recente_202508_snh_pmcmv_dados_prioritarios_af_caixa_entregas,c4828f37f826aaa8873e78f453a0c0cc,22794,"4488 kB","4448 kB","0 bytes","8192 bytes",10,,22794,0,,2026-06-28 19:49:32.507 -0300,,2026-06-28 19:49:32.568 -0300
o_recente_202504_snh_pmcmv_dados_prioritarios_af_caixa_entregas,c4828f37f826aaa8873e78f453a0c0cc,22730,"4480 kB","4440 kB","0 bytes","8192 bytes",10,,22730,0,,2026-06-28 19:49:32.198 -0300,,2026-06-28 19:49:32.270 -0300
o_recente_202505_snh_pmcmv_dados_prioritarios_af_caixa_entregas,c4828f37f826aaa8873e78f453a0c0cc,22744,"4480 kB","4440 kB","0 bytes","8192 bytes",10,,22744,0,,2026-06-28 19:49:32.283 -0300,,2026-06-28 19:49:32.345 -0300
o_recente_202501_snh_pmcmv_dados_prioritarios_af_caixa_entregas,c4828f37f826aaa8873e78f453a0c0cc,22692,"4472 kB","4432 kB","0 bytes","8192 bytes",10,,22692,0,,2026-06-28 19:48:33.735 -0300,,2026-06-28 19:48:33.793 -0300
o_recente_202502_snh_pmcmv_dados_prioritarios_af_caixa_entregas,c4828f37f826aaa8873e78f453a0c0cc,22706,"4472 kB","4432 kB","0 bytes","8192 bytes",10,,22706,0,,2026-06-28 19:48:33.806 -0300,,2026-06-28 19:48:33.864 -0300
o_recente_202412_snh_pmcmv_dados_prioritarios_af_caixa_entregas,c4828f37f826aaa8873e78f453a0c0cc,22670,"4464 kB","4424 kB","0 bytes","8192 bytes",10,,22670,0,,2026-06-28 19:48:33.663 -0300,,2026-06-28 19:48:33.721 -0300
o_recente_202411_snh_pmcmv_dados_prioritarios_af_caixa_entregas,c4828f37f826aaa8873e78f453a0c0cc,22634,"4464 kB","4424 kB","0 bytes","8192 bytes",10,,22634,0,,2026-06-28 19:48:33.588 -0300,,2026-06-28 19:48:33.649 -0300
o_recente_202406_snh_pmcmv_dados_prioritarios_af_caixa_entregas,c4828f37f826aaa8873e78f453a0c0cc,22566,"4448 kB","4408 kB","0 bytes","8192 bytes",10,,22566,0,,2026-06-28 19:48:33.217 -0300,,2026-06-28 19:48:33.277 -0300
o_recente_202407_snh_pmcmv_dados_prioritarios_af_caixa_entregas,c4828f37f826aaa8873e78f453a0c0cc,22584,"4448 kB","4408 kB","0 bytes","8192 bytes",10,,22584,0,,2026-06-28 19:48:33.291 -0300,,2026-06-28 19:48:33.349 -0300
caixa_001_2012_05_maio_5b1__base_empreend_contratado,"3824bbe8e76178c5999ea6e59d3619f1",7954,"4016 kB","3976 kB","0 bytes","8192 bytes",33,,7954,0,,2026-06-28 17:47:31.545 -0300,,2026-06-28 17:47:31.722 -0300
caixa_001_2012_04_abril_2012_04_18_5b1_base_empreend_contratado,"18476682582ebc361e795279505f3d1b",7954,"3856 kB","3816 kB","0 bytes","8192 bytes",30,,7954,0,,2026-06-28 17:47:30.665 -0300,,2026-06-28 17:47:30.822 -0300
caixa_001_2009_12_dezembro_2009_pmcmv_24_12_2009_parte2,"707a1f12b4f5613a6b9ee823bd41a36b",19013,"3440 kB","3400 kB","0 bytes","8192 bytes",18,,19013,0,,2026-06-28 17:46:30.935 -0300,,2026-06-28 17:46:31.014 -0300
caixa_001_2012_04_abril_2012_04_18_5b_empreend_contratado,aa88dc9f505e16330f89580670844f50,6272,"3256 kB","3216 kB","0 bytes","8192 bytes",34,,6272,0,,2026-06-28 17:47:30.832 -0300,,2026-06-28 17:47:30.973 -0300
caixa_001_2011_08_agosto_presidencia_automatizado_mcmvii_082011,"927fdca9f2a6e9982b931221362bd964",11128,"2832 kB","2792 kB","0 bytes","8192 bytes",21,,11128,0,,2026-06-28 17:47:30.443 -0300,,2026-06-28 17:47:30.545 -0300
caixa_001_2011_07_julho_presidencia_automatizado_01082011,"36ad78e8536e3d672ce9329232e83c69",11128,"2696 kB","2656 kB","0 bytes","8192 bytes",21,,11128,0,,2026-06-28 17:47:30.295 -0300,,2026-06-28 17:47:30.403 -0300
caixa_001_2011_11_novembro_relat_rio_executivo_mcid_21_11_11,"142e2f3d07c63a64fd7757c514182190",13684,"2496 kB","2456 kB","0 bytes","8192 bytes",14,,13684,0,,2026-06-28 17:47:30.554 -0300,,2026-06-28 17:47:30.654 -0300
caixa_001_2011_06_junho_presidencia,"36ad78e8536e3d672ce9329232e83c69",11128,"2440 kB","2400 kB","0 bytes","8192 bytes",21,,11128,0,,2026-06-28 17:46:31.099 -0300,,2026-06-28 17:46:31.200 -0300
_202603_snh_pmcmv_dados_prioritarios_da_entrega_da_unidade_af_b,"07bf2d444d8eb6c63b2fca2dffb2c363",11906,"2368 kB","2328 kB","0 bytes","8192 bytes",10,,11906,0,,2026-06-28 16:31:29.289 -0300,,2026-06-28 16:31:29.311 -0300
_202602_snh_pmcmv_dados_prioritarios_da_entrega_da_unidade_af_b,"07bf2d444d8eb6c63b2fca2dffb2c363",11898,"2368 kB","2328 kB","0 bytes","8192 bytes",10,,11898,0,,2026-06-28 16:31:29.258 -0300,,2026-06-28 16:31:29.280 -0300
_202508_snh_pmcmv_dados_prioritarios_da_entrega_da_unidade_af_b,"07bf2d444d8eb6c63b2fca2dffb2c363",11870,"2360 kB","2320 kB","0 bytes","8192 bytes",10,,11870,0,,2026-06-28 16:31:29.136 -0300,,2026-06-28 16:31:29.158 -0300
_202504_snh_pmcmv_dados_prioritarios_da_entrega_da_unidade_af_b,"07bf2d444d8eb6c63b2fca2dffb2c363",11850,"2360 kB","2320 kB","0 bytes","8192 bytes",10,,11850,0,,2026-06-28 16:31:29.014 -0300,,2026-06-28 16:31:29.036 -0300
_202505_snh_pmcmv_dados_prioritarios_da_entrega_da_unidade_af_b,"07bf2d444d8eb6c63b2fca2dffb2c363",11856,"2360 kB","2320 kB","0 bytes","8192 bytes",10,,11856,0,,2026-06-28 16:31:29.045 -0300,,2026-06-28 16:31:29.067 -0300
_202506_snh_pmcmv_dados_prioritarios_da_entrega_da_unidade_af_b,"07bf2d444d8eb6c63b2fca2dffb2c363",11860,"2360 kB","2320 kB","0 bytes","8192 bytes",10,,11860,0,,2026-06-28 16:31:29.075 -0300,,2026-06-28 16:31:29.097 -0300
_202507_snh_pmcmv_dados_prioritarios_da_entrega_da_unidade_af_b,"07bf2d444d8eb6c63b2fca2dffb2c363",11868,"2360 kB","2320 kB","0 bytes","8192 bytes",10,,11868,0,,2026-06-28 16:31:29.105 -0300,,2026-06-28 16:31:29.127 -0300
_202509_snh_pmcmv_dados_prioritarios_da_entrega_da_unidade_af_b,"07bf2d444d8eb6c63b2fca2dffb2c363",11878,"2360 kB","2320 kB","0 bytes","8192 bytes",10,,11878,0,,2026-06-28 16:31:29.167 -0300,,2026-06-28 16:31:29.189 -0300
_202510_snh_pmcmv_dados_prioritarios_da_entrega_da_unidade_af_b,"07bf2d444d8eb6c63b2fca2dffb2c363",11882,"2360 kB","2320 kB","0 bytes","8192 bytes",10,,11882,0,,2026-06-28 16:31:29.197 -0300,,2026-06-28 16:31:29.219 -0300
_202511_snh_pmcmv_dados_prioritarios_da_entrega_da_unidade_af_b,"07bf2d444d8eb6c63b2fca2dffb2c363",11884,"2360 kB","2320 kB","0 bytes","8192 bytes",10,,11884,0,,2026-06-28 16:31:29.227 -0300,,2026-06-28 16:31:29.250 -0300
_202503_snh_pmcmv_dados_prioritarios_da_entrega_da_unidade_af_b,"07bf2d444d8eb6c63b2fca2dffb2c363",11836,"2352 kB","2312 kB","0 bytes","8192 bytes",10,,11836,0,,2026-06-28 16:31:28.984 -0300,,2026-06-28 16:31:29.006 -0300
_202402_snh_pmcmv_dados_prioritarios_da_entrega_da_unidade_af_b,"07bf2d444d8eb6c63b2fca2dffb2c363",11818,"2352 kB","2312 kB","0 bytes","8192 bytes",10,,11818,0,,2026-06-28 16:30:30.352 -0300,,2026-06-28 16:30:30.373 -0300
_202501_snh_pmcmv_dados_prioritarios_da_entrega_da_unidade_af_b,"07bf2d444d8eb6c63b2fca2dffb2c363",11790,"2344 kB","2304 kB","0 bytes","8192 bytes",10,,11790,0,,2026-06-28 16:31:28.949 -0300,,2026-06-28 16:31:28.975 -0300
_202411_snh_pmcmv_dados_prioritarios_da_entrega_da_unidade_af_b,"07bf2d444d8eb6c63b2fca2dffb2c363",11740,"2336 kB","2296 kB","0 bytes","8192 bytes",10,,11740,0,,2026-06-28 16:30:30.500 -0300,,2026-06-28 16:30:30.520 -0300
_202412_snh_pmcmv_dados_prioritarios_da_entrega_da_unidade_af_b,"07bf2d444d8eb6c63b2fca2dffb2c363",11762,"2336 kB","2296 kB","0 bytes","8192 bytes",10,,11762,0,,2026-06-28 16:31:28.912 -0300,,2026-06-28 16:31:28.941 -0300
_202409_snh_pmcmv_dados_prioritarios_da_entrega_da_unidade_af_b,"07bf2d444d8eb6c63b2fca2dffb2c363",11702,"2328 kB","2288 kB","0 bytes","8192 bytes",10,,11702,0,,2026-06-28 16:30:30.472 -0300,,2026-06-28 16:30:30.492 -0300
_024_10_snh_pmcmv_dados_prioritarios_da_entrega_da_unidade_af_b,"07bf2d444d8eb6c63b2fca2dffb2c363",11724,"2328 kB","2288 kB","0 bytes","8192 bytes",10,,11724,0,,2026-06-28 16:30:30.317 -0300,,2026-06-28 16:30:30.337 -0300
_202408_snh_pmcmv_dados_prioritarios_da_entrega_da_unidade_af_b,"07bf2d444d8eb6c63b2fca2dffb2c363",11676,"2320 kB","2280 kB","0 bytes","8192 bytes",10,,11676,0,,2026-06-28 16:30:30.439 -0300,,2026-06-28 16:30:30.463 -0300
_202407_snh_pmcmv_dados_prioritarios_da_entrega_da_unidade_af_b,"07bf2d444d8eb6c63b2fca2dffb2c363",11666,"2320 kB","2280 kB","0 bytes","8192 bytes",10,,11666,0,,2026-06-28 16:30:30.408 -0300,,2026-06-28 16:30:30.431 -0300
_202406_snh_pmcmv_dados_prioritarios_da_entrega_da_unidade_af_b,"07bf2d444d8eb6c63b2fca2dffb2c363",11654,"2320 kB","2280 kB","0 bytes","8192 bytes",10,,11654,0,,2026-06-28 16:30:30.379 -0300,,2026-06-28 16:30:30.402 -0300
_001_2012_01_janeiro_pmcmv_relatorio_executivo_31012012_base_bd,"6f55f12e7b77e3703629641284fd3080",8208,"2184 kB","2144 kB","0 bytes","8192 bytes",14,,8208,0,,2026-06-28 16:31:29.317 -0300,,2026-06-28 16:31:29.385 -0300
ixa_001_2012_01_janeiro_pmcmv_relatorio_executivo_31012012_base,c4bf1c0cd89de2f2ee3f143cc13180fa,8208,"2184 kB","2144 kB","0 bytes","8192 bytes",14,,8208,0,,2026-06-28 19:48:33.135 -0300,,2026-06-28 19:48:33.203 -0300
ixa_001_2012_01_janeiro_pmcmv_relatorio_executivo_13012012_base,"6f55f12e7b77e3703629641284fd3080",8006,"2136 kB","2096 kB","0 bytes","8192 bytes",14,,8006,0,,2026-06-28 19:48:33.061 -0300,,2026-06-28 19:48:33.129 -0300
caixa_001_2012_04_abril_validacao_1604_1804,e7e2f04ca4e096f58a224e1d6416ff0d,6210,"1912 kB","1872 kB","0 bytes","8192 bytes",26,,6210,0,,2026-06-28 17:47:31.461 -0300,,2026-06-28 17:47:31.532 -0300
_011_12_dezembro_pmcmv_relatorio_executivo_31122011_base___c_pi,"6f55f12e7b77e3703629641284fd3080",7032,"1856 kB","1816 kB","0 bytes","8192 bytes",14,,7032,0,,2026-06-28 16:30:30.046 -0300,,2026-06-28 16:30:30.103 -0300
caixa_001_2012_04_abril_2012_04_30_ajustada_caixa_5d_base_bext,b6339542b0fd551a2e2a99e5cb40c8b6,6942,"1680 kB","1640 kB","0 bytes","8192 bytes",18,,6942,0,,2026-06-28 17:47:31.416 -0300,,2026-06-28 17:47:31.455 -0300
caixa_001_2010_09___setembro_2010_pmcmv06092010_desligados,a2fcb0aa5705e849b3865922a5a1191d,5354,"1552 kB","1512 kB","0 bytes","8192 bytes",13,,5354,0,,2026-06-28 17:46:31.050 -0300,,2026-06-28 17:46:31.090 -0300
xa_001_2012_04_abril_2012_04_18_5a_propostas_recebidas_18042012,"6f55f12e7b77e3703629641284fd3080",4402,"1184 kB","1144 kB","0 bytes","8192 bytes",14,,4402,0,,2026-06-28 19:50:32.422 -0300,,2026-06-28 19:50:32.457 -0300
caixa_001_2010_06___junho_2010_contrata__o30062010,ff09ac992345c8ac2b0e31b6ce6f671a,4450,"1096 kB","1056 kB","0 bytes","8192 bytes",13,,4450,0,,2026-06-28 17:46:31.018 -0300,,2026-06-28 17:46:31.044 -0300
storico_recente_2024_07_snh_pmcmv_dados_prioritarios_af_bb_vs02,b9e234939c1750a705b655f8c021bf8e,2576,"1048 kB","1008 kB","0 bytes","8192 bytes",39,,2576,0,,2026-06-28 19:50:32.375 -0300,,2026-06-28 19:50:32.418 -0300
ecente_2024_07_snh_pmcmv_dados_prioritarios_af_bb_vs02_correcao,afb9576a49fb4feb00063ed07bd4a74e,2576,"1048 kB","1008 kB","0 bytes","8192 bytes",39,,2576,0,,2026-06-28 19:39:36.074 -0300,,2026-06-28 19:39:36.119 -0300
historico_recente_2025_01_snh_pmcmv_dados_prioritarios_af_bb,f0890ea6bbb9adb4d5854effd52486bd,2576,"1016 kB","976 kB","0 bytes","8192 bytes",41,,2576,0,,2026-06-28 19:46:33.947 -0300,,2026-06-28 19:46:33.985 -0300
historico_recente_202406_snh_pmcmv_dados_prioritarios_af_bb,"7c6f3b5fedb7f663d82b483f589889d3",2576,"1000 kB","960 kB","0 bytes","8192 bytes",37,,2576,0,,2026-06-28 19:39:37.028 -0300,,2026-06-28 19:39:37.069 -0300
bb_2015_12_dezembro_min_cidades_pj,c6e9e4289f7185f8625bca6bc3b8f6ff,2060,"1000 kB","960 kB","0 bytes","8192 bytes",42,,2060,0,,2026-06-28 16:58:30.329 -0300,,2026-06-28 16:58:30.362 -0300
historico_recente_2024_10_snh_pmcmv_dados_prioritarios_af_bb,d7f988c0374874b227f230cb1e321761,2576,"1000 kB","960 kB","0 bytes","8192 bytes",39,,2576,0,,2026-06-28 19:41:33.989 -0300,,2026-06-28 19:41:34.026 -0300
historico_recente_202505_snh_pmcmv_dados_prioritarios_af_bb,"7f7d4b17ed81fdee929b641456a95c74",2576,"992 kB","952 kB","0 bytes","8192 bytes",39,,2576,0,,2026-06-28 19:43:32.852 -0300,,2026-06-28 19:43:32.889 -0300
historico_recente_202411_snh_pmcmv_dados_prioritarios_af_bb,f0890ea6bbb9adb4d5854effd52486bd,2576,"992 kB","952 kB","0 bytes","8192 bytes",41,,2576,0,,2026-06-28 19:41:32.616 -0300,,2026-06-28 19:41:32.653 -0300
historico_recente_202503_snh_pmcmv_dados_prioritarios_af_bb,"7f7d4b17ed81fdee929b641456a95c74",2576,"992 kB","952 kB","0 bytes","8192 bytes",39,,2576,0,,2026-06-28 19:42:33.468 -0300,,2026-06-28 19:42:33.504 -0300
historico_recente_202506_snh_pmcmv_dados_prioritarios_af_bb,"7f7d4b17ed81fdee929b641456a95c74",2576,"992 kB","952 kB","0 bytes","8192 bytes",39,,2576,0,,2026-06-28 19:43:33.678 -0300,,2026-06-28 19:43:33.715 -0300
historico_recente_202507_snh_pmcmv_dados_prioritarios_af_bb,b53f73d3870f678ab75cf7ba76957741,2576,"992 kB","952 kB","0 bytes","8192 bytes",39,,2576,0,,2026-06-28 19:44:32.937 -0300,,2026-06-28 19:44:32.976 -0300
historico_recente_202508_snh_pmcmv_dados_prioritarios_af_bb,b53f73d3870f678ab75cf7ba76957741,2576,"992 kB","952 kB","0 bytes","8192 bytes",39,,2576,0,,2026-06-28 19:44:33.813 -0300,,2026-06-28 19:44:33.855 -0300
historico_recente_202509_snh_pmcmv_dados_prioritarios_af_bb,b53f73d3870f678ab75cf7ba76957741,2576,"992 kB","952 kB","0 bytes","8192 bytes",39,,2576,0,,2026-06-28 19:45:32.943 -0300,,2026-06-28 19:45:32.980 -0300
historico_recente_202510_snh_pmcmv_dados_prioritarios_af_bb,b53f73d3870f678ab75cf7ba76957741,2576,"992 kB","952 kB","0 bytes","8192 bytes",39,,2576,0,,2026-06-28 19:45:33.833 -0300,,2026-06-28 19:45:33.870 -0300
historico_recente_202512_snh_pmcmv_dados_prioritarios_af_bb,b53f73d3870f678ab75cf7ba76957741,2576,"992 kB","952 kB","0 bytes","8192 bytes",39,,2576,0,,2026-06-28 19:46:33.026 -0300,,2026-06-28 19:46:33.066 -0300
historico_recente_202601_snh_pmcmv_dados_prioritarios_af_bb,b53f73d3870f678ab75cf7ba76957741,2576,"992 kB","952 kB","0 bytes","8192 bytes",39,,2576,0,,2026-06-28 19:46:33.988 -0300,,2026-06-28 19:46:34.027 -0300
historico_recente_202602_snh_pmcmv_dados_prioritarios_af_bb,b53f73d3870f678ab75cf7ba76957741,2576,"992 kB","952 kB","0 bytes","8192 bytes",39,,2576,0,,2026-06-28 19:47:33.337 -0300,,2026-06-28 19:47:33.375 -0300
historico_recente_202603_snh_pmcmv_dados_prioritarios_af_bb,b53f73d3870f678ab75cf7ba76957741,2576,"992 kB","952 kB","0 bytes","8192 bytes",39,,2576,0,,2026-06-28 19:47:34.231 -0300,,2026-06-28 19:47:34.269 -0300
bb_2015_03_marco_pnhr_31032015,ee733de2ca082df26dec3969bc435624,2046,"928 kB","888 kB","0 bytes","8192 bytes",26,,2046,0,,2026-06-28 16:47:29.690 -0300,,2026-06-28 16:47:29.714 -0300
caixa_001_2011_08_agosto_demanda_mc_far_pmcmv,"2c777eafbe5ca6b81f58b99fe6f60707",2610,"920 kB","880 kB","0 bytes","8192 bytes",24,,2610,0,,2026-06-28 17:47:30.406 -0300,,2026-06-28 17:47:30.434 -0300
bb_2015_01_janeiro_2015_01_15_pnhr_15012015,e04603a1d748a2638258c24a4d13f593,2042,"904 kB","864 kB","0 bytes","8192 bytes",25,,2042,0,,2026-06-28 16:43:29.151 -0300,,2026-06-28 16:43:29.181 -0300
bb_2015_02_fevereiro_pnhr_28022015,e04603a1d748a2638258c24a4d13f593,2046,"880 kB","840 kB","0 bytes","8192 bytes",25,,2046,0,,2026-06-28 16:46:29.204 -0300,,2026-06-28 16:46:29.235 -0300
bb_2015_04_abril_pnhr_30042015,e04603a1d748a2638258c24a4d13f593,2054,"880 kB","840 kB","0 bytes","8192 bytes",25,,2054,0,,2026-06-28 16:48:30.034 -0300,,2026-06-28 16:48:30.058 -0300
bb_2014_12_dezembro_pnhr_20141231,e04603a1d748a2638258c24a4d13f593,2032,"872 kB","832 kB","0 bytes","8192 bytes",25,,2032,0,,2026-06-28 16:41:29.568 -0300,,2026-06-28 16:41:29.592 -0300
bb_2015_03_marco_pnhr_15032015,e04603a1d748a2638258c24a4d13f593,2042,"872 kB","832 kB","0 bytes","8192 bytes",25,,2042,0,,2026-06-28 16:47:29.662 -0300,,2026-06-28 16:47:29.686 -0300
bb_2016_02_fevereiro_pnhr_29022016,"91695a7f12aeab1f190c71dea8c9b499",1982,"872 kB","832 kB","0 bytes","8192 bytes",25,,1982,0,,2026-06-28 17:05:29.481 -0300,,2026-06-28 17:05:29.512 -0300
bb_2016_07_julho_pnhr_31072016,"91695a7f12aeab1f190c71dea8c9b499",2016,"864 kB","824 kB","0 bytes","8192 bytes",25,,2016,0,,2026-06-28 17:14:30.176 -0300,,2026-06-28 17:14:30.202 -0300
bb_2016_06_junho_pnhr_30062016,"91695a7f12aeab1f190c71dea8c9b499",2016,"864 kB","824 kB","0 bytes","8192 bytes",25,,2016,0,,2026-06-28 17:12:30.584 -0300,,2026-06-28 17:12:30.610 -0300
bb_2016_05_maio_pnhr_31052016,"91695a7f12aeab1f190c71dea8c9b499",1996,"856 kB","816 kB","0 bytes","8192 bytes",25,,1996,0,,2026-06-28 17:09:30.104 -0300,,2026-06-28 17:09:30.130 -0300
bb_2018_2018_07_03_pnhr_04072018,"91695a7f12aeab1f190c71dea8c9b499",1998,"856 kB","816 kB","0 bytes","8192 bytes",25,,1998,0,,2026-06-28 17:26:30.527 -0300,,2026-06-28 17:26:30.552 -0300
bb_2016_04_abril_pnhr_30042016,"91695a7f12aeab1f190c71dea8c9b499",1994,"856 kB","816 kB","0 bytes","8192 bytes",25,,1994,0,,2026-06-28 17:07:30.075 -0300,,2026-06-28 17:07:30.101 -0300
bb_2016_01_janeiro_pnhr_31012016,"91695a7f12aeab1f190c71dea8c9b499",1988,"856 kB","816 kB","0 bytes","8192 bytes",25,,1988,0,,2026-06-28 17:02:29.946 -0300,,2026-06-28 17:02:29.971 -0300
bb_2015_12_dezembro_pnhr_31122015,"91695a7f12aeab1f190c71dea8c9b499",1982,"856 kB","816 kB","0 bytes","8192 bytes",25,,1982,0,,2026-06-28 17:00:29.901 -0300,,2026-06-28 17:00:29.927 -0300
bb_2015_10_outubro_pnhr_31102015,"91695a7f12aeab1f190c71dea8c9b499",1942,"840 kB","800 kB","0 bytes","8192 bytes",25,,1942,0,,2026-06-28 16:58:29.881 -0300,,2026-06-28 16:58:29.906 -0300
bb_2014_12_dezembro_pnhr_15122014,e04603a1d748a2638258c24a4d13f593,1946,"816 kB","776 kB","0 bytes","8192 bytes",25,,1946,0,,2026-06-28 16:41:29.542 -0300,,2026-06-28 16:41:29.565 -0300
bb_2014_11_novembro_3011_pnhr_30112014,e04603a1d748a2638258c24a4d13f593,1864,"800 kB","760 kB","0 bytes","8192 bytes",25,,1864,0,,2026-06-28 16:40:29.107 -0300,,2026-06-28 16:40:29.134 -0300
bb_2016_02_fevereiro_2016_02_29_min_cidades_pj,"6ba4ec355e7a08d04f8063c2ff08aa68",2066,"792 kB","752 kB","0 bytes","8192 bytes",25,,2066,0,,2026-06-28 17:03:29.879 -0300,,2026-06-28 17:03:29.905 -0300
bb_2016_01_janeiro_2016_01_31_min_cidades_pj,"6ba4ec355e7a08d04f8063c2ff08aa68",2074,"792 kB","752 kB","0 bytes","8192 bytes",25,,2074,0,,2026-06-28 17:01:29.429 -0300,,2026-06-28 17:01:29.457 -0300
bb_2015_09_setembro_pnhr_30092015,"161fd50f06226fbe1e6c2f9f2194b6ae",1774,"752 kB","712 kB","0 bytes","8192 bytes",25,,1774,0,,2026-06-28 16:56:29.846 -0300,,2026-06-28 16:56:29.868 -0300
caixa_001_2015_07_julho_min_cidades_pj,"6ba4ec355e7a08d04f8063c2ff08aa68",1992,"744 kB","704 kB","0 bytes","8192 bytes",25,,1992,0,,2026-06-28 18:04:30.923 -0300,,2026-06-28 18:04:30.948 -0300
bb_2016_07_julho_2016_07_31_min_cidades_pj,"6ba4ec355e7a08d04f8063c2ff08aa68",1986,"744 kB","704 kB","0 bytes","8192 bytes",25,,1986,0,,2026-06-28 17:12:30.613 -0300,,2026-06-28 17:12:30.637 -0300
bb_2016_06_junho_2016_06_30_min_cidades_pj,"6ba4ec355e7a08d04f8063c2ff08aa68",1990,"744 kB","704 kB","0 bytes","8192 bytes",25,,1990,0,,2026-06-28 17:10:30.022 -0300,,2026-06-28 17:10:30.047 -0300
bb_2016_05_maio_2016_05_31_min_cidades_pj,"6ba4ec355e7a08d04f8063c2ff08aa68",1984,"744 kB","704 kB","0 bytes","8192 bytes",25,,1984,0,,2026-06-28 17:08:29.536 -0300,,2026-06-28 17:08:29.564 -0300
bb_2014_10_outubro_2014_10_30_pnhr_30102014,e04603a1d748a2638258c24a4d13f593,1678,"744 kB","704 kB","0 bytes","8192 bytes",25,,1678,0,,2026-06-28 16:38:29.465 -0300,,2026-06-28 16:38:29.485 -0300
bb_2019_2019_03_07_pj_pf,"35685237e22eca4fbd8f37f5abce3e30",2004,"736 kB","696 kB","0 bytes","8192 bytes",26,,2004,0,,2026-06-28 17:42:30.750 -0300,,2026-06-28 17:42:30.778 -0300
bb_2015_10_outubro_min_cidades_pj,"6ba4ec355e7a08d04f8063c2ff08aa68",2012,"736 kB","696 kB","0 bytes","8192 bytes",25,,2012,0,,2026-06-28 16:57:29.356 -0300,,2026-06-28 16:57:29.385 -0300
bb_2016_04_abril_min_cidades_pj,"6ba4ec355e7a08d04f8063c2ff08aa68",2006,"736 kB","696 kB","0 bytes","8192 bytes",25,,2006,0,,2026-06-28 17:05:29.924 -0300,,2026-06-28 17:05:29.948 -0300
bb_2015_09_setembro_min_cidades_pj,"6ba4ec355e7a08d04f8063c2ff08aa68",1982,"728 kB","688 kB","0 bytes","8192 bytes",25,,1982,0,,2026-06-28 16:55:29.779 -0300,,2026-06-28 16:55:29.804 -0300
bb_2015_01_janeiro_2015_01_15_min_cidades_pj,"6ba4ec355e7a08d04f8063c2ff08aa68",1882,"728 kB","688 kB","0 bytes","8192 bytes",25,,1882,0,,2026-06-28 16:42:29.143 -0300,,2026-06-28 16:42:29.170 -0300
bb_2018_2018_10_01_pj,"35685237e22eca4fbd8f37f5abce3e30",1972,"728 kB","688 kB","0 bytes","8192 bytes",26,,1972,0,,2026-06-28 17:35:30.639 -0300,,2026-06-28 17:35:30.667 -0300
bb_2018_2018_09_10_pj,"35685237e22eca4fbd8f37f5abce3e30",1968,"728 kB","688 kB","0 bytes","8192 bytes",26,,1968,0,,2026-06-28 17:31:30.533 -0300,,2026-06-28 17:31:30.562 -0300
bb_2015_08_agosto_min_cidades_pj,"6ba4ec355e7a08d04f8063c2ff08aa68",1978,"728 kB","688 kB","0 bytes","8192 bytes",25,,1978,0,,2026-06-28 16:53:29.715 -0300,,2026-06-28 16:53:29.740 -0300
bb_2015_01_janeiro_2015_01_31_min_cidades_pj,"6ba4ec355e7a08d04f8063c2ff08aa68",1864,"720 kB","680 kB","0 bytes","8192 bytes",25,,1864,0,,2026-06-28 16:43:29.532 -0300,,2026-06-28 16:43:29.555 -0300
bb_2018_2018_08_06_pj,"35685237e22eca4fbd8f37f5abce3e30",1962,"720 kB","680 kB","0 bytes","8192 bytes",26,,1962,0,,2026-06-28 17:28:30.513 -0300,,2026-06-28 17:28:30.542 -0300
bb_2018_2018_05_10_pj,"35685237e22eca4fbd8f37f5abce3e30",1964,"720 kB","680 kB","0 bytes","8192 bytes",26,,1964,0,,2026-06-28 17:18:30.285 -0300,,2026-06-28 17:18:30.314 -0300
bb_2018_2018_10_30_pj,"35685237e22eca4fbd8f37f5abce3e30",1980,"712 kB","672 kB","0 bytes","8192 bytes",26,,1980,0,,2026-06-28 17:39:30.098 -0300,,2026-06-28 17:39:30.130 -0300
bb_2015_06_junho_min_cidades_pj,"6ba4ec355e7a08d04f8063c2ff08aa68",1940,"712 kB","672 kB","0 bytes","8192 bytes",25,,1940,0,,2026-06-28 16:51:29.690 -0300,,2026-06-28 16:51:29.716 -0300
bb_2015_03_marco_min_cidades_pj_2015_03,"6ba4ec355e7a08d04f8063c2ff08aa68",1884,"712 kB","672 kB","0 bytes","8192 bytes",25,,1884,0,,2026-06-28 16:46:29.616 -0300,,2026-06-28 16:46:29.640 -0300
bb_2018_2018_07_03_pj,"5e2d026199b513376d30eb8a33a5286d",1960,"712 kB","672 kB","0 bytes","8192 bytes",26,,1960,0,,2026-06-28 17:25:30.331 -0300,,2026-06-28 17:25:30.356 -0300
bb_2015_02_fevereiro_min_cidades_pj_2015_02,"6ba4ec355e7a08d04f8063c2ff08aa68",1852,"712 kB","672 kB","0 bytes","8192 bytes",25,,1852,0,,2026-06-28 16:45:29.187 -0300,,2026-06-28 16:45:29.213 -0300
bb_2018_2018_06_10_pj,"5e2d026199b513376d30eb8a33a5286d",1972,"712 kB","672 kB","0 bytes","8192 bytes",26,,1972,0,,2026-06-28 17:21:30.232 -0300,,2026-06-28 17:21:30.257 -0300
bb_2015_05_maio_2015_05_31_min_cidades_pj,"6ba4ec355e7a08d04f8063c2ff08aa68",1884,"712 kB","672 kB","0 bytes","8192 bytes",25,,1884,0,,2026-06-28 16:49:29.637 -0300,,2026-06-28 16:49:29.661 -0300
bb_2018_2018_04_06_pj,"5e2d026199b513376d30eb8a33a5286d",1962,"704 kB","664 kB","0 bytes","8192 bytes",26,,1962,0,,2026-06-28 17:16:29.672 -0300,,2026-06-28 17:16:29.701 -0300
bb_2019_2019_05_07_2019_05_07_pj,"921663d035e33934d8206e858198b19b",2008,"704 kB","664 kB","0 bytes","8192 bytes",25,,2008,0,,2026-06-28 17:42:30.779 -0300,,2026-06-28 17:42:30.808 -0300
bb_2015_02_fevereiro_min_cidades_pj,"6ba4ec355e7a08d04f8063c2ff08aa68",1852,"696 kB","656 kB","0 bytes","8192 bytes",25,,1852,0,,2026-06-28 16:44:29.956 -0300,,2026-06-28 16:44:29.979 -0300
bb_2015_03_marco_min_cidades_pj,"6ba4ec355e7a08d04f8063c2ff08aa68",1884,"696 kB","656 kB","0 bytes","8192 bytes",25,,1884,0,,2026-06-28 16:46:29.592 -0300,,2026-06-28 16:46:29.615 -0300
bb_2014_12_dezembro_min_cidades_pj,"6ba4ec355e7a08d04f8063c2ff08aa68",1898,"696 kB","656 kB","0 bytes","8192 bytes",25,,1898,0,,2026-06-28 16:40:29.474 -0300,,2026-06-28 16:40:29.498 -0300
bb_2015_04_abril_min_cidades_pj,"6ba4ec355e7a08d04f8063c2ff08aa68",1878,"688 kB","648 kB","0 bytes","8192 bytes",25,,1878,0,,2026-06-28 16:48:29.592 -0300,,2026-06-28 16:48:29.617 -0300
bb_2014_08_agosto_entrada_bb_20140829_antigo,d38c54b45edf79c4d55593764540105b,1442,"672 kB","632 kB","0 bytes","8192 bytes",34,,1442,0,,2026-06-28 16:37:29.120 -0300,,2026-06-28 16:37:29.151 -0300
bb_2014_09_setembro_entrada_bb_20140930,d38c54b45edf79c4d55593764540105b,1442,"664 kB","624 kB","0 bytes","8192 bytes",34,,1442,0,,2026-06-28 16:37:29.152 -0300,,2026-06-28 16:37:29.182 -0300
bb_2014_11_novembro_3011_min_cidades_pj,"6ba4ec355e7a08d04f8063c2ff08aa68",1760,"664 kB","624 kB","0 bytes","8192 bytes",25,,1760,0,,2026-06-28 16:39:29.432 -0300,,2026-06-28 16:39:29.456 -0300
bb_2014_10_outubro_2014_10_30_min_cidades_pj,"6ba4ec355e7a08d04f8063c2ff08aa68",1706,"664 kB","624 kB","0 bytes","8192 bytes",25,,1706,0,,2026-06-28 16:37:29.503 -0300,,2026-06-28 16:37:29.525 -0300
bb_2014_08_agosto_entrada_bb_20140818_antigo,d38c54b45edf79c4d55593764540105b,1442,"664 kB","624 kB","0 bytes","8192 bytes",34,,1442,0,,2026-06-28 16:37:29.089 -0300,,2026-06-28 16:37:29.119 -0300
bb_2014_06_junho_entrada_bb_20140701,d38c54b45edf79c4d55593764540105b,1274,"632 kB","592 kB","0 bytes","8192 bytes",34,,1274,0,,2026-06-28 16:37:29.029 -0300,,2026-06-28 16:37:29.058 -0300
bb_2014_07_julho_entrada_bb_20140731,d38c54b45edf79c4d55593764540105b,1278,"624 kB","584 kB","0 bytes","8192 bytes",34,,1278,0,,2026-06-28 16:37:29.058 -0300,,2026-06-28 16:37:29.088 -0300
bb_2014_06_junho_entrada_bb_20140625,d38c54b45edf79c4d55593764540105b,1214,"600 kB","560 kB","0 bytes","8192 bytes",34,,1214,0,,2026-06-28 16:37:29.000 -0300,,2026-06-28 16:37:29.028 -0300
bb_2013_06_junho_pmcmv_18062013_tab_empreendimentos,"96d574ae8ba1e4b3ee50ac0819a35817",1374,"592 kB","552 kB","0 bytes","8192 bytes",7,,1374,0,,2026-06-28 16:36:29.887 -0300,,2026-06-28 16:36:29.896 -0300
bb_2014_06_junho_entrada_bb_20140615,d38c54b45edf79c4d55593764540105b,1188,"576 kB","536 kB","0 bytes","8192 bytes",34,,1188,0,,2026-06-28 16:37:28.966 -0300,,2026-06-28 16:37:28.999 -0300
bb_2014_04_abril_entrada_bb_20140430,d38c54b45edf79c4d55593764540105b,1188,"568 kB","528 kB","0 bytes","8192 bytes",34,,1188,0,,2026-06-28 16:36:30.190 -0300,,2026-06-28 16:36:30.216 -0300
bb_2014_05_maio_entrada_bb_20140516,d38c54b45edf79c4d55593764540105b,1188,"568 kB","528 kB","0 bytes","8192 bytes",34,,1188,0,,2026-06-28 16:36:30.217 -0300,,2026-06-28 16:36:30.244 -0300
bb_2014_01_janeiro_entrada_bb_20140116,d38c54b45edf79c4d55593764540105b,1130,"560 kB","520 kB","0 bytes","8192 bytes",34,,1130,0,,2026-06-28 16:36:30.062 -0300,,2026-06-28 16:36:30.087 -0300
bb_2014_05_maio_entrada_bb_20140530,d38c54b45edf79c4d55593764540105b,1132,"560 kB","520 kB","0 bytes","8192 bytes",34,,1132,0,,2026-06-28 16:36:30.245 -0300,,2026-06-28 16:36:30.272 -0300
bb_2014_04_abril_entrada_bb_20140415,d38c54b45edf79c4d55593764540105b,1188,"560 kB","520 kB","0 bytes","8192 bytes",34,,1188,0,,2026-06-28 16:36:30.164 -0300,,2026-06-28 16:36:30.189 -0300
caixa_001_2012_04_abril_2012_04_18_rural_18042012,"909ebe09b51b35b1e7c8afcd420aed73",2884,"560 kB","520 kB","0 bytes","8192 bytes",9,,2884,0,,2026-06-28 17:47:31.402 -0300,,2026-06-28 17:47:31.410 -0300
bb_2013_12_dezembro_entrada_bb_20140102,d38c54b45edf79c4d55593764540105b,1116,"552 kB","512 kB","0 bytes","8192 bytes",34,,1116,0,,2026-06-28 16:36:30.035 -0300,,2026-06-28 16:36:30.061 -0300
bb_2014_03_marco_entrada_bb_20140401,d38c54b45edf79c4d55593764540105b,1174,"544 kB","504 kB","0 bytes","8192 bytes",34,,1174,0,,2026-06-28 16:36:30.138 -0300,,2026-06-28 16:36:30.163 -0300
bb_2014_02_fevereiro_entrada_bb_20140306,d38c54b45edf79c4d55593764540105b,1048,"528 kB","488 kB","0 bytes","8192 bytes",34,,1048,0,,2026-06-28 16:36:30.113 -0300,,2026-06-28 16:36:30.137 -0300
bb_2014_02_fevereiro_entrada_bb_20140217,d38c54b45edf79c4d55593764540105b,1036,"528 kB","488 kB","0 bytes","8192 bytes",34,,1036,0,,2026-06-28 16:36:30.088 -0300,,2026-06-28 16:36:30.112 -0300
bb_2013_12_dezembro_entrada_bb_20131218,d38c54b45edf79c4d55593764540105b,1002,"504 kB","464 kB","0 bytes","8192 bytes",34,,1002,0,,2026-06-28 16:36:30.006 -0300,,2026-06-28 16:36:30.029 -0300
bb_2013_06_junho_pmcmv_18062013_tab_operacoes,"5cadece6570ca94c2e92c0f227f0ba7f",1338,"496 kB","456 kB","0 bytes","8192 bytes",34,,1338,0,,2026-06-28 16:36:29.896 -0300,,2026-06-28 16:36:29.919 -0300
bb_2013_11_novembro_entrada_bb_20131204,d38c54b45edf79c4d55593764540105b,926,"464 kB","432 kB","0 bytes","8192 bytes",34,,926,0,,,,2026-06-28 16:36:30.005 -0300
bb_2013_11_novembro_entrada_bb_20131120,d38c54b45edf79c4d55593764540105b,926,"464 kB","432 kB","0 bytes","8192 bytes",34,,926,0,,,,2026-06-28 16:36:29.985 -0300
caixa_001_2013_02___fevereiro_propostas_base_far,"791f738ab312d556f63bbf7be5afa99f",1928,"456 kB","416 kB","0 bytes","8192 bytes",14,,1928,0,,2026-06-28 17:52:31.572 -0300,,2026-06-28 17:52:31.586 -0300
bb_2013_10_outubro_entrada_bb_20131105,d38c54b45edf79c4d55593764540105b,848,"424 kB","392 kB","0 bytes","8192 bytes",34,,848,0,,,,2026-06-28 16:36:29.965 -0300
bb_2013_06_junho_entrada_bb_20130630,d38c54b45edf79c4d55593764540105b,680,"352 kB","320 kB","0 bytes","8192 bytes",34,,680,0,,,,2026-06-28 16:36:28.982 -0300
bb_2013_07_julho_entrada_bb_20130716,d38c54b45edf79c4d55593764540105b,680,"352 kB","320 kB","0 bytes","8192 bytes",34,,680,0,,,,2026-06-28 16:36:29.934 -0300
bb_2013_06_junho_entrada_bb_20130618,d38c54b45edf79c4d55593764540105b,680,"352 kB","320 kB","0 bytes","8192 bytes",34,,680,0,,,,2026-06-28 16:36:28.966 -0300
bb_2013_06_junho_entrada_bb_20130604,d38c54b45edf79c4d55593764540105b,680,"344 kB","312 kB","0 bytes","8192 bytes",34,,680,0,,,,2026-06-28 16:35:29.776 -0300
bb_2013_08_agosto_entrada_bb_20130802,d38c54b45edf79c4d55593764540105b,680,"336 kB","304 kB","0 bytes","8192 bytes",34,,680,0,,,,2026-06-28 16:36:29.947 -0300
bb_2013_05_maio_entrada_bb_20130506,d38c54b45edf79c4d55593764540105b,580,"288 kB","256 kB","0 bytes","8192 bytes",34,,580,0,,,,2026-06-28 16:35:29.750 -0300
bb_2013_04_abril_entrada_bb_20130429,d38c54b45edf79c4d55593764540105b,552,"288 kB","256 kB","0 bytes","8192 bytes",34,,552,0,,,,2026-06-28 16:35:29.739 -0300
bb_2013_03_marco_entrada_bb_20130415,d38c54b45edf79c4d55593764540105b,550,"288 kB","256 kB","0 bytes","8192 bytes",34,,550,0,,,,2026-06-28 16:35:29.728 -0300
bb_2013_05_maio_entrada_bb_20130513,d38c54b45edf79c4d55593764540105b,580,"288 kB","256 kB","0 bytes","8192 bytes",34,,580,0,,,,2026-06-28 16:35:29.762 -0300
bb_2013_03_marco_entrada_bb_20130318,d38c54b45edf79c4d55593764540105b,518,"272 kB","240 kB","0 bytes","8192 bytes",34,,518,0,,,,2026-06-28 16:35:29.707 -0300
bb_2013_02_fevereiro_entrada_bb_20130219,d38c54b45edf79c4d55593764540105b,518,"272 kB","240 kB","0 bytes","8192 bytes",34,,518,0,,,,2026-06-28 16:35:29.675 -0300
bb_2013_03_marco_entrada_bb_20130305,d38c54b45edf79c4d55593764540105b,518,"272 kB","240 kB","0 bytes","8192 bytes",34,,518,0,,,,2026-06-28 16:35:29.696 -0300
bb_2013_01_janeiro_entrada_bb_20130107,d38c54b45edf79c4d55593764540105b,578,"272 kB","240 kB","0 bytes","8192 bytes",34,,578,0,,,,2026-06-28 16:35:29.635 -0300
bb_2013_01_janeiro_entrada_bb_20130121,d38c54b45edf79c4d55593764540105b,516,"264 kB","232 kB","0 bytes","8192 bytes",34,,516,0,,,,2026-06-28 16:35:29.645 -0300
bb_2013_02_fevereiro_entrada_bb_20130226,d38c54b45edf79c4d55593764540105b,516,"264 kB","232 kB","0 bytes","8192 bytes",34,,516,0,,,,2026-06-28 16:35:29.685 -0300
bb_2013_02_fevereiro_entrada_bb_20130205,d38c54b45edf79c4d55593764540105b,516,"264 kB","232 kB","0 bytes","8192 bytes",34,,516,0,,,,2026-06-28 16:35:29.665 -0300
bb_2013_01_janeiro_entrada_bb_20130128,d38c54b45edf79c4d55593764540105b,516,"264 kB","232 kB","0 bytes","8192 bytes",34,,516,0,,,,2026-06-28 16:35:29.655 -0300
bb_2013_03_marco_entrada_bb_20130401,d38c54b45edf79c4d55593764540105b,516,"264 kB","232 kB","0 bytes","8192 bytes",34,,516,0,,,,2026-06-28 16:35:29.717 -0300
bb_2012_12_dezembro_entrada_bb_20121228,d38c54b45edf79c4d55593764540105b,516,"264 kB","232 kB","0 bytes","8192 bytes",34,,516,0,,,,2026-06-28 16:35:29.625 -0300
_1_2018_int054_ministeriocidades_far_bb_empreendimentos_2018083,b1b47e08abf8025289fd17e742759c40,404,"232 kB","200 kB","0 bytes","8192 bytes",32,,404,0,,,,2026-06-28 16:30:30.344 -0300
bb_2013_12_dezembro_entrada_bb_20131223__aux_bb_far,"26373572157ee36e85cf59038b97acba",342,"200 kB","168 kB","0 bytes","8192 bytes",26,,342,0,,,,2026-06-28 16:36:30.035 -0300
bb_2012_12_dezembro_entrada_bb_20121210,d38c54b45edf79c4d55593764540105b,308,"176 kB","144 kB","0 bytes","8192 bytes",34,,308,0,,,,2026-06-28 16:35:29.609 -0300
bb_2012_12_dezembro_entrada_bb_20121217,d38c54b45edf79c4d55593764540105b,310,"176 kB","144 kB","0 bytes","8192 bytes",34,,310,0,,,,2026-06-28 16:35:29.615 -0300
bb_2012_11_novembro_entrada_bb_20121130,d38c54b45edf79c4d55593764540105b,308,"176 kB","144 kB","0 bytes","8192 bytes",34,,308,0,,,,2026-06-28 16:35:29.603 -0300
bb_2012_11_novembro_entrada_bb_20121127v2,d38c54b45edf79c4d55593764540105b,310,"176 kB","144 kB","0 bytes","8192 bytes",34,,310,0,,,,2026-06-28 16:35:29.596 -0300
bb_2012_11_novembro_entrada_bb_20121119,d38c54b45edf79c4d55593764540105b,298,"176 kB","144 kB","0 bytes","8192 bytes",34,,298,0,,,,2026-06-28 16:35:29.584 -0300
_dedup_map,f4acf977ee4a086667080cbd1d7d7a16,754,"176 kB","144 kB","0 bytes","8192 bytes",5,,754,0,,,,2026-06-28 16:29:28.873 -0300
bb_2012_11_novembro_entrada_bb_20121127,d38c54b45edf79c4d55593764540105b,308,"168 kB","136 kB","0 bytes","8192 bytes",34,,308,0,,,,2026-06-28 16:35:29.590 -0300
bb_2012_11_novembro_entrada_bb_20121113,d38c54b45edf79c4d55593764540105b,304,"168 kB","136 kB","0 bytes","8192 bytes",34,,304,0,,,,2026-06-28 16:35:29.578 -0300
bb_2012_05_maio_z_relatorio_caixa_3105a,"514d081f4204552ce2a4233712559c9f",436,"152 kB","120 kB","0 bytes","8192 bytes",28,,436,0,,,,2026-06-28 16:35:29.561 -0300
bb_2012_10_outubro_entrada_bb_20121031_ajustada,d38c54b45edf79c4d55593764540105b,176,"120 kB","88 kB","0 bytes","8192 bytes",34,,176,0,,,,2026-06-28 16:35:29.573 -0300
bb_2012_10_outubro_entrada_bb_20121031,d38c54b45edf79c4d55593764540105b,178,"120 kB","88 kB","0 bytes","8192 bytes",34,,178,0,,,,2026-06-28 16:35:29.569 -0300
bb_2012_10_outubro_entrada_bb_20121023,d38c54b45edf79c4d55593764540105b,178,"120 kB","88 kB","0 bytes","8192 bytes",34,,178,0,,,,2026-06-28 16:35:29.565 -0300
_classificacao,"82557159a392808ebbb261ea2778843d",754,"112 kB","80 kB","0 bytes","8192 bytes",4,,754,0,,,,2026-06-28 15:33:28.350 -0300
_001_2012_02_fevereiro_base_pmcmv_relatorio_executivo_10_02_201,"722eac943a5d62a61b35a67fc0ac7e91",454,"112 kB","80 kB","0 bytes","8192 bytes",8,,454,0,,,,2026-06-28 16:29:28.876 -0300
_qualidade,af05ddee8c3a3f2ae60484f64fae9602,395,"96 kB","64 kB","0 bytes","8192 bytes",12,,395,0,,,,2026-06-28 19:50:32.459 -0300
bb_2011_06_junho_relatorio_min_cidades___07jun11,eb6188dd978f50a3979a39b7d99284d3,302,"88 kB","56 kB","0 bytes","8192 bytes",37,,302,0,,,,2026-06-28 16:35:29.553 -0300
bb_2011_07_julho_relatorio_min__cidades_19jul11,eb6188dd978f50a3979a39b7d99284d3,302,"88 kB","56 kB","0 bytes","8192 bytes",37,,302,0,,,,2026-06-28 16:35:29.555 -0300
bb_2011_05_maio_relatorio_min_cidades___24mai11,eb6188dd978f50a3979a39b7d99284d3,302,"88 kB","56 kB","0 bytes","8192 bytes",37,,302,0,,,,2026-06-28 16:35:29.551 -0300
bb_2011_05_maio_relatorio_min_cidades___10mai11,eb6188dd978f50a3979a39b7d99284d3,302,"88 kB","56 kB","0 bytes","8192 bytes",37,,302,0,,,,2026-06-28 16:35:29.550 -0300
bb_2011_04_abril_relatorio_min_cidades___18abr11,eb6188dd978f50a3979a39b7d99284d3,302,"88 kB","56 kB","0 bytes","8192 bytes",37,,302,0,,,,2026-06-28 16:35:29.548 -0300
bb_2011_03_mar_o_relatorio_min_cidades___22mar11,eb6188dd978f50a3979a39b7d99284d3,302,"88 kB","56 kB","0 bytes","8192 bytes",37,,302,0,,,,2026-06-28 16:35:29.547 -0300
bb_2011_02_fevereiro_relat_rio_mcmv_bb_08_02_2011,"29a4661dccc7247622b548e76513f8cd",302,"80 kB","48 kB","0 bytes","8192 bytes",36,,302,0,,,,2026-06-28 16:35:29.544 -0300
bb_2011_01_janeiro_rel_25jan2011,cad6822ab589e8bd5eb1dcac03d3a773,302,"80 kB","48 kB","0 bytes","8192 bytes",36,,302,0,,,,2026-06-28 16:35:29.543 -0300
bb_2011_01_janeiro_rel_11jan2011,cd67e6ccd8776a669236aa4f5c3eb72d,308,"80 kB","48 kB","0 bytes","8192 bytes",26,,308,0,,,,2026-06-28 16:35:29.541 -0300
bb_2011_02_fevereiro_relat_rio_mcmv_bb_16_02_2011,"29a4661dccc7247622b548e76513f8cd",302,"80 kB","48 kB","0 bytes","8192 bytes",36,,302,0,,,,2026-06-28 16:35:29.545 -0300
caixa_001_2017_contrata__o_por_uf_nov_2017,a0f92a2b9646caa9ad94d2d3e26f5aa0,225,"72 kB","40 kB","0 bytes","8192 bytes",12,,225,0,,,,2026-06-28 18:20:30.781 -0300
b_2012_04_abril_c_pia_de_rel_min_cidades_valores_25_04_2012_bd,"82009f31c8e49f12be5b8122578296af",176,"72 kB","40 kB","0 bytes","8192 bytes",16,,176,0,,,,2026-06-28 16:35:29.540 -0300
bb_2011_08_agosto_relatorio_min__cidades_16ago11,"0e9bf92c0e15de6760257882448e4b01",104,"56 kB","24 kB","0 bytes","8192 bytes",16,,104,0,,,,2026-06-28 16:35:29.555 -0300
caixa_001_2012_07_julho_bases_relat_rio_executivo_24_07_12,bfe7004aa33874a5e9a820639bd3e91f,80,"56 kB","24 kB","0 bytes","8192 bytes",22,,80,0,,,,2026-06-28 17:47:31.723 -0300
bb_2012_01_janeiro_relatorio_min__cidades_17jan12,"82009f31c8e49f12be5b8122578296af",108,"56 kB","24 kB","0 bytes","8192 bytes",16,,108,0,,,,2026-06-28 16:35:29.558 -0300
bb_2011_10_outubro_relatorio_min__cidades_25out11,"82009f31c8e49f12be5b8122578296af",104,"56 kB","24 kB","0 bytes","8192 bytes",16,,104,0,,,,2026-06-28 16:35:29.557 -0300
bb_2011_08_agosto_relatorio_min__cidades_30ago11,"82009f31c8e49f12be5b8122578296af",104,"56 kB","24 kB","0 bytes","8192 bytes",16,,104,0,,,,2026-06-28 16:35:29.556 -0300
_001_2012_11_novembro_sintese_20121128_evento_1_milhao_entregas,dec92a60674890c94ab777bce37413c7,-1,"48 kB","16 kB","0 bytes","8192 bytes",12,,48,0,,,,
mbro_2009_relatorio_automatizado_31dez09final_com_base_valor_mc,"507ffc4f047eb0d99d8c48eb208c42f3",-1,"48 kB","16 kB","0 bytes","8192 bytes",17,,49,0,,,,
_001_2011_08_agosto_previs_o_de_conclus_o_e_entrega_far_modelo,fe1cd347251195300d23cd447b80751b,71,"48 kB","16 kB","0 bytes","8192 bytes",15,,71,0,,,,2026-06-28 16:29:28.875 -0300
caixa_001_2010_08___agosto_2010_munic_pios_contratados_1308,"07fc7860808c0e0f6b095e2a004bec2e",66,"48 kB","16 kB","0 bytes","8192 bytes",10,,66,0,,,,2026-06-28 17:46:31.044 -0300
bb_2011_02_fevereiro_dados_22022011,"79a8a5ebf3eee572e3148853a98e19db",-1,"16 kB","8192 bytes","0 bytes","8192 bytes",16,,12,0,,,,
caixa_001_2009_10_outubro_2009_pmcmv_08_10_2009___caixa,"7ee1d497c464bb936b1b6bb3f6a656b7",-1,"16 kB","8192 bytes","0 bytes","8192 bytes",13,,21,0,,,,
caixa_001_2016_grafico_mcmv_31082016,"486922a85370bb88a12796722907eb15",-1,"16 kB","8192 bytes","0 bytes","8192 bytes",7,,8,0,,,,
bb_2011_08_agosto_balan_o_23_08_2011_min__planejamento,fca1423df1ec70fbe0727695cd0a3f4a,-1,"16 kB","8192 bytes","0 bytes","8192 bytes",12,,8,0,,,,
