bucket,prefixo_consultado,object_name,top_prefix,filename,extension,category,size_bytes,last_modified,periodo_inferido,fonte_inferida,frente_inferida,frente_primaria,filename_norm,stem_norm,object_norm
data-lake-mcid,raw/sharepoint/,raw/sharepoint/,raw,sharepoint,,outro,0,2026-08-13T00:58:56.139000+00:00,,nao_identificada,nao_classificado,nao_classificado,sharepoint,sharepoint,raw_sharepoint
data-lake-mcid,raw/sharepoint/,raw/sharepoint/api_ibge_municipios.csv,raw,api_ibge_municipios.csv,.csv,dado_tabular_ou_serializado,1063108,2026-08-13T01:01:47.617000+00:00,,nao_identificada,conjuntura,conjuntura,api_ibge_municipios_csv,api_ibge_municipios,raw_sharepoint_api_ibge_municipios_csv
data-lake-mcid,raw/sharepoint/,raw/sharepoint/api_ibge_populacao.csv,raw,api_ibge_populacao.csv,.csv,dado_tabular_ou_serializado,555762,2026-08-13T01:01:47.258000+00:00,,nao_identificada,conjuntura,conjuntura,api_ibge_populacao_csv,api_ibge_populacao,raw_sharepoint_api_ibge_populacao_csv
data-lake-mcid,raw/sharepoint/,raw/sharepoint/api_ibge_regioes.csv,raw,api_ibge_regioes.csv,.csv,dado_tabular_ou_serializado,365,2026-08-13T01:01:47.432000+00:00,,nao_identificada,conjuntura,conjuntura,api_ibge_regioes_csv,api_ibge_regioes,raw_sharepoint_api_ibge_regioes_csv
data-lake-mcid,raw/sharepoint/,raw/sharepoint/api_ibge_uf.csv,raw,api_ibge_uf.csv,.csv,dado_tabular_ou_serializado,2144,2026-08-13T01:01:47.165000+00:00,,nao_identificada,conjuntura,conjuntura,api_ibge_uf_csv,api_ibge_uf,raw_sharepoint_api_ibge_uf_csv
data-lake-mcid,raw/sharepoint/,raw/sharepoint/base_trabalho_social_far_bb.csv,raw,base_trabalho_social_far_bb.csv,.csv,dado_tabular_ou_serializado,59159,2026-08-13T01:01:47.708000+00:00,,nao_identificada,far,far,base_trabalho_social_far_bb_csv,base_trabalho_social_far_bb,raw_sharepoint_base_trabalho_social_far_bb_csv
data-lake-mcid,raw/sharepoint/,raw/sharepoint/base_trabalho_social_far_caixa.csv,raw,base_trabalho_social_far_caixa.csv,.csv,dado_tabular_ou_serializado,1084621,2026-08-13T01:01:47.075000+00:00,,nao_identificada,far,far,base_trabalho_social_far_caixa_csv,base_trabalho_social_far_caixa,raw_sharepoint_base_trabalho_social_far_caixa_csv
data-lake-mcid,raw/sharepoint/,raw/sharepoint/base_trabalho_social_fds_caixa.csv,raw,base_trabalho_social_fds_caixa.csv,.csv,dado_tabular_ou_serializado,235047,2026-08-13T01:01:47.342000+00:00,,nao_identificada,entidades,entidades,base_trabalho_social_fds_caixa_csv,base_trabalho_social_fds_caixa,raw_sharepoint_base_trabalho_social_fds_caixa_csv
data-lake-mcid,raw/sharepoint/,raw/sharepoint/base_trabalho_social_pnhr_bb.csv,raw,base_trabalho_social_pnhr_bb.csv,.csv,dado_tabular_ou_serializado,308001,2026-08-13T01:01:47.530000+00:00,,nao_identificada,rural,rural,base_trabalho_social_pnhr_bb_csv,base_trabalho_social_pnhr_bb,raw_sharepoint_base_trabalho_social_pnhr_bb_csv
data-lake-mcid,raw/sharepoint/,raw/sharepoint/base_trabalho_social_pnhr_rural_caixa.csv,raw,base_trabalho_social_pnhr_rural_caixa.csv,.csv,dado_tabular_ou_serializado,2711573,2026-08-13T01:01:47.852000+00:00,,nao_identificada,rural,rural,base_trabalho_social_pnhr_rural_caixa_csv,base_trabalho_social_pnhr_rural_caixa,raw_sharepoint_base_trabalho_social_pnhr_rural_caixa_csv
data-lake-mcid,raw/sharepoint/,raw/sharepoint/dados_abertos_mcmv_fgts_analitico.csv,raw,dados_abertos_mcmv_fgts_analitico.csv,.csv,dado_tabular_ou_serializado,1745088840,2026-08-13T01:01:46.971000+00:00,,fgts,mcmv_geral;fgts_financiado,fgts_financiado,dados_abertos_mcmv_fgts_analitico_csv,dados_abertos_mcmv_fgts_analitico,raw_sharepoint_dados_abertos_mcmv_fgts_analitico_csv
data-lake-mcid,raw/sharepoint/,raw/sharepoint/dados_abertos_mcmv_fgts_sintetico.csv,raw,dados_abertos_mcmv_fgts_sintetico.csv,.csv,dado_tabular_ou_serializado,7928964,2026-08-13T01:01:41.473000+00:00,,fgts,mcmv_geral;fgts_financiado,fgts_financiado,dados_abertos_mcmv_fgts_sintetico_csv,dados_abertos_mcmv_fgts_sintetico,raw_sharepoint_dados_abertos_mcmv_fgts_sintetico_csv
data-lake-mcid,raw/sharepoint/,raw/sharepoint/dados_abertos_mcmv_ogu_empreendimentos.csv,raw,dados_abertos_mcmv_ogu_empreendimentos.csv,.csv,dado_tabular_ou_serializado,4944732,2026-08-13T01:01:40.696000+00:00,,ogu,mcmv_geral;ogu_subsidiado,ogu_subsidiado,dados_abertos_mcmv_ogu_empreendimentos_csv,dados_abertos_mcmv_ogu_empreendimentos,raw_sharepoint_dados_abertos_mcmv_ogu_empreendimentos_csv
data-lake-mcid,raw/sharepoint/,raw/sharepoint/dados_abertos_orcamento_2024.csv,raw,dados_abertos_orcamento_2024.csv,.csv,dado_tabular_ou_serializado,2160,2026-08-13T01:01:41.150000+00:00,,nao_identificada,nao_classificado,nao_classificado,dados_abertos_orcamento_2024_csv,dados_abertos_orcamento_2024,raw_sharepoint_dados_abertos_orcamento_2024_csv
data-lake-mcid,raw/sharepoint/,raw/sharepoint/dados_abertos_orcamento_emendas_parlamentares_2024.csv,raw,dados_abertos_orcamento_emendas_parlamentares_2024.csv,.csv,dado_tabular_ou_serializado,6752,2026-08-13T01:01:41.357000+00:00,,nao_identificada,nao_classificado,nao_classificado,dados_abertos_orcamento_emendas_parlamentares_2024_csv,dados_abertos_orcamento_emendas_parlamentares_2024,raw_sharepoint_dados_abertos_orcamento_emendas_parlamentares_2024_csv
data-lake-mcid,raw/sharepoint/,raw/sharepoint/dados_abertos_orcamento_uh_emendas_parlamentares.csv,raw,dados_abertos_orcamento_uh_emendas_parlamentares.csv,.csv,dado_tabular_ou_serializado,2931,2026-08-13T01:01:40.829000+00:00,,nao_identificada,nao_classificado,nao_classificado,dados_abertos_orcamento_uh_emendas_parlamentares_csv,dados_abertos_orcamento_uh_emendas_parlamentares,raw_sharepoint_dados_abertos_orcamento_uh_emendas_parlamentares_csv
data-lake-mcid,raw/sharepoint/,raw/sharepoint/dados_abertos_pbqp_h_siac.csv,raw,dados_abertos_pbqp_h_siac.csv,.csv,dado_tabular_ou_serializado,634916,2026-08-13T01:01:41.254000+00:00,,nao_identificada,nao_classificado,nao_classificado,dados_abertos_pbqp_h_siac_csv,dados_abertos_pbqp_h_siac,raw_sharepoint_dados_abertos_pbqp_h_siac_csv
data-lake-mcid,raw/sharepoint/,raw/sharepoint/dados_abertos_pbqp_h_simac.csv,raw,dados_abertos_pbqp_h_simac.csv,.csv,dado_tabular_ou_serializado,765384,2026-08-13T01:01:41.064000+00:00,,nao_identificada,nao_classificado,nao_classificado,dados_abertos_pbqp_h_simac_csv,dados_abertos_pbqp_h_simac,raw_sharepoint_dados_abertos_pbqp_h_simac_csv
data-lake-mcid,raw/sharepoint/,raw/sharepoint/dados_abertos_snhis_regularidade_entes.csv,raw,dados_abertos_snhis_regularidade_entes.csv,.csv,dado_tabular_ou_serializado,1245803,2026-08-13T01:01:40.962000+00:00,,nao_identificada,nao_classificado,nao_classificado,dados_abertos_snhis_regularidade_entes_csv,dados_abertos_snhis_regularidade_entes,raw_sharepoint_dados_abertos_snhis_regularidade_entes_csv
data-lake-mcid,raw/sharepoint/,raw/sharepoint/dados_geoespaciais_geo_legado_far.csv,raw,dados_geoespaciais_geo_legado_far.csv,.csv,dado_tabular_ou_serializado,1326006,2026-08-13T01:01:40.560000+00:00,,nao_identificada,far,far,dados_geoespaciais_geo_legado_far_csv,dados_geoespaciais_geo_legado_far,raw_sharepoint_dados_geoespaciais_geo_legado_far_csv
data-lake-mcid,raw/sharepoint/,raw/sharepoint/dados_geoespaciais_geo_legado_fds.csv,raw,dados_geoespaciais_geo_legado_fds.csv,.csv,dado_tabular_ou_serializado,180019,2026-08-13T01:01:40.403000+00:00,,nao_identificada,entidades,entidades,dados_geoespaciais_geo_legado_fds_csv,dados_geoespaciais_geo_legado_fds,raw_sharepoint_dados_geoespaciais_geo_legado_fds_csv
data-lake-mcid,raw/sharepoint/,raw/sharepoint/dados_geoespaciais_geo_legado_par.csv,raw,dados_geoespaciais_geo_legado_par.csv,.csv,dado_tabular_ou_serializado,401245,2026-08-13T01:01:40.071000+00:00,,nao_identificada,nao_classificado,nao_classificado,dados_geoespaciais_geo_legado_par_csv,dados_geoespaciais_geo_legado_par,raw_sharepoint_dados_geoespaciais_geo_legado_par_csv
data-lake-mcid,raw/sharepoint/,raw/sharepoint/dados_prioritarios_disponibilizados_snh_empreendimentos.csv,raw,dados_prioritarios_disponibilizados_snh_empreendimentos.csv,.csv,dado_tabular_ou_serializado,9357881,2026-08-13T01:01:40.308000+00:00,,nao_identificada,nao_classificado,nao_classificado,dados_prioritarios_disponibilizados_snh_empreendimentos_csv,dados_prioritarios_disponibilizados_snh_empreendimentos,raw_sharepoint_dados_prioritarios_disponibilizados_snh_empreendimentos_csv
data-lake-mcid,raw/sharepoint/,raw/sharepoint/dados_prioritarios_recebidos_bb_empreendimentos.csv,raw,dados_prioritarios_recebidos_bb_empreendimentos.csv,.csv,dado_tabular_ou_serializado,395372,2026-08-13T01:01:40.172000+00:00,,nao_identificada,nao_classificado,nao_classificado,dados_prioritarios_recebidos_bb_empreendimentos_csv,dados_prioritarios_recebidos_bb_empreendimentos,raw_sharepoint_dados_prioritarios_recebidos_bb_empreendimentos_csv
data-lake-mcid,raw/sharepoint/,raw/sharepoint/dados_prioritarios_recebidos_bb_entregas.csv,raw,dados_prioritarios_recebidos_bb_entregas.csv,.csv,dado_tabular_ou_serializado,738527,2026-08-13T01:01:39.771000+00:00,,entregas,nao_classificado,nao_classificado,dados_prioritarios_recebidos_bb_entregas_csv,dados_prioritarios_recebidos_bb_entregas,raw_sharepoint_dados_prioritarios_recebidos_bb_entregas_csv
data-lake-mcid,raw/sharepoint/,raw/sharepoint/dados_prioritarios_recebidos_caixa_empreendimentos.csv,raw,dados_prioritarios_recebidos_caixa_empreendimentos.csv,.csv,dado_tabular_ou_serializado,5372243,2026-08-13T01:01:39.161000+00:00,,nao_identificada,nao_classificado,nao_classificado,dados_prioritarios_recebidos_caixa_empreendimentos_csv,dados_prioritarios_recebidos_caixa_empreendimentos,raw_sharepoint_dados_prioritarios_recebidos_caixa_empreendimentos_csv
data-lake-mcid,raw/sharepoint/,raw/sharepoint/dados_prioritarios_recebidos_caixa_entregas.csv,raw,dados_prioritarios_recebidos_caixa_entregas.csv,.csv,dado_tabular_ou_serializado,1363236,2026-08-13T01:01:39.052000+00:00,,entregas,nao_classificado,nao_classificado,dados_prioritarios_recebidos_caixa_entregas_csv,dados_prioritarios_recebidos_caixa_entregas,raw_sharepoint_dados_prioritarios_recebidos_caixa_entregas_csv
data-lake-mcid,raw/sharepoint/,raw/sharepoint/dados_prioritarios_semanal_caixa_empreendimentos.csv,raw,dados_prioritarios_semanal_caixa_empreendimentos.csv,.csv,dado_tabular_ou_serializado,806,2026-08-13T01:01:39.508000+00:00,,nao_identificada,nao_classificado,nao_classificado,dados_prioritarios_semanal_caixa_empreendimentos_csv,dados_prioritarios_semanal_caixa_empreendimentos,raw_sharepoint_dados_prioritarios_semanal_caixa_empreendimentos_csv
data-lake-mcid,raw/sharepoint/,raw/sharepoint/dados_prioritarios_semanal_recebidos_caixa_empreendimentos.csv,raw,dados_prioritarios_semanal_recebidos_caixa_empreendimentos.csv,.csv,dado_tabular_ou_serializado,803,2026-08-13T01:01:39.262000+00:00,,nao_identificada,nao_classificado,nao_classificado,dados_prioritarios_semanal_recebidos_caixa_empreendimentos_csv,dados_prioritarios_semanal_recebidos_caixa_empreendimentos,raw_sharepoint_dados_prioritarios_semanal_recebidos_caixa_empreendimentos_csv
data-lake-mcid,raw/sharepoint/,raw/sharepoint/fgts_canal_tab_ao_1_apf_posicao.csv,raw,fgts_canal_tab_ao_1_apf_posicao.csv,.csv,dado_tabular_ou_serializado,89,2026-08-13T01:01:39.379000+00:00,,fgts,fgts_financiado,fgts_financiado,fgts_canal_tab_ao_1_apf_posicao_csv,fgts_canal_tab_ao_1_apf_posicao,raw_sharepoint_fgts_canal_tab_ao_1_apf_posicao_csv
data-lake-mcid,raw/sharepoint/,raw/sharepoint/fgts_canal_tab_ao_1_contratos_fgts.csv,raw,fgts_canal_tab_ao_1_contratos_fgts.csv,.csv,dado_tabular_ou_serializado,24428064,2026-08-13T01:01:38.945000+00:00,,fgts,fgts_financiado,fgts_financiado,fgts_canal_tab_ao_1_contratos_fgts_csv,fgts_canal_tab_ao_1_contratos_fgts,raw_sharepoint_fgts_canal_tab_ao_1_contratos_fgts_csv
data-lake-mcid,raw/sharepoint/,raw/sharepoint/fgts_canal_tab_ao_1_operacoes_pj_pf.csv,raw,fgts_canal_tab_ao_1_operacoes_pj_pf.csv,.csv,dado_tabular_ou_serializado,876,2026-08-13T01:01:38.670000+00:00,,fgts,fgts_financiado,fgts_financiado,fgts_canal_tab_ao_1_operacoes_pj_pf_csv,fgts_canal_tab_ao_1_operacoes_pj_pf,raw_sharepoint_fgts_canal_tab_ao_1_operacoes_pj_pf_csv
data-lake-mcid,raw/sharepoint/,raw/sharepoint/fgts_canal_tab_ao_1_rlc_empreendimentos_municipios.csv,raw,fgts_canal_tab_ao_1_rlc_empreendimentos_municipios.csv,.csv,dado_tabular_ou_serializado,63713,2026-08-13T01:01:38.765000+00:00,,fgts,fgts_financiado,fgts_financiado,fgts_canal_tab_ao_1_rlc_empreendimentos_municipios_csv,fgts_canal_tab_ao_1_rlc_empreendimentos_municipios,raw_sharepoint_fgts_canal_tab_ao_1_rlc_empreendimentos_municipios_csv
data-lake-mcid,raw/sharepoint/,raw/sharepoint/fgts_canal_tab_ao_1_tab_empreendimentos.csv,raw,fgts_canal_tab_ao_1_tab_empreendimentos.csv,.csv,dado_tabular_ou_serializado,19385672,2026-08-13T01:01:38.561000+00:00,,fgts,fgts_financiado,fgts_financiado,fgts_canal_tab_ao_1_tab_empreendimentos_csv,fgts_canal_tab_ao_1_tab_empreendimentos,raw_sharepoint_fgts_canal_tab_ao_1_tab_empreendimentos_csv
data-lake-mcid,raw/sharepoint/,raw/sharepoint/fgts_canal_tab_ao_1_tab_empreendimentos_construtor.csv,raw,fgts_canal_tab_ao_1_tab_empreendimentos_construtor.csv,.csv,dado_tabular_ou_serializado,65976537,2026-08-13T01:01:38.402000+00:00,,fgts,fgts_financiado,fgts_financiado,fgts_canal_tab_ao_1_tab_empreendimentos_construtor_csv,fgts_canal_tab_ao_1_tab_empreendimentos_construtor,raw_sharepoint_fgts_canal_tab_ao_1_tab_empreendimentos_construtor_csv
data-lake-mcid,raw/sharepoint/,raw/sharepoint/fgts_canal_tab_ao_1_tab_empreendimentos_gps.csv,raw,fgts_canal_tab_ao_1_tab_empreendimentos_gps.csv,.csv,dado_tabular_ou_serializado,16242172,2026-08-13T01:01:37.830000+00:00,,fgts,fgts_financiado,fgts_financiado,fgts_canal_tab_ao_1_tab_empreendimentos_gps_csv,fgts_canal_tab_ao_1_tab_empreendimentos_gps,raw_sharepoint_fgts_canal_tab_ao_1_tab_empreendimentos_gps_csv
data-lake-mcid,raw/sharepoint/,raw/sharepoint/fgts_canal_tab_ao_1_tab_empreendimentos_posicoes.csv,raw,fgts_canal_tab_ao_1_tab_empreendimentos_posicoes.csv,.csv,dado_tabular_ou_serializado,6574888,2026-08-13T01:01:38.064000+00:00,,fgts,fgts_financiado,fgts_financiado,fgts_canal_tab_ao_1_tab_empreendimentos_posicoes_csv,fgts_canal_tab_ao_1_tab_empreendimentos_posicoes,raw_sharepoint_fgts_canal_tab_ao_1_tab_empreendimentos_posicoes_csv
data-lake-mcid,raw/sharepoint/,raw/sharepoint/fgts_canal_tab_ao_1_tab_unid_hab_fx_1_5_pmcmv.csv,raw,fgts_canal_tab_ao_1_tab_unid_hab_fx_1_5_pmcmv.csv,.csv,dado_tabular_ou_serializado,21214,2026-08-13T01:01:36.619000+00:00,,fgts,fgts_financiado,fgts_financiado,fgts_canal_tab_ao_1_tab_unid_hab_fx_1_5_pmcmv_csv,fgts_canal_tab_ao_1_tab_unid_hab_fx_1_5_pmcmv,raw_sharepoint_fgts_canal_tab_ao_1_tab_unid_hab_fx_1_5_pmcmv_csv
data-lake-mcid,raw/sharepoint/,raw/sharepoint/fgts_canal_tab_ao_2_operacoes_paralisadas_fgts_setorpublico.csv,raw,fgts_canal_tab_ao_2_operacoes_paralisadas_fgts_setorpublico.csv,.csv,dado_tabular_ou_serializado,109716,2026-08-13T01:01:37.948000+00:00,,fgts,fgts_financiado,fgts_financiado,fgts_canal_tab_ao_2_operacoes_paralisadas_fgts_setorpublico_csv,fgts_canal_tab_ao_2_operacoes_paralisadas_fgts_setorpublico,raw_sharepoint_fgts_canal_tab_ao_2_operacoes_paralisadas_fgts_setorpublico_csv
data-lake-mcid,raw/sharepoint/,raw/sharepoint/fgts_canal_tab_ao_2_tab_desembolsos_fgts.csv,raw,fgts_canal_tab_ao_2_tab_desembolsos_fgts.csv,.csv,dado_tabular_ou_serializado,97109819,2026-08-13T01:01:36.500000+00:00,,fgts,fgts_financiado,fgts_financiado,fgts_canal_tab_ao_2_tab_desembolsos_fgts_csv,fgts_canal_tab_ao_2_tab_desembolsos_fgts,raw_sharepoint_fgts_canal_tab_ao_2_tab_desembolsos_fgts_csv
data-lake-mcid,raw/sharepoint/,raw/sharepoint/fgts_canal_tab_ao_2_tab_execucoes_obras.csv,raw,fgts_canal_tab_ao_2_tab_execucoes_obras.csv,.csv,dado_tabular_ou_serializado,65725918,2026-08-13T01:01:36.054000+00:00,,fgts,fgts_financiado,fgts_financiado,fgts_canal_tab_ao_2_tab_execucoes_obras_csv,fgts_canal_tab_ao_2_tab_execucoes_obras,raw_sharepoint_fgts_canal_tab_ao_2_tab_execucoes_obras_csv
data-lake-mcid,raw/sharepoint/,raw/sharepoint/fgts_canal_tab_ao_3_acompanhamento_termino_obra.csv,raw,fgts_canal_tab_ao_3_acompanhamento_termino_obra.csv,.csv,dado_tabular_ou_serializado,516325133,2026-08-13T01:01:35.527000+00:00,,fgts,fgts_financiado,fgts_financiado,fgts_canal_tab_ao_3_acompanhamento_termino_obra_csv,fgts_canal_tab_ao_3_acompanhamento_termino_obra,raw_sharepoint_fgts_canal_tab_ao_3_acompanhamento_termino_obra_csv
data-lake-mcid,raw/sharepoint/,raw/sharepoint/fgts_canal_tab_cci_cca_cca_analitico.csv,raw,fgts_canal_tab_cci_cca_cca_analitico.csv,.csv,dado_tabular_ou_serializado,9289357,2026-08-13T01:01:35.707000+00:00,,fgts,fgts_financiado,fgts_financiado,fgts_canal_tab_cci_cca_cca_analitico_csv,fgts_canal_tab_cci_cca_cca_analitico,raw_sharepoint_fgts_canal_tab_cci_cca_cca_analitico_csv
data-lake-mcid,raw/sharepoint/,raw/sharepoint/fgts_canal_tab_cci_cca_cci_analitico.csv,raw,fgts_canal_tab_cci_cca_cci_analitico.csv,.csv,dado_tabular_ou_serializado,12106693,2026-08-13T01:01:33.827000+00:00,,fgts,fgts_financiado,fgts_financiado,fgts_canal_tab_cci_cca_cci_analitico_csv,fgts_canal_tab_cci_cca_cci_analitico,raw_sharepoint_fgts_canal_tab_cci_cca_cci_analitico_csv
data-lake-mcid,raw/sharepoint/,raw/sharepoint/fgts_canal_tab_cci_cca_posicao_cci_cca.csv,raw,fgts_canal_tab_cci_cca_posicao_cci_cca.csv,.csv,dado_tabular_ou_serializado,196,2026-08-13T01:01:32.927000+00:00,,fgts,fgts_financiado,fgts_financiado,fgts_canal_tab_cci_cca_posicao_cci_cca_csv,fgts_canal_tab_cci_cca_posicao_cci_cca,raw_sharepoint_fgts_canal_tab_cci_cca_posicao_cci_cca_csv
data-lake-mcid,raw/sharepoint/,raw/sharepoint/fgts_canal_tab_cci_cca_pro_cotista.csv,raw,fgts_canal_tab_cci_cca_pro_cotista.csv,.csv,dado_tabular_ou_serializado,44313,2026-08-13T01:01:33.405000+00:00,,fgts,fgts_financiado,fgts_financiado,fgts_canal_tab_cci_cca_pro_cotista_csv,fgts_canal_tab_cci_cca_pro_cotista,raw_sharepoint_fgts_canal_tab_cci_cca_pro_cotista_csv
data-lake-mcid,raw/sharepoint/,raw/sharepoint/fgts_canal_tdom_ao_1_area.csv,raw,fgts_canal_tdom_ao_1_area.csv,.csv,dado_tabular_ou_serializado,284,2026-08-13T01:01:33.220000+00:00,,fgts,fgts_financiado,fgts_financiado,fgts_canal_tdom_ao_1_area_csv,fgts_canal_tdom_ao_1_area,raw_sharepoint_fgts_canal_tdom_ao_1_area_csv
data-lake-mcid,raw/sharepoint/,raw/sharepoint/fgts_canal_tdom_ao_1_entidades.csv,raw,fgts_canal_tdom_ao_1_entidades.csv,.csv,dado_tabular_ou_serializado,707902,2026-08-13T01:01:33.041000+00:00,,fgts,fgts_financiado;entidades,entidades,fgts_canal_tdom_ao_1_entidades_csv,fgts_canal_tdom_ao_1_entidades,raw_sharepoint_fgts_canal_tdom_ao_1_entidades_csv
data-lake-mcid,raw/sharepoint/,raw/sharepoint/fgts_canal_tdom_ao_1_justificativa_de_obra.csv,raw,fgts_canal_tdom_ao_1_justificativa_de_obra.csv,.csv,dado_tabular_ou_serializado,2709,2026-08-13T01:01:33.310000+00:00,,fgts,fgts_financiado,fgts_financiado,fgts_canal_tdom_ao_1_justificativa_de_obra_csv,fgts_canal_tdom_ao_1_justificativa_de_obra,raw_sharepoint_fgts_canal_tdom_ao_1_justificativa_de_obra_csv
data-lake-mcid,raw/sharepoint/,raw/sharepoint/fgts_canal_tdom_ao_1_linha.csv,raw,fgts_canal_tdom_ao_1_linha.csv,.csv,dado_tabular_ou_serializado,1514,2026-08-13T01:01:33.683000+00:00,,fgts,fgts_financiado,fgts_financiado,fgts_canal_tdom_ao_1_linha_csv,fgts_canal_tdom_ao_1_linha,raw_sharepoint_fgts_canal_tdom_ao_1_linha_csv
data-lake-mcid,raw/sharepoint/,raw/sharepoint/fgts_canal_tdom_ao_1_modalidade.csv,raw,fgts_canal_tdom_ao_1_modalidade.csv,.csv,dado_tabular_ou_serializado,3327,2026-08-13T01:01:33.583000+00:00,,fgts,fgts_financiado,fgts_financiado,fgts_canal_tdom_ao_1_modalidade_csv,fgts_canal_tdom_ao_1_modalidade,raw_sharepoint_fgts_canal_tdom_ao_1_modalidade_csv
data-lake-mcid,raw/sharepoint/,raw/sharepoint/fgts_canal_tdom_ao_1_municipios.csv,raw,fgts_canal_tdom_ao_1_municipios.csv,.csv,dado_tabular_ou_serializado,357172,2026-08-13T01:01:33.494000+00:00,,fgts,fgts_financiado,fgts_financiado,fgts_canal_tdom_ao_1_municipios_csv,fgts_canal_tdom_ao_1_municipios,raw_sharepoint_fgts_canal_tdom_ao_1_municipios_csv
data-lake-mcid,raw/sharepoint/,raw/sharepoint/fgts_canal_tdom_ao_1_situacao_da_obra.csv,raw,fgts_canal_tdom_ao_1_situacao_da_obra.csv,.csv,dado_tabular_ou_serializado,1242,2026-08-13T01:01:32.835000+00:00,,fgts,fgts_financiado,fgts_financiado,fgts_canal_tdom_ao_1_situacao_da_obra_csv,fgts_canal_tdom_ao_1_situacao_da_obra,raw_sharepoint_fgts_canal_tdom_ao_1_situacao_da_obra_csv
data-lake-mcid,raw/sharepoint/,raw/sharepoint/fgts_canal_tdom_ao_1_situacao_do_contrato.csv,raw,fgts_canal_tdom_ao_1_situacao_do_contrato.csv,.csv,dado_tabular_ou_serializado,1518,2026-08-13T01:01:33.140000+00:00,,fgts,fgts_financiado,fgts_financiado,fgts_canal_tdom_ao_1_situacao_do_contrato_csv,fgts_canal_tdom_ao_1_situacao_do_contrato,raw_sharepoint_fgts_canal_tdom_ao_1_situacao_do_contrato_csv
data-lake-mcid,raw/sharepoint/,raw/sharepoint/fgts_canal_tdom_ao_1_uor.csv,raw,fgts_canal_tdom_ao_1_uor.csv,.csv,dado_tabular_ou_serializado,19071,2026-08-13T01:00:55.892000+00:00,,fgts,fgts_financiado,fgts_financiado,fgts_canal_tdom_ao_1_uor_csv,fgts_canal_tdom_ao_1_uor,raw_sharepoint_fgts_canal_tdom_ao_1_uor_csv
data-lake-mcid,raw/sharepoint/,raw/sharepoint/fgts_canal_tdom_cci_cca_area.csv,raw,fgts_canal_tdom_cci_cca_area.csv,.csv,dado_tabular_ou_serializado,284,2026-08-13T01:00:55.990000+00:00,,fgts,fgts_financiado,fgts_financiado,fgts_canal_tdom_cci_cca_area_csv,fgts_canal_tdom_cci_cca_area,raw_sharepoint_fgts_canal_tdom_cci_cca_area_csv
data-lake-mcid,raw/sharepoint/,raw/sharepoint/fgts_canal_tdom_cci_cca_entidades.csv,raw,fgts_canal_tdom_cci_cca_entidades.csv,.csv,dado_tabular_ou_serializado,708822,2026-08-13T01:01:32.740000+00:00,,fgts,fgts_financiado;entidades,entidades,fgts_canal_tdom_cci_cca_entidades_csv,fgts_canal_tdom_cci_cca_entidades,raw_sharepoint_fgts_canal_tdom_cci_cca_entidades_csv
data-lake-mcid,raw/sharepoint/,raw/sharepoint/fgts_canal_tdom_cci_cca_faixa_de_renda.csv,raw,fgts_canal_tdom_cci_cca_faixa_de_renda.csv,.csv,dado_tabular_ou_serializado,1084,2026-08-13T01:00:56.325000+00:00,,fgts,fgts_financiado,fgts_financiado,fgts_canal_tdom_cci_cca_faixa_de_renda_csv,fgts_canal_tdom_cci_cca_faixa_de_renda,raw_sharepoint_fgts_canal_tdom_cci_cca_faixa_de_renda_csv
data-lake-mcid,raw/sharepoint/,raw/sharepoint/fgts_canal_tdom_cci_cca_linha.csv,raw,fgts_canal_tdom_cci_cca_linha.csv,.csv,dado_tabular_ou_serializado,1514,2026-08-13T01:00:56.443000+00:00,,fgts,fgts_financiado,fgts_financiado,fgts_canal_tdom_cci_cca_linha_csv,fgts_canal_tdom_cci_cca_linha,raw_sharepoint_fgts_canal_tdom_cci_cca_linha_csv
data-lake-mcid,raw/sharepoint/,raw/sharepoint/fgts_canal_tdom_cci_cca_municipios.csv,raw,fgts_canal_tdom_cci_cca_municipios.csv,.csv,dado_tabular_ou_serializado,357172,2026-08-13T01:00:56.086000+00:00,,fgts,fgts_financiado,fgts_financiado,fgts_canal_tdom_cci_cca_municipios_csv,fgts_canal_tdom_cci_cca_municipios,raw_sharepoint_fgts_canal_tdom_cci_cca_municipios_csv
data-lake-mcid,raw/sharepoint/,raw/sharepoint/fgts_canal_tdom_cci_cca_uor.csv,raw,fgts_canal_tdom_cci_cca_uor.csv,.csv,dado_tabular_ou_serializado,19071,2026-08-13T01:00:56.186000+00:00,,fgts,fgts_financiado,fgts_financiado,fgts_canal_tdom_cci_cca_uor_csv,fgts_canal_tdom_cci_cca_uor,raw_sharepoint_fgts_canal_tdom_cci_cca_uor_csv
data-lake-mcid,raw/sharepoint/,raw/sharepoint/fgts_sftp_empreendimentos_base_pj.csv,raw,fgts_sftp_empreendimentos_base_pj.csv,.csv,dado_tabular_ou_serializado,6378310,2026-08-13T01:00:55.499000+00:00,,fgts,fgts_financiado,fgts_financiado,fgts_sftp_empreendimentos_base_pj_csv,fgts_sftp_empreendimentos_base_pj,raw_sharepoint_fgts_sftp_empreendimentos_base_pj_csv
data-lake-mcid,raw/sharepoint/,raw/sharepoint/fgts_site_contratacao_diaria.csv,raw,fgts_site_contratacao_diaria.csv,.csv,dado_tabular_ou_serializado,1420912,2026-08-13T01:00:55.802000+00:00,,fgts,fgts_financiado,fgts_financiado,fgts_site_contratacao_diaria_csv,fgts_site_contratacao_diaria,raw_sharepoint_fgts_site_contratacao_diaria_csv
data-lake-mcid,raw/sharepoint/,raw/sharepoint/int_andamento_obra_bb.csv,raw,int_andamento_obra_bb.csv,.csv,dado_tabular_ou_serializado,13747,2026-08-13T01:00:55.039000+00:00,,nao_identificada,nao_classificado,nao_classificado,int_andamento_obra_bb_csv,int_andamento_obra_bb,raw_sharepoint_int_andamento_obra_bb_csv
data-lake-mcid,raw/sharepoint/,raw/sharepoint/int_andamento_obra_caixa.csv,raw,int_andamento_obra_caixa.csv,.csv,dado_tabular_ou_serializado,82415,2026-08-13T01:00:55.274000+00:00,,nao_identificada,nao_classificado,nao_classificado,int_andamento_obra_caixa_csv,int_andamento_obra_caixa,raw_sharepoint_int_andamento_obra_caixa_csv
data-lake-mcid,raw/sharepoint/,raw/sharepoint/int_empreendimentos_int040_far_caixa_pj.csv,raw,int_empreendimentos_int040_far_caixa_pj.csv,.csv,dado_tabular_ou_serializado,3393577,2026-08-13T01:00:55.705000+00:00,,nao_identificada,far,far,int_empreendimentos_int040_far_caixa_pj_csv,int_empreendimentos_int040_far_caixa_pj,raw_sharepoint_int_empreendimentos_int040_far_caixa_pj_csv
data-lake-mcid,raw/sharepoint/,raw/sharepoint/int_empreendimentos_int054_far_bb_pj.csv,raw,int_empreendimentos_int054_far_bb_pj.csv,.csv,dado_tabular_ou_serializado,97944,2026-08-13T01:00:55.383000+00:00,,nao_identificada,far,far,int_empreendimentos_int054_far_bb_pj_csv,int_empreendimentos_int054_far_bb_pj,raw_sharepoint_int_empreendimentos_int054_far_bb_pj_csv
data-lake-mcid,raw/sharepoint/,raw/sharepoint/int_empreendimentos_int057_pnhr_bb_pj.csv,raw,int_empreendimentos_int057_pnhr_bb_pj.csv,.csv,dado_tabular_ou_serializado,520783,2026-08-13T01:00:55.594000+00:00,,nao_identificada,rural,rural,int_empreendimentos_int057_pnhr_bb_pj_csv,int_empreendimentos_int057_pnhr_bb_pj,raw_sharepoint_int_empreendimentos_int057_pnhr_bb_pj_csv
data-lake-mcid,raw/sharepoint/,raw/sharepoint/int_empreendimentos_int059_fds_caixa_pj.csv,raw,int_empreendimentos_int059_fds_caixa_pj.csv,.csv,dado_tabular_ou_serializado,638668,2026-08-13T01:00:55.183000+00:00,,nao_identificada,entidades,entidades,int_empreendimentos_int059_fds_caixa_pj_csv,int_empreendimentos_int059_fds_caixa_pj,raw_sharepoint_int_empreendimentos_int059_fds_caixa_pj_csv
data-lake-mcid,raw/sharepoint/,raw/sharepoint/int_empreendimentos_int065_pnhr_caixa_pj.csv,raw,int_empreendimentos_int065_pnhr_caixa_pj.csv,.csv,dado_tabular_ou_serializado,3800980,2026-08-13T01:00:54.551000+00:00,,nao_identificada,rural,rural,int_empreendimentos_int065_pnhr_caixa_pj_csv,int_empreendimentos_int065_pnhr_caixa_pj,raw_sharepoint_int_empreendimentos_int065_pnhr_caixa_pj_csv
data-lake-mcid,raw/sharepoint/,raw/sharepoint/int_empreendimentos_int_040_far_caixa_pj.csv,raw,int_empreendimentos_int_040_far_caixa_pj.csv,.csv,dado_tabular_ou_serializado,3393577,2026-08-13T01:00:54.950000+00:00,,nao_identificada,far,far,int_empreendimentos_int_040_far_caixa_pj_csv,int_empreendimentos_int_040_far_caixa_pj,raw_sharepoint_int_empreendimentos_int_040_far_caixa_pj_csv
data-lake-mcid,raw/sharepoint/,raw/sharepoint/int_empreendimentos_int_054_far_bb_pj.csv,raw,int_empreendimentos_int_054_far_bb_pj.csv,.csv,dado_tabular_ou_serializado,97944,2026-08-13T01:00:54.843000+00:00,,nao_identificada,far,far,int_empreendimentos_int_054_far_bb_pj_csv,int_empreendimentos_int_054_far_bb_pj,raw_sharepoint_int_empreendimentos_int_054_far_bb_pj_csv
data-lake-mcid,raw/sharepoint/,raw/sharepoint/int_empreendimentos_int_057_pnhr_bb_pj.csv,raw,int_empreendimentos_int_057_pnhr_bb_pj.csv,.csv,dado_tabular_ou_serializado,520783,2026-08-13T01:00:54.414000+00:00,,nao_identificada,rural,rural,int_empreendimentos_int_057_pnhr_bb_pj_csv,int_empreendimentos_int_057_pnhr_bb_pj,raw_sharepoint_int_empreendimentos_int_057_pnhr_bb_pj_csv
data-lake-mcid,raw/sharepoint/,raw/sharepoint/int_empreendimentos_int_059_fds_caixa_pj.csv,raw,int_empreendimentos_int_059_fds_caixa_pj.csv,.csv,dado_tabular_ou_serializado,735914,2026-08-13T01:00:54.643000+00:00,,nao_identificada,entidades,entidades,int_empreendimentos_int_059_fds_caixa_pj_csv,int_empreendimentos_int_059_fds_caixa_pj,raw_sharepoint_int_empreendimentos_int_059_fds_caixa_pj_csv
data-lake-mcid,raw/sharepoint/,raw/sharepoint/int_empreendimentos_int_065_pnhr_caixa_pj.csv,raw,int_empreendimentos_int_065_pnhr_caixa_pj.csv,.csv,dado_tabular_ou_serializado,3800980,2026-08-13T01:00:54.755000+00:00,,nao_identificada,rural,rural,int_empreendimentos_int_065_pnhr_caixa_pj_csv,int_empreendimentos_int_065_pnhr_caixa_pj,raw_sharepoint_int_empreendimentos_int_065_pnhr_caixa_pj_csv
data-lake-mcid,raw/sharepoint/,raw/sharepoint/int_financeiro_int055_liberacoes_caixa_bb.csv,raw,int_financeiro_int055_liberacoes_caixa_bb.csv,.csv,dado_tabular_ou_serializado,27366433,2026-08-13T01:00:54.307000+00:00,,nao_identificada,nao_classificado,nao_classificado,int_financeiro_int055_liberacoes_caixa_bb_csv,int_financeiro_int055_liberacoes_caixa_bb,raw_sharepoint_int_financeiro_int055_liberacoes_caixa_bb_csv
data-lake-mcid,raw/sharepoint/,raw/sharepoint/int_financeiro_int068_solicitacao_liberacao_obra.csv,raw,int_financeiro_int068_solicitacao_liberacao_obra.csv,.csv,dado_tabular_ou_serializado,8898383,2026-08-13T01:00:54.101000+00:00,,nao_identificada,nao_classificado,nao_classificado,int_financeiro_int068_solicitacao_liberacao_obra_csv,int_financeiro_int068_solicitacao_liberacao_obra,raw_sharepoint_int_financeiro_int068_solicitacao_liberacao_obra_csv
data-lake-mcid,raw/sharepoint/,raw/sharepoint/int_financeiro_int_055_liberacoes_caixa_bb.csv,raw,int_financeiro_int_055_liberacoes_caixa_bb.csv,.csv,dado_tabular_ou_serializado,27366433,2026-08-13T01:00:53.976000+00:00,,nao_identificada,nao_classificado,nao_classificado,int_financeiro_int_055_liberacoes_caixa_bb_csv,int_financeiro_int_055_liberacoes_caixa_bb,raw_sharepoint_int_financeiro_int_055_liberacoes_caixa_bb_csv
data-lake-mcid,raw/sharepoint/,raw/sharepoint/int_financeiro_int_068_solicitacao_liberacao_obra.csv,raw,int_financeiro_int_068_solicitacao_liberacao_obra.csv,.csv,dado_tabular_ou_serializado,9144521,2026-08-13T01:00:53.753000+00:00,,nao_identificada,nao_classificado,nao_classificado,int_financeiro_int_068_solicitacao_liberacao_obra_csv,int_financeiro_int_068_solicitacao_liberacao_obra,raw_sharepoint_int_financeiro_int_068_solicitacao_liberacao_obra_csv
data-lake-mcid,raw/sharepoint/,raw/sharepoint/novo_mcmv_cidades_emendas.csv,raw,novo_mcmv_cidades_emendas.csv,.csv,dado_tabular_ou_serializado,1754771,2026-08-13T01:00:53.231000+00:00,,nao_identificada,mcmv_geral,mcmv_geral,novo_mcmv_cidades_emendas_csv,novo_mcmv_cidades_emendas,raw_sharepoint_novo_mcmv_cidades_emendas_csv
data-lake-mcid,raw/sharepoint/,raw/sharepoint/novo_mcmv_compra_assistida_rs_propostas_enquadradas.csv,raw,novo_mcmv_compra_assistida_rs_propostas_enquadradas.csv,.csv,dado_tabular_ou_serializado,9359,2026-08-13T01:00:53.514000+00:00,,nao_identificada,mcmv_geral,mcmv_geral,novo_mcmv_compra_assistida_rs_propostas_enquadradas_csv,novo_mcmv_compra_assistida_rs_propostas_enquadradas,raw_sharepoint_novo_mcmv_compra_assistida_rs_propostas_enquadradas_csv
data-lake-mcid,raw/sharepoint/,raw/sharepoint/novo_mcmv_far_cad_pj_diario.csv,raw,novo_mcmv_far_cad_pj_diario.csv,.csv,dado_tabular_ou_serializado,3841,2026-08-13T01:00:53.426000+00:00,,nao_identificada,mcmv_geral;far,far,novo_mcmv_far_cad_pj_diario_csv,novo_mcmv_far_cad_pj_diario,raw_sharepoint_novo_mcmv_far_cad_pj_diario_csv
data-lake-mcid,raw/sharepoint/,raw/sharepoint/novo_mcmv_far_cad_pj_mensal.csv,raw,novo_mcmv_far_cad_pj_mensal.csv,.csv,dado_tabular_ou_serializado,567134,2026-08-13T01:00:53.627000+00:00,,nao_identificada,mcmv_geral;far,far,novo_mcmv_far_cad_pj_mensal_csv,novo_mcmv_far_cad_pj_mensal,raw_sharepoint_novo_mcmv_far_cad_pj_mensal_csv
data-lake-mcid,raw/sharepoint/,raw/sharepoint/novo_mcmv_far_cad_pj_semanal.csv,raw,novo_mcmv_far_cad_pj_semanal.csv,.csv,dado_tabular_ou_serializado,2553,2026-08-13T01:00:53.327000+00:00,,nao_identificada,mcmv_geral;far,far,novo_mcmv_far_cad_pj_semanal_csv,novo_mcmv_far_cad_pj_semanal,raw_sharepoint_novo_mcmv_far_cad_pj_semanal_csv
data-lake-mcid,raw/sharepoint/,raw/sharepoint/novo_mcmv_far_consolidado.csv,raw,novo_mcmv_far_consolidado.csv,.csv,dado_tabular_ou_serializado,5704835,2026-08-13T01:00:52.664000+00:00,,nao_identificada,mcmv_geral;far,far,novo_mcmv_far_consolidado_csv,novo_mcmv_far_consolidado,raw_sharepoint_novo_mcmv_far_consolidado_csv
data-lake-mcid,raw/sharepoint/,raw/sharepoint/novo_mcmv_far_contratacao.csv,raw,novo_mcmv_far_contratacao.csv,.csv,dado_tabular_ou_serializado,1677,2026-08-13T01:00:52.534000+00:00,,nao_identificada,mcmv_geral;far,far,novo_mcmv_far_contratacao_csv,novo_mcmv_far_contratacao,raw_sharepoint_novo_mcmv_far_contratacao_csv
data-lake-mcid,raw/sharepoint/,raw/sharepoint/novo_mcmv_far_financeiro_diario.csv,raw,novo_mcmv_far_financeiro_diario.csv,.csv,dado_tabular_ou_serializado,9184,2026-08-13T01:00:53.017000+00:00,,nao_identificada,mcmv_geral;far,far,novo_mcmv_far_financeiro_diario_csv,novo_mcmv_far_financeiro_diario,raw_sharepoint_novo_mcmv_far_financeiro_diario_csv
data-lake-mcid,raw/sharepoint/,raw/sharepoint/novo_mcmv_far_financeiro_mensal.csv,raw,novo_mcmv_far_financeiro_mensal.csv,.csv,dado_tabular_ou_serializado,1516905,2026-08-13T01:00:43.087000+00:00,,nao_identificada,mcmv_geral;far,far,novo_mcmv_far_financeiro_mensal_csv,novo_mcmv_far_financeiro_mensal,raw_sharepoint_novo_mcmv_far_financeiro_mensal_csv
data-lake-mcid,raw/sharepoint/,raw/sharepoint/novo_mcmv_far_financeiro_semanal.csv,raw,novo_mcmv_far_financeiro_semanal.csv,.csv,dado_tabular_ou_serializado,34656,2026-08-13T01:00:52.923000+00:00,,nao_identificada,mcmv_geral;far,far,novo_mcmv_far_financeiro_semanal_csv,novo_mcmv_far_financeiro_semanal,raw_sharepoint_novo_mcmv_far_financeiro_semanal_csv
data-lake-mcid,raw/sharepoint/,raw/sharepoint/novo_mcmv_far_obra_diario.csv,raw,novo_mcmv_far_obra_diario.csv,.csv,dado_tabular_ou_serializado,1352,2026-08-13T01:00:53.113000+00:00,,nao_identificada,mcmv_geral;far,far,novo_mcmv_far_obra_diario_csv,novo_mcmv_far_obra_diario,raw_sharepoint_novo_mcmv_far_obra_diario_csv
data-lake-mcid,raw/sharepoint/,raw/sharepoint/novo_mcmv_far_obra_mensal.csv,raw,novo_mcmv_far_obra_mensal.csv,.csv,dado_tabular_ou_serializado,228426,2026-08-13T01:00:52.803000+00:00,,nao_identificada,mcmv_geral;far,far,novo_mcmv_far_obra_mensal_csv,novo_mcmv_far_obra_mensal,raw_sharepoint_novo_mcmv_far_obra_mensal_csv
data-lake-mcid,raw/sharepoint/,raw/sharepoint/novo_mcmv_far_obra_semanal.csv,raw,novo_mcmv_far_obra_semanal.csv,.csv,dado_tabular_ou_serializado,1039,2026-08-13T01:00:52.414000+00:00,,nao_identificada,mcmv_geral;far,far,novo_mcmv_far_obra_semanal_csv,novo_mcmv_far_obra_semanal,raw_sharepoint_novo_mcmv_far_obra_semanal_csv
data-lake-mcid,raw/sharepoint/,raw/sharepoint/novo_mcmv_fds_cad_pj_mensal.csv,raw,novo_mcmv_fds_cad_pj_mensal.csv,.csv,dado_tabular_ou_serializado,249855,2026-08-13T01:00:42.976000+00:00,,nao_identificada,mcmv_geral;entidades,entidades,novo_mcmv_fds_cad_pj_mensal_csv,novo_mcmv_fds_cad_pj_mensal,raw_sharepoint_novo_mcmv_fds_cad_pj_mensal_csv
data-lake-mcid,raw/sharepoint/,raw/sharepoint/novo_mcmv_fds_cad_pj_semanal.csv,raw,novo_mcmv_fds_cad_pj_semanal.csv,.csv,dado_tabular_ou_serializado,2627,2026-08-13T01:00:42.684000+00:00,,nao_identificada,mcmv_geral;entidades,entidades,novo_mcmv_fds_cad_pj_semanal_csv,novo_mcmv_fds_cad_pj_semanal,raw_sharepoint_novo_mcmv_fds_cad_pj_semanal_csv
data-lake-mcid,raw/sharepoint/,raw/sharepoint/novo_mcmv_fds_financeiro_mensal.csv,raw,novo_mcmv_fds_financeiro_mensal.csv,.csv,dado_tabular_ou_serializado,3720285,2026-08-13T01:00:42.296000+00:00,,nao_identificada,mcmv_geral;entidades,entidades,novo_mcmv_fds_financeiro_mensal_csv,novo_mcmv_fds_financeiro_mensal,raw_sharepoint_novo_mcmv_fds_financeiro_mensal_csv
data-lake-mcid,raw/sharepoint/,raw/sharepoint/novo_mcmv_fds_financeiro_semanal.csv,raw,novo_mcmv_fds_financeiro_semanal.csv,.csv,dado_tabular_ou_serializado,5911,2026-08-13T01:00:42.398000+00:00,,nao_identificada,mcmv_geral;entidades,entidades,novo_mcmv_fds_financeiro_semanal_csv,novo_mcmv_fds_financeiro_semanal,raw_sharepoint_novo_mcmv_fds_financeiro_semanal_csv
data-lake-mcid,raw/sharepoint/,raw/sharepoint/novo_mcmv_fds_obra_diario.csv,raw,novo_mcmv_fds_obra_diario.csv,.csv,dado_tabular_ou_serializado,1349,2026-08-13T01:00:42.492000+00:00,,nao_identificada,mcmv_geral;entidades,entidades,novo_mcmv_fds_obra_diario_csv,novo_mcmv_fds_obra_diario,raw_sharepoint_novo_mcmv_fds_obra_diario_csv
data-lake-mcid,raw/sharepoint/,raw/sharepoint/novo_mcmv_fds_obra_mensal.csv,raw,novo_mcmv_fds_obra_mensal.csv,.csv,dado_tabular_ou_serializado,108456,2026-08-13T01:00:42.879000+00:00,,nao_identificada,mcmv_geral;entidades,entidades,novo_mcmv_fds_obra_mensal_csv,novo_mcmv_fds_obra_mensal,raw_sharepoint_novo_mcmv_fds_obra_mensal_csv
data-lake-mcid,raw/sharepoint/,raw/sharepoint/novo_mcmv_fds_obra_semanal.csv,raw,novo_mcmv_fds_obra_semanal.csv,.csv,dado_tabular_ou_serializado,1238,2026-08-13T01:00:42.787000+00:00,,nao_identificada,mcmv_geral;entidades,entidades,novo_mcmv_fds_obra_semanal_csv,novo_mcmv_fds_obra_semanal,raw_sharepoint_novo_mcmv_fds_obra_semanal_csv
data-lake-mcid,raw/sharepoint/,raw/sharepoint/novo_mcmv_fds_trabalho_social_diario.csv,raw,novo_mcmv_fds_trabalho_social_diario.csv,.csv,dado_tabular_ou_serializado,570,2026-08-13T01:00:42.193000+00:00,,nao_identificada,mcmv_geral;entidades,entidades,novo_mcmv_fds_trabalho_social_diario_csv,novo_mcmv_fds_trabalho_social_diario,raw_sharepoint_novo_mcmv_fds_trabalho_social_diario_csv
data-lake-mcid,raw/sharepoint/,raw/sharepoint/novo_mcmv_fds_trabalho_social_mensal.csv,raw,novo_mcmv_fds_trabalho_social_mensal.csv,.csv,dado_tabular_ou_serializado,13734,2026-08-13T01:00:42.583000+00:00,,nao_identificada,mcmv_geral;entidades,entidades,novo_mcmv_fds_trabalho_social_mensal_csv,novo_mcmv_fds_trabalho_social_mensal,raw_sharepoint_novo_mcmv_fds_trabalho_social_mensal_csv
data-lake-mcid,raw/sharepoint/,raw/sharepoint/novo_mcmv_fds_trabalho_social_semanal.csv,raw,novo_mcmv_fds_trabalho_social_semanal.csv,.csv,dado_tabular_ou_serializado,408,2026-08-13T01:00:42.006000+00:00,,nao_identificada,mcmv_geral;entidades,entidades,novo_mcmv_fds_trabalho_social_semanal_csv,novo_mcmv_fds_trabalho_social_semanal,raw_sharepoint_novo_mcmv_fds_trabalho_social_semanal_csv
data-lake-mcid,raw/sharepoint/,raw/sharepoint/novo_mcmv_fnhis_sub_50_propostas_apresentadas.csv,raw,novo_mcmv_fnhis_sub_50_propostas_apresentadas.csv,.csv,dado_tabular_ou_serializado,1125124,2026-08-13T01:00:42.106000+00:00,,nao_identificada,mcmv_geral;sub50_fnhis,sub50_fnhis,novo_mcmv_fnhis_sub_50_propostas_apresentadas_csv,novo_mcmv_fnhis_sub_50_propostas_apresentadas,raw_sharepoint_novo_mcmv_fnhis_sub_50_propostas_apresentadas_csv
data-lake-mcid,raw/sharepoint/,raw/sharepoint/novo_mcmv_fnhis_sub_50_propostas_selecionadas.csv,raw,novo_mcmv_fnhis_sub_50_propostas_selecionadas.csv,.csv,dado_tabular_ou_serializado,466844,2026-08-13T01:00:41.896000+00:00,,nao_identificada,mcmv_geral;sub50_fnhis,sub50_fnhis,novo_mcmv_fnhis_sub_50_propostas_selecionadas_csv,novo_mcmv_fnhis_sub_50_propostas_selecionadas,raw_sharepoint_novo_mcmv_fnhis_sub_50_propostas_selecionadas_csv
data-lake-mcid,raw/sharepoint/,raw/sharepoint/novo_mcmv_fundo_social.csv,raw,novo_mcmv_fundo_social.csv,.csv,dado_tabular_ou_serializado,20422558,2026-08-13T01:00:41.507000+00:00,,nao_identificada,mcmv_geral,mcmv_geral,novo_mcmv_fundo_social_csv,novo_mcmv_fundo_social,raw_sharepoint_novo_mcmv_fundo_social_csv
data-lake-mcid,raw/sharepoint/,raw/sharepoint/novo_mcmv_inicio_obra.csv,raw,novo_mcmv_inicio_obra.csv,.csv,dado_tabular_ou_serializado,511242,2026-08-13T01:00:41.699000+00:00,,nao_identificada,mcmv_geral,mcmv_geral,novo_mcmv_inicio_obra_csv,novo_mcmv_inicio_obra,raw_sharepoint_novo_mcmv_inicio_obra_csv
data-lake-mcid,raw/sharepoint/,raw/sharepoint/novo_mcmv_rural_cad_pj_diario.csv,raw,novo_mcmv_rural_cad_pj_diario.csv,.csv,dado_tabular_ou_serializado,55292,2026-08-13T01:00:41.606000+00:00,,nao_identificada,mcmv_geral;rural,rural,novo_mcmv_rural_cad_pj_diario_csv,novo_mcmv_rural_cad_pj_diario,raw_sharepoint_novo_mcmv_rural_cad_pj_diario_csv
data-lake-mcid,raw/sharepoint/,raw/sharepoint/novo_mcmv_rural_cad_pj_mensal.csv,raw,novo_mcmv_rural_cad_pj_mensal.csv,.csv,dado_tabular_ou_serializado,55927,2026-08-13T01:00:41.799000+00:00,,nao_identificada,mcmv_geral;rural,rural,novo_mcmv_rural_cad_pj_mensal_csv,novo_mcmv_rural_cad_pj_mensal,raw_sharepoint_novo_mcmv_rural_cad_pj_mensal_csv
data-lake-mcid,raw/sharepoint/,raw/sharepoint/novo_mcmv_rural_cadastro_pf_diario.csv,raw,novo_mcmv_rural_cadastro_pf_diario.csv,.csv,dado_tabular_ou_serializado,824294,2026-08-13T01:00:41.335000+00:00,,nao_identificada,mcmv_geral;rural,rural,novo_mcmv_rural_cadastro_pf_diario_csv,novo_mcmv_rural_cadastro_pf_diario,raw_sharepoint_novo_mcmv_rural_cadastro_pf_diario_csv
data-lake-mcid,raw/sharepoint/,raw/sharepoint/novo_mcmv_rural_cadastro_pf_mensal.csv,raw,novo_mcmv_rural_cadastro_pf_mensal.csv,.csv,dado_tabular_ou_serializado,987725,2026-08-13T01:00:41.058000+00:00,,nao_identificada,mcmv_geral;rural,rural,novo_mcmv_rural_cadastro_pf_mensal_csv,novo_mcmv_rural_cadastro_pf_mensal,raw_sharepoint_novo_mcmv_rural_cadastro_pf_mensal_csv
data-lake-mcid,raw/sharepoint/,raw/sharepoint/novo_mcmv_rural_financeiro_mensal.csv,raw,novo_mcmv_rural_financeiro_mensal.csv,.csv,dado_tabular_ou_serializado,1037435,2026-08-13T01:00:40.967000+00:00,,nao_identificada,mcmv_geral;rural,rural,novo_mcmv_rural_financeiro_mensal_csv,novo_mcmv_rural_financeiro_mensal,raw_sharepoint_novo_mcmv_rural_financeiro_mensal_csv
data-lake-mcid,raw/sharepoint/,raw/sharepoint/novo_mcmv_rural_financeiro_semanal.csv,raw,novo_mcmv_rural_financeiro_semanal.csv,.csv,dado_tabular_ou_serializado,14770,2026-08-13T01:00:41.146000+00:00,,nao_identificada,mcmv_geral;rural,rural,novo_mcmv_rural_financeiro_semanal_csv,novo_mcmv_rural_financeiro_semanal,raw_sharepoint_novo_mcmv_rural_financeiro_semanal_csv
data-lake-mcid,raw/sharepoint/,raw/sharepoint/novo_mcmv_rural_obra_mensal.csv,raw,novo_mcmv_rural_obra_mensal.csv,.csv,dado_tabular_ou_serializado,489187,2026-08-13T01:00:40.877000+00:00,,nao_identificada,mcmv_geral;rural,rural,novo_mcmv_rural_obra_mensal_csv,novo_mcmv_rural_obra_mensal,raw_sharepoint_novo_mcmv_rural_obra_mensal_csv
data-lake-mcid,raw/sharepoint/,raw/sharepoint/novo_mcmv_rural_obra_semanal.csv,raw,novo_mcmv_rural_obra_semanal.csv,.csv,dado_tabular_ou_serializado,1893,2026-08-13T01:00:41.239000+00:00,,nao_identificada,mcmv_geral;rural,rural,novo_mcmv_rural_obra_semanal_csv,novo_mcmv_rural_obra_semanal,raw_sharepoint_novo_mcmv_rural_obra_semanal_csv
data-lake-mcid,raw/sharepoint/,raw/sharepoint/oferta_publica.csv,raw,oferta_publica.csv,.csv,dado_tabular_ou_serializado,109349100,2026-08-13T01:00:40.766000+00:00,,nao_identificada,nao_classificado,nao_classificado,oferta_publica_csv,oferta_publica,raw_sharepoint_oferta_publica_csv
data-lake-mcid,raw/sharepoint/,raw/sharepoint/orcamento_resultado_emendas.csv,raw,orcamento_resultado_emendas.csv,.csv,dado_tabular_ou_serializado,7928,2026-08-13T01:00:40.320000+00:00,,nao_identificada,nao_classificado,nao_classificado,orcamento_resultado_emendas_csv,orcamento_resultado_emendas,raw_sharepoint_orcamento_resultado_emendas_csv
data-lake-mcid,raw/sharepoint/,raw/sharepoint/orcamento_resultado_fundo_social.csv,raw,orcamento_resultado_fundo_social.csv,.csv,dado_tabular_ou_serializado,757,2026-08-13T01:00:40.228000+00:00,,nao_identificada,nao_classificado,nao_classificado,orcamento_resultado_fundo_social_csv,orcamento_resultado_fundo_social,raw_sharepoint_orcamento_resultado_fundo_social_csv
data-lake-mcid,raw/sharepoint/,raw/sharepoint/orcamento_resultado_historico.csv,raw,orcamento_resultado_historico.csv,.csv,dado_tabular_ou_serializado,1015,2026-08-13T01:00:40.144000+00:00,,nao_identificada,nao_classificado,nao_classificado,orcamento_resultado_historico_csv,orcamento_resultado_historico,raw_sharepoint_orcamento_resultado_historico_csv
data-lake-mcid,raw/sharepoint/,raw/sharepoint/orcamento_resultado_ogu.csv,raw,orcamento_resultado_ogu.csv,.csv,dado_tabular_ou_serializado,3142,2026-08-13T01:00:29.370000+00:00,,ogu,ogu_subsidiado,ogu_subsidiado,orcamento_resultado_ogu_csv,orcamento_resultado_ogu,raw_sharepoint_orcamento_resultado_ogu_csv
data-lake-mcid,raw/sharepoint/,raw/sharepoint/reforma_casa_brasil_contratacao.csv,raw,reforma_casa_brasil_contratacao.csv,.csv,dado_tabular_ou_serializado,18067908,2026-08-13T01:00:29.032000+00:00,,nao_identificada,nao_classificado,nao_classificado,reforma_casa_brasil_contratacao_csv,reforma_casa_brasil_contratacao,raw_sharepoint_reforma_casa_brasil_contratacao_csv
data-lake-mcid,raw/sharepoint/,raw/sharepoint/snhis_regularidade_entes.csv,raw,snhis_regularidade_entes.csv,.csv,dado_tabular_ou_serializado,1145072,2026-08-13T01:00:29.134000+00:00,,nao_identificada,nao_classificado,nao_classificado,snhis_regularidade_entes_csv,snhis_regularidade_entes,raw_sharepoint_snhis_regularidade_entes_csv
data-lake-mcid,raw/sharepoint/,raw/sharepoint/tpc_2021_fgts_canal_tab_dbo_pc_2021_01_emp_pop_cci_pro_cotista.csv,raw,tpc_2021_fgts_canal_tab_dbo_pc_2021_01_emp_pop_cci_pro_cotista.csv,.csv,dado_tabular_ou_serializado,336357,2026-08-13T01:00:29.222000+00:00,2021-01,fgts,fgts_financiado,fgts_financiado,tpc_2021_fgts_canal_tab_dbo_pc_2021_01_emp_pop_cci_pro_cotista_csv,tpc_2021_fgts_canal_tab_dbo_pc_2021_01_emp_pop_cci_pro_cotista,raw_sharepoint_tpc_2021_fgts_canal_tab_dbo_pc_2021_01_emp_pop_cci_pro_cotista_csv
data-lake-mcid,raw/sharepoint/,raw/sharepoint/tpc_2021_fgts_canal_tab_dbo_pc_2021_02_financiamento_pf.csv,raw,tpc_2021_fgts_canal_tab_dbo_pc_2021_02_financiamento_pf.csv,.csv,dado_tabular_ou_serializado,80526575,2026-08-13T01:00:28.867000+00:00,2021-02,fgts,fgts_financiado,fgts_financiado,tpc_2021_fgts_canal_tab_dbo_pc_2021_02_financiamento_pf_csv,tpc_2021_fgts_canal_tab_dbo_pc_2021_02_financiamento_pf,raw_sharepoint_tpc_2021_fgts_canal_tab_dbo_pc_2021_02_financiamento_pf_csv
data-lake-mcid,raw/sharepoint/,raw/sharepoint/tpc_2021_fgts_canal_tab_dbo_pc_2021_03_orcamento_final.csv,raw,tpc_2021_fgts_canal_tab_dbo_pc_2021_03_orcamento_final.csv,.csv,dado_tabular_ou_serializado,23369,2026-08-13T01:00:28.362000+00:00,2021-03,fgts,fgts_financiado,fgts_financiado,tpc_2021_fgts_canal_tab_dbo_pc_2021_03_orcamento_final_csv,tpc_2021_fgts_canal_tab_dbo_pc_2021_03_orcamento_final,raw_sharepoint_tpc_2021_fgts_canal_tab_dbo_pc_2021_03_orcamento_final_csv
data-lake-mcid,raw/sharepoint/,raw/sharepoint/tpc_2021_fgts_canal_tab_dbo_pc_2021_04_pro_cotista_faixa_estend.csv,raw,tpc_2021_fgts_canal_tab_dbo_pc_2021_04_pro_cotista_faixa_estend.csv,.csv,dado_tabular_ou_serializado,34576,2026-08-13T01:00:28.263000+00:00,2021-04,fgts,fgts_financiado,fgts_financiado,tpc_2021_fgts_canal_tab_dbo_pc_2021_04_pro_cotista_faixa_estend_csv,tpc_2021_fgts_canal_tab_dbo_pc_2021_04_pro_cotista_faixa_estend,raw_sharepoint_tpc_2021_fgts_canal_tab_dbo_pc_2021_04_pro_cotista_faixa_estend_csv
data-lake-mcid,raw/sharepoint/,raw/sharepoint/tpc_2021_fgts_canal_tab_dbo_pc_2021_05_programas.csv,raw,tpc_2021_fgts_canal_tab_dbo_pc_2021_05_programas.csv,.csv,dado_tabular_ou_serializado,1555529,2026-08-13T01:00:28.486000+00:00,2021-05,fgts,fgts_financiado,fgts_financiado,tpc_2021_fgts_canal_tab_dbo_pc_2021_05_programas_csv,tpc_2021_fgts_canal_tab_dbo_pc_2021_05_programas,raw_sharepoint_tpc_2021_fgts_canal_tab_dbo_pc_2021_05_programas_csv
data-lake-mcid,raw/sharepoint/,raw/sharepoint/tpc_2022_fgts_canal_tab_dbo_pc_2022_01_financiamento_pf_pj.csv,raw,tpc_2022_fgts_canal_tab_dbo_pc_2022_01_financiamento_pf_pj.csv,.csv,dado_tabular_ou_serializado,133776406,2026-08-13T01:00:27.788000+00:00,2022-01,fgts,fgts_financiado,fgts_financiado,tpc_2022_fgts_canal_tab_dbo_pc_2022_01_financiamento_pf_pj_csv,tpc_2022_fgts_canal_tab_dbo_pc_2022_01_financiamento_pf_pj,raw_sharepoint_tpc_2022_fgts_canal_tab_dbo_pc_2022_01_financiamento_pf_pj_csv
data-lake-mcid,raw/sharepoint/,raw/sharepoint/tpc_2022_fgts_canal_tab_dbo_pc_2022_02_orcamento_final.csv,raw,tpc_2022_fgts_canal_tab_dbo_pc_2022_02_orcamento_final.csv,.csv,dado_tabular_ou_serializado,6424,2026-08-13T01:00:27.966000+00:00,2022-02,fgts,fgts_financiado,fgts_financiado,tpc_2022_fgts_canal_tab_dbo_pc_2022_02_orcamento_final_csv,tpc_2022_fgts_canal_tab_dbo_pc_2022_02_orcamento_final,raw_sharepoint_tpc_2022_fgts_canal_tab_dbo_pc_2022_02_orcamento_final_csv
data-lake-mcid,raw/sharepoint/,raw/sharepoint/tpc_2022_fgts_canal_tab_dbo_pc_2022_03_programas.csv,raw,tpc_2022_fgts_canal_tab_dbo_pc_2022_03_programas.csv,.csv,dado_tabular_ou_serializado,1796083,2026-08-13T01:00:28.131000+00:00,2022-03,fgts,fgts_financiado,fgts_financiado,tpc_2022_fgts_canal_tab_dbo_pc_2022_03_programas_csv,tpc_2022_fgts_canal_tab_dbo_pc_2022_03_programas,raw_sharepoint_tpc_2022_fgts_canal_tab_dbo_pc_2022_03_programas_csv
data-lake-mcid,raw/sharepoint/,raw/sharepoint/tpc_2022_fgts_canal_tdom_faixa_renda.csv,raw,tpc_2022_fgts_canal_tdom_faixa_renda.csv,.csv,dado_tabular_ou_serializado,921,2026-08-13T01:00:27.184000+00:00,,fgts,fgts_financiado,fgts_financiado,tpc_2022_fgts_canal_tdom_faixa_renda_csv,tpc_2022_fgts_canal_tdom_faixa_renda,raw_sharepoint_tpc_2022_fgts_canal_tdom_faixa_renda_csv
data-lake-mcid,raw/sharepoint/,raw/sharepoint/tpc_2023_fgts_canal_tab_dbo_pc_2023_01_financiamento_pf_pj.csv,raw,tpc_2023_fgts_canal_tab_dbo_pc_2023_01_financiamento_pf_pj.csv,.csv,dado_tabular_ou_serializado,171679843,2026-08-13T01:00:27.093000+00:00,2023-01,fgts,fgts_financiado,fgts_financiado,tpc_2023_fgts_canal_tab_dbo_pc_2023_01_financiamento_pf_pj_csv,tpc_2023_fgts_canal_tab_dbo_pc_2023_01_financiamento_pf_pj,raw_sharepoint_tpc_2023_fgts_canal_tab_dbo_pc_2023_01_financiamento_pf_pj_csv
data-lake-mcid,raw/sharepoint/,raw/sharepoint/tpc_2023_fgts_canal_tab_dbo_pc_2023_02_orcamento_final.csv,raw,tpc_2023_fgts_canal_tab_dbo_pc_2023_02_orcamento_final.csv,.csv,dado_tabular_ou_serializado,6296,2026-08-13T01:00:16.901000+00:00,2023-02,fgts,fgts_financiado,fgts_financiado,tpc_2023_fgts_canal_tab_dbo_pc_2023_02_orcamento_final_csv,tpc_2023_fgts_canal_tab_dbo_pc_2023_02_orcamento_final,raw_sharepoint_tpc_2023_fgts_canal_tab_dbo_pc_2023_02_orcamento_final_csv
data-lake-mcid,raw/sharepoint/,raw/sharepoint/tpc_2023_fgts_canal_tab_dbo_pc_2023_03_programas.csv,raw,tpc_2023_fgts_canal_tab_dbo_pc_2023_03_programas.csv,.csv,dado_tabular_ou_serializado,1957088,2026-08-13T01:00:16.805000+00:00,2023-03,fgts,fgts_financiado,fgts_financiado,tpc_2023_fgts_canal_tab_dbo_pc_2023_03_programas_csv,tpc_2023_fgts_canal_tab_dbo_pc_2023_03_programas,raw_sharepoint_tpc_2023_fgts_canal_tab_dbo_pc_2023_03_programas_csv
data-lake-mcid,raw/sharepoint/,raw/sharepoint/tpc_2023_fgts_canal_tdom_faixa_renda.csv,raw,tpc_2023_fgts_canal_tdom_faixa_renda.csv,.csv,dado_tabular_ou_serializado,921,2026-08-13T01:00:16.990000+00:00,,fgts,fgts_financiado,fgts_financiado,tpc_2023_fgts_canal_tdom_faixa_renda_csv,tpc_2023_fgts_canal_tdom_faixa_renda,raw_sharepoint_tpc_2023_fgts_canal_tdom_faixa_renda_csv
data-lake-mcid,raw/sharepoint/,raw/sharepoint/tpc_2024_fgts_canal_tab_dbo_pc_2024_01_financiamento_pf_pj.csv,raw,tpc_2024_fgts_canal_tab_dbo_pc_2024_01_financiamento_pf_pj.csv,.csv,dado_tabular_ou_serializado,207446138,2026-08-13T01:00:16.706000+00:00,2024-01,fgts,fgts_financiado,fgts_financiado,tpc_2024_fgts_canal_tab_dbo_pc_2024_01_financiamento_pf_pj_csv,tpc_2024_fgts_canal_tab_dbo_pc_2024_01_financiamento_pf_pj,raw_sharepoint_tpc_2024_fgts_canal_tab_dbo_pc_2024_01_financiamento_pf_pj_csv
data-lake-mcid,raw/sharepoint/,raw/sharepoint/tpc_2024_fgts_canal_tab_dbo_pc_2024_02_orcamento_final.csv,raw,tpc_2024_fgts_canal_tab_dbo_pc_2024_02_orcamento_final.csv,.csv,dado_tabular_ou_serializado,7629,2026-08-13T01:00:15.782000+00:00,2024-02,fgts,fgts_financiado,fgts_financiado,tpc_2024_fgts_canal_tab_dbo_pc_2024_02_orcamento_final_csv,tpc_2024_fgts_canal_tab_dbo_pc_2024_02_orcamento_final,raw_sharepoint_tpc_2024_fgts_canal_tab_dbo_pc_2024_02_orcamento_final_csv
data-lake-mcid,raw/sharepoint/,raw/sharepoint/tpc_2024_fgts_canal_tab_dbo_pc_2024_03_programas.csv,raw,tpc_2024_fgts_canal_tab_dbo_pc_2024_03_programas.csv,.csv,dado_tabular_ou_serializado,2572131,2026-08-13T01:00:16.019000+00:00,2024-03,fgts,fgts_financiado,fgts_financiado,tpc_2024_fgts_canal_tab_dbo_pc_2024_03_programas_csv,tpc_2024_fgts_canal_tab_dbo_pc_2024_03_programas,raw_sharepoint_tpc_2024_fgts_canal_tab_dbo_pc_2024_03_programas_csv
data-lake-mcid,raw/sharepoint/,raw/sharepoint/tpc_2024_fgts_canal_tdom_faixa_renda.csv,raw,tpc_2024_fgts_canal_tdom_faixa_renda.csv,.csv,dado_tabular_ou_serializado,985,2026-08-13T01:00:15.909000+00:00,,fgts,fgts_financiado,fgts_financiado,tpc_2024_fgts_canal_tdom_faixa_renda_csv,tpc_2024_fgts_canal_tdom_faixa_renda,raw_sharepoint_tpc_2024_fgts_canal_tdom_faixa_renda_csv
