apf,fase_empreendimento,apf_ancora,nome_empreendimento,arquivo_origem
46161917,Obra,46161917,ALEXIUS JAFET B,ABR26
46162150,Obra,46162150,ALEXIUS JAFET D,ABR26
17303212,Projeto,17303212,PARQUE ESTELA. COND RES,ABR26
22271187,Projeto,22271187,CHIQUINHA GONZAGA. CONJ RES,ABR26
23024947,Projeto,23024947,URIBOCA,ABR26
23437011,Projeto,23437011,RESIDENCIAL JARDIM MATE LARANJEIRA MOD II,ABR26
23561268,Projeto,23561268,FDS- CONSTRUCAO DE 14 UH EM RODEIO BONITO,ABR26
24603168,Projeto,24603168,SONHO MEU,ABR26
28627884,Projeto,28627884,RESIDENCIAL JARDIM MATE LARANJEIRA - MOD I,ABR26
28641547,Projeto,28641547,GRUPO ESPERANCA,ABR26
28808934,Projeto,28808934,RESIDENCIAL NOVO MUNDO MODULO II,ABR26
29073374,Projeto,29073374,RESIDENCIAL VALE DOS SONHOS I,ABR26
29431159,Projeto,29431159,LOTEAMENTO PAIM II - BAIRRO SAO MIGUEL,ABR26
29439016,Projeto,29439016,RESIDENCIAL RIO VERMELHO I,ABR26
29455274,Projeto,29455274,LOTEAMENTO PARQUE DAS HORTENSIAS FASE II,ABR26
29520157,Projeto,29520157,LOTEAMENTO BELA VISTA MODULO I,ABR26
29520594,Projeto,29520594,LOTEAMENTO BELA VISTA MODULO II,ABR26
29520607,Projeto,29520607,LOTEAMENTO BELA VISTA MODULO III,ABR26
29521172,Projeto,29521172,CONJUNTO HABITACIONAL FREI HUMBERTO I,ABR26
29521286,Projeto,29521286,CONJUNTO HABITACIONAL FREI HUMBERTO MODULO II,ABR26
29533908,Projeto,29533908,NOVA MIRITIUA 1,ABR26
29534036,Projeto,29534036,NOVA MIRITIUA 2,ABR26
29536424,Projeto,29536424,NOVA MIRITIUA 3,ABR26
29542228,Projeto,29542228,CONDOMINIO RESIDENCIAL VITORIA,ABR26
29542666,Projeto,29542666,RESIDENCIAL SILVIA CATANHEDE I,ABR26
29591369,Projeto,29591369,JD PALMEIRAS I,ABR26
29647251,Projeto,29647251,LOTEAMENTO PORTO VERDE II,ABR26
29652813,Obra,29652813,ALTO DO MOURA,ABR26
29653492,Projeto,29653492,RES PQ COLINA,ABR26
29680136,Projeto,29680136,VANGUARDA 2,ABR26
29691498,Projeto,29691498,VALE DOS SONHOS II,ABR26
29691616,Projeto,29691616,RESIDENCIAL VALE DOS SONHOS III,ABR26
29760799,Projeto,29760799,SANTA LUZIA IV,ABR26
29760802,Projeto,29760802,SANTA LUZIA III,ABR26
29821240,Projeto,29821240,NUCLEO SAO FRANCISCO DE ASSIS,ABR26
29821574,Projeto,29821574,NUCLEO HABITACIONAL SAO JOSE,ABR26
29851724,Projeto,29851724,FDS - 17 UHS PULVERIZADAS - LAGOA VERMELHA/RS,ABR26
29958131,Projeto,29958131,PALMEIRAS II,ABR26
30054631,Projeto,30054631,JARDIM DAS AZALEIAS,ABR26
30062155,Projeto,30062155,LOTEAMENTO MARISA LETICIA LULA DA SILVA MODULO II,ABR26
30239004,Projeto,30239004,LOTEAMENTO CONSTANCIA GAUNA AFONSO,ABR26
30239222,Projeto,30239222,LOTEAMENTO DOM PEPE III,ABR26
30239336,Projeto,30239336,LOTEAMENTO DOM PEPE II,ABR26
30241483,Projeto,30241483,LOTEAMENTO DOM PEPE IV,ABR26
30380753,Projeto,30380753,HABITACOES BOM JESUS,ABR26
30470764,Projeto,30470764,RES VILA ADILAIR II - A,ABR26
30471237,Projeto,30471237,RES VILA ADILAIR II - B,ABR26
30471675,Projeto,30471675,RESIDENCIAL PARQUE ELDORADO OESTE IV,ABR26
30701235,Projeto,30701235,INOVA MISSOES,ABR26
30712601,Projeto,30712601,CONJ HAB ZIZINHA MACIEL VIEIRA MACHADO MODULO I,ABR26
30712715,Projeto,30712715,CONJ HAB ZIZINHA MACIEL VIEIRA MACHADO MOD II,ABR26
30731936,Projeto,30731936,RESIDENCIAL CAMETA PARK - PMCMV - RECURSOS FDS,ABR26
30770280,Projeto,30770280,VILA FORMOSA,ABR26
31050666,Projeto,31050666,TITA MONTEIRO,ABR26
31067626,Projeto,31067626,LOTEAMENTO NOVO JENIPAPEIRO,ABR26
31067844,Projeto,31067844,J DAS PALMEIRAS,ABR26
31072287,Projeto,31072287,LOTEAMENTO POTTENSTEIN,ABR26
31210117,Projeto,31210117,CASAS URBANAS CONCENTRADAS,ABR26
31407318,Projeto,31407318,RESIDENCIAL JARDIM ITALIA II,ABR26
31539973,Projeto,31539973,SOCOHAPI,ABR26
31581065,Projeto,31581065,RESIDENCIAL SOLAR FLAMBOYANT I,ABR26
31705783,Projeto,31705783,CONDOMINIO RESIDENCIAL SOLAR DAS MANGUEIRAS,ABR26
31710907,Projeto,31710907,VIT DA UNIAO,ABR26
31713963,Projeto,31713963,VIT DA UNIAO,ABR26
31734018,Projeto,31734018,LOTEAMENTO ALZIRIO A ROSS - PMCMV,ABR26
31740042,Projeto,31740042,LOTEAMENTO HABITACHE,ABR26
31747769,Projeto,31747769,CONSTRUCAO 21 UH JACINTO MACHADO,ABR26
31749039,Projeto,31749039,MONTE ALEGRE,ABR26
31846769,Projeto,31846769,RES BURITIS II,ABR26
31875339,Projeto,31875339,CONDOMINIO HAB HARMONIA,ABR26
31880336,Projeto,31880336,05 UH NA ZONA URBANA DE LAGOA VERMELHA,ABR26
31895243,Projeto,31895243,COND JARDIM BOTANICO I,ABR26
31895795,Projeto,31895795,COND JARDIM BOTANICO II,ABR26
31899005,Projeto,31899005,RESIDENCIAL BURITIS III,ABR26
32003570,Projeto,32003570,MANGABEIRAS,ABR26
32047725,Projeto,32047725,CADES,ABR26
32071726,Projeto,32071726,SETOR CENTRAL,ABR26
32072073,Projeto,32072073,NOVA IPIRANGA,ABR26
32072187,Projeto,32072187,JARDIM INDEPENDENCIA II,ABR26
32080933,Projeto,32080933,LOTEAMENTO SANTO ANTONIO II,ABR26
32081176,Projeto,32081176,JARDIM INDEPENDENCIA I,ABR26
32081512,Projeto,32081512,LOTEAMENTO ELDORADO,ABR26
32099484,Projeto,32099484,RES GIRASSOL,ABR26
32249705,Projeto,32249705,PMCMV - FDS - CONSTRUCAO DE 11UHS NA ZONA URBANA DE CASEIROS,ABR26
32489345,Projeto,32489345,NOSSA PRATA 5,ABR26
32516568,Projeto,32516568,CONJUNTO HABITACIONAL NOSSA PRATA 7A ETAPA,ABR26
32584702,Projeto,32584702,RES ATLANTICO,ABR26
32585175,Projeto,32585175,RESIDENCIAL RIO VERMELHO II,ABR26
32585739,Projeto,32585739,RESIDENCIAL RIO VERMELHO III,ABR26
32790559,Projeto,32790559,RES RECREIO DOS BANDEIRANTES I,ABR26
32843255,Projeto,32843255,RESIDENCIAL ORLANDO BACARIN,ABR26
33213641,Projeto,33213641,RES TRABALHADOR,ABR26
33214447,Projeto,33214447,RES TRABALHADOR,ABR26
33244033,Projeto,33244033,SANTA SOFIA II,ABR26
33769181,Projeto,33769181,SUSSUAPARA,ABR26
33776358,Projeto,33776358,JARDIM PETROPOLIS II,ABR26
33785451,Projeto,33785451,RESIDENCIAL PLANALTO III,ABR26
33838480,Projeto,33838480,RESIDENCIAL MORADA DOS HIBISCOS,ABR26
33870905,Projeto,33870905,ABADIA DE GOIAS VI ETAPA,ABR26
33877620,Projeto,33877620,CONSTRUCAO DE 11 UH DISPERSAS NA AREA URBANA,ABR26
34041939,Projeto,34041939,CONJUNTO HABITACIONAL ANDIRA,ABR26
34078022,Projeto,34078022,RES VITORIA II,ABR26
34078240,Projeto,34078240,RES VITORIA I,ABR26
34334495,Projeto,34334495,CONDOMINIO ANA MARIA,ABR26
34347476,Projeto,34347476,RESIDENCIAL LAGOA QUENTE,ABR26
34413696,Projeto,34413696,CONJUNTO HABITACIONAL FLOR DO CARMELO,ABR26
34464662,Projeto,34464662,BAIRRO VILA ANGELICA CONSTR EM TERRENO PROPRIO 44 UH PULV,ABR26
34696584,Projeto,34696584,CONJUNTO HABITACIONAL NOSSA PRATA 6A ETAPA,ABR26
34696698,Projeto,34696698,NOSSA PRATA 4,ABR26
34715382,Projeto,34715382,RESIDENCIAL BOA VISTA,ABR26
34780563,Projeto,34780563,DONA LEOPOLDINA,ABR26
34974914,Projeto,34974914,PHPE - FECOOHASC - RANCHO QUEIMADO - 16UH,ABR26
35322019,Projeto,35322019,QUILOMBO CHACARA DAS ROSAS,ABR26
35354970,Projeto,35354970,CONJUNTO HABITACIONAL CURUCA I,ABR26
35488354,Projeto,35488354,44 UN CONCENTRADAS STO ANTONIO PLANALTO -LOT STA LUCIA,ABR26
35540372,Projeto,35540372,LOTEAM COOMETAL,ABR26
35580204,Projeto,35580204,EMPREENDIMENTO PROFESSORA LUZIA DA CONCEICAO DE SOUSA COSTA,ABR26
35595559,Projeto,35595559,SANTA TEREZINHA III,ABR26
35630833,Projeto,35630833,CONSTRUINDO COOPERACAO-FDS EO COOPHAB GRUPO CANGUCU I,ABR26
35634709,Projeto,35634709,JARDIM DAS AZALEIAS 2 FASE,ABR26
35636866,Projeto,35636866,CIDTIRADENTES I. CHIS,ABR26
35678060,Projeto,35678060,OSASCO W,ABR26
35931144,Projeto,35931144,CONSTRUCAO DE 09 UNIDADES HABITACIONAIS,ABR26
36051964,Projeto,36051964,LOTEAMENTO IPE AMARELO,ABR26
36146094,Projeto,36146094,RESIDENCIAL VILA REAL III,ABR26
36272382,Projeto,36272382,MERCIA DE ALBUQ,ABR26
36671130,Projeto,36671130,RES NOVA ERA 2011,ABR26
36942638,Projeto,36942638,LOTEAMENTO CORREGO NOVO - MUNICIPIO DE CORREGO NOVO - PMCMV,ABR26
36993372,Projeto,36993372,NOSSA PRATA 2 E,ABR26
36993486,Projeto,36993486,NOSSA PRATA 3,ABR26
37164410,Projeto,37164410,CONJUNTO HABITACIONAL TIRADENTES V,ABR26
37459584,Projeto,37459584,LOTEAMENTO PRIMAVERA III,ABR26
37608788,Obra,37608788,RIO DAS VELHAS II,ABR26
37620847,Projeto,37620847,JOAO CANDIDO A. RES,ABR26
37624713,Projeto,37624713,HABITACOES PULVERIZADAS - MCMV - PASSO FUNDO,ABR26
37704156,Projeto,37704156,CIDTIRADENTES II. CHIS,ABR26
37704260,Projeto,37704260,CIDTIRADENTES III. CHIS,ABR26
37704374,Projeto,37704374,CIDTIRADENTES IV. CHIS,ABR26
37726458,Projeto,37726458,PROJETO RECONSTRUIR I,ABR26
37743513,Projeto,37743513,NUCLEO ALIANAA III,ABR26
37754093,Projeto,37754093,LOTEAMENTO JARDIM ALVORADA,ABR26
37767524,Projeto,37767524,RESIDENCIAL LUA,ABR26
37768872,Projeto,37768872,RES ESTRELAS,ABR26
37866638,Projeto,37866638,PMCMV RESIDENCIAL DO SOL___________________________________,ABR26
38051326,Projeto,38051326,JOAO CANDIDO B. RES,ABR26
38121087,Projeto,38121087,CASTELO BRANCO2,ABR26
38151789,Projeto,38151789,CASAS POPULARES,ABR26
38152253,Projeto,38152253,CONSTRUCAO DE UNIDADES ISOLADAS,ABR26
38170564,Obra,38170564,CONJ RES BAJADO,ABR26
38197975,Projeto,38197975,BURITIS,ABR26
38224954,Projeto,38224954,HABITAR HORIZONTES NOVOS URBANO I,ABR26
38280260,Projeto,38280260,RESIDENCIAL DEL FIORE,ABR26
38402153,Projeto,38402153,LOTEAMENTO BAIRRO RENASCER,ABR26
38537346,Projeto,38537346,RESIDENCIAL BOM PASTOR I,ABR26
38537566,Projeto,38537566,RESIDENCIAL BOM PASTOR II,ABR26
38694683,Projeto,38694683,UMSB S.BENEDITO,ABR26
38738967,Projeto,38738967,BAIRRO PRIMAVERA,ABR26
38748534,Projeto,38748534,MODULO I,ABR26
38748867,Projeto,38748867,MODULO II,ABR26
38748971,Projeto,38748971,CONJ HAB SETOR1,ABR26
38997496,Projeto,38997496,SEBERI GRUPO 01,ABR26
38997614,Projeto,38997614,SEBERI GRUPO 2,ABR26
39483051,Obra,39483051,CONJ VITORIA,ABR26
39485772,Projeto,39485772,MCMVE CASAS URBANAS PULVERIZADAS - 18UH - CREHNOR IBIRAIARAS,ABR26
39579005,Projeto,39579005,CONJUNTO HABITACIONAL SETOR NOVA ESPERANCA - MODULO 1,ABR26
39581047,Projeto,39581047,NOVA ESPERANCA2,ABR26
39581266,Projeto,39581266,NOVA ESPERANCA3,ABR26
39604713,Projeto,39604713,MANGUEIRAS,ABR26
40128630,Projeto,40128630,OCUPACAO 9 DE NOVEMBRO,ABR26
40176318,Projeto,40176318,FDS UNIDADES PULVERIZADAS,ABR26
40312415,Projeto,40312415,FDS ENTIDADES. PINHEIRO PRETO. CONSTRUCAO 44 UH. URBANO,ABR26
40647086,Projeto,40647086,PMCMV - ENTIDADES - MARMELEIRO,ABR26
40896498,Obra,40896498,5 DE DEZEMBRO,ABR26
40901856,Projeto,40901856,RESIDENCIAL JOSE RAIMUNDO DOS SANTOS,ABR26
40986627,Projeto,40986627,VALE DOS SONHOS,ABR26
41065829,Projeto,41065829,RESIDENCIAL NOVO TEMPO,ABR26
41121365,Projeto,41121365,25 UH PULVERIZADAS,ABR26
41142076,Projeto,41142076,RESIDENCIAL NOVO TEMPO ETAPA 2,ABR26
41430318,Projeto,41430318,RESIDENCIAL ALFA II,ABR26
41574477,Projeto,41574477,FDS LOTEAMENTO SAO BRAZDE LOCALIZADO EM TURVO,ABR26
41663913,Projeto,41663913,PMCMV-E - RENASCENCA PR,ABR26
41701151,Projeto,41701151,RESIDENCIAL MIRAMAR,ABR26
41706618,Projeto,41706618,CONSTRUCAO DE UH - RESIDENCIAL IPE III - ARAL MOREIRA/MS,ABR26
41707079,Projeto,41707079,CONSTRUCAO DE UH. RESIDENCIAL IPE II - ARAL MOREIRA/MS,ABR26
41707183,Projeto,41707183,APANE/ENTIDADES,ABR26
41707297,Projeto,41707297,CONSTRUCAO DE UH. RESIDENCIAL IPE I - ARAL MOREIRA/MS,ABR26
41708877,Projeto,41708877,RESIDENCIAL BOM RETIRO I,ABR26
41710035,Projeto,41710035,LOTEAMENTO JARDIM ALVORADA II - MOD I,ABR26
41710368,Projeto,41710368,LOTEAMENTO JARDIM ALVORADA II - MOD III,ABR26
41718881,Projeto,41718881,LOTEAMENTO JARDIM DOS IPES I - FATIMA DO SUL/MS,ABR26
41719574,Projeto,41719574,LOTEAMENTO JARDIM DOS IPES II EM FATIMA DO SUL,ABR26
41719688,Projeto,41719688,LOTEAMENTO JARDIM DOS IPES III - FATIMA DO SUL/MS,ABR26
41728781,Projeto,41728781,FDS/ENTIDADES/OFAM/2013,ABR26
41729705,Obra,41729705,R VISTA LINDA 1,ABR26
41796592,Projeto,41796592,COND RUI FRAZAO,ABR26
41798426,Projeto,41798426,RESIDENCIAL MAZON,ABR26
41811963,Projeto,41811963,RIO BONITO I,ABR26
41858392,Obra,41858392,GETULIO BARBOSA,ABR26
41886052,Projeto,41886052,LOTEAMENTO WALOSZECK KONRAD II,ABR26
41923377,Projeto,41923377,CONJ HABITACIONAL VIRGILIO FERNANDES I,ABR26
41986964,Projeto,41986964,COND RESID SANTA CLARA DE VILA ROSINA,ABR26
41993897,Projeto,41993897,FDS RESIDENCIAL SAO JOSE II,ABR26
41994257,Projeto,41994257,NUCLEO SANTO EXPEDITO,ABR26
42011235,Projeto,42011235,EDUARDO PEREZ FILHO I,ABR26
42045031,Projeto,42045031,RESIDENCIAL FLOR DO CERRADO,ABR26
42051837,Projeto,42051837,LOT JD CAPINA VERDE - MODULO I. EM DOURADOS/MS,ABR26
42052415,Projeto,42052415,LOT CAMPINA VERDE - MODULO II. EM DOURADOS/MS,ABR26
42059682,Projeto,42059682,AQTC 46 UH FORMOSA DO SUL CONCENTRADA MCMV ENTIDADES FDS,ABR26
42071304,Obra,42071304,CONJUNTO HABITACIONAL BELA VISTA,ABR26
42075629,Projeto,42075629,CONSTRUCAO DE 100 UH. LOT ALTOS DO BARREIRAO I - VICENTINA,ABR26
42075847,Projeto,42075847,LOTEAMENTO ALTOS DO BARREIRAO II,ABR26
42076080,Projeto,42076080,RESIDENCIAL NELITO CAMARA DIST AMANDINA,ABR26
42076207,Projeto,42076207,RESIDENCIAL VITORIA,ABR26
42082115,Projeto,42082115,VILA ANGELICA,ABR26
42083913,Projeto,42083913,CAMARGO GRUPO I,ABR26
42113304,Projeto,42113304,COND HEBROM,ABR26
42139469,Projeto,42139469,RESIDENCIAL ESPERANCA,ABR26
42145275,Obra,42145275,RESIDENCIAL AJURICABA,ABR26
42188727,Obra,42188727,RES ESPERANCA H,ABR26
42195443,Projeto,42195443,LOTEAMENTO JARDIM SEVERIANO A,ABR26
42259171,Projeto,42259171,PINHAIS,ABR26
42294096,Obra,42294096,RES JUREMA,ABR26
42319377,Projeto,42319377,CONSTRUCAO DE 100 UH. MUNICICIO DE JUTI/MS,ABR26
42369431,Projeto,42369431,RESIDENCIAL APRUMAR,ABR26
42370126,Projeto,42370126,CONSTRUCAO DE UNIDADES PULVERIZADAS - GENTIL,ABR26
42370230,Projeto,42370230,CONSTRUCAO CASAS MCMV - FDS,ABR26
42382402,Projeto,42382402,CASAS URBANAS PULVERIZADAS - FDS - CASCA - 08UH - CREHNOR,ABR26
42413693,Projeto,42413693,PARAISO I,ABR26
42434635,Projeto,42434635,GRUPO I,ABR26
42462396,Projeto,42462396,JD J S DERZI II,ABR26
42462409,Projeto,42462409,JD J S DERZI 3,ABR26
42490274,Projeto,42490274,V DOS SONHOS II,ABR26
42495513,Projeto,42495513,FDS 12 UNIDADES URBANAS - PULVERIZADO - DESCANSO,ABR26
42497334,Projeto,42497334,FDS RES TERRA DA NEVE - SAO JOAQUIM,ABR26
42623981,Projeto,42623981,SANTA BARBARA MINHA CASA,ABR26
42626393,Projeto,42626393,MEU CANTINHO FELIZ I - FDS - 17UH - COOTRAHAB,ABR26
42710049,Projeto,42710049,07 UH MUNICIPIO DE IBIACA,ABR26
42736090,Obra,42736090,JARDM PRIMAVERA,ABR26
42817908,Projeto,42817908,M E CIDAD II,ABR26
42892757,Projeto,42892757,BELA VISTA,ABR26
42918834,Obra,42918834,PQ R GOV M DEDA,ABR26
43008733,Projeto,43008733,RESIDENCIAL QUILOMBOLA BORGES,ABR26
43027955,Projeto,43027955,BRACATINGA 2,ABR26
43033759,Projeto,43033759,RESIDENCIAL ANTONIO MARTINS DE MENEZES,ABR26
43043544,Projeto,43043544,PROJETO MORAR MELHOR I,ABR26
43045600,Projeto,43045600,FDS CASAS POPULARES EM BRACO DO NORTE,ABR26
43051623,Projeto,43051623,PROJETO CAMINHO DA CIDADANIA II,ABR26
43052867,Projeto,43052867,CAMINHO DA CIDADANIA I,ABR26
43206515,Projeto,43206515,RESIDENCIAL IRMA VERONICA,ABR26
43212537,Projeto,43212537,CRISTAL CONSTRUINDO SONHOS,ABR26
43221859,Projeto,43221859,GRUPO 01 LIBERATO SALZANO,ABR26
43316211,Projeto,43316211,PRADO FERREIRA 5 UH PULVERIZADAS,ABR26
43383879,Projeto,43383879,RESIDENCIAL DERALDO ALVES 2 - ETAPA I,ABR26
43384457,Projeto,43384457,RESIDENCIAL DERALDO ALVES 2 ETAPA 2,ABR26
43418831,Projeto,43418831,PROJETI I,ABR26
43438631,Projeto,43438631,PROJETO II,ABR26
43461385,Projeto,43461385,GRUPO I - CERRO GRANDE,ABR26
43487116,Projeto,43487116,RESIDENCIAL JARDIM MATO GROSSO,ABR26
43599429,Projeto,43599429,AZUL B. CONJUNTO RESIDENCIAL,ABR26
43610925,Projeto,43610925,MCMV-II-FDS. LOTES ISOLADOS. MUNICIPIO DE SANTO AUGUSTO,ABR26
43726987,Projeto,43726987,CONDOMINIO DE HABITACAO DE INTERESSE SOCIAL,ABR26
43825435,Obra,43825435,MANUEL CONGO,ABR26
43878557,Projeto,43878557,VILA MARIA,ABR26
43908616,Projeto,43908616,LOTEAMENTO SAO NICOLAU,ABR26
43976750,Projeto,43976750,RESIDENCIAL PEDRO PIMENTEL SIMOES,ABR26
43992568,Projeto,43992568,CONSTRUCAO DE 51UH - LOT NOSSA SRA DE CAACUPE I,ABR26
44021154,Projeto,44021154,FDS - GRUPO 01 - ENGENHO VELHO,ABR26
44024118,Projeto,44024118,ASSOCIACAO HABITACIONAL SAO PEDRO DE ALCANTARA,ABR26
44043777,Obra,44043777,RESID VIVER,ABR26
44092252,Projeto,44092252,RESIDENCIAL ESTEVAM BENTES PEREIRA,ABR26
44104001,Projeto,44104001,CONSTRUINDO MORADIA E CIDADDANIA I,ABR26
44106836,Projeto,44106836,MEU CANTINHO FELIZ II - FDS - 22UH - COOTRAHAB,ABR26
44145293,Projeto,44145293,CONDOMINIO PORTAL SERRA VERDE,ABR26
44340339,Obra,44340339,CONJUNTO RESIDENCIAL CONQUISTA I,ABR26
44346812,Projeto,44346812,ESTRELA DO AMANHA,ABR26
44381510,Projeto,44381510,CONSTRUINDO LARES - RESIDENCIAL SANTA EFIGENIA,ABR26
44424085,Projeto,44424085,CONDOMINIO MURO AZUL,ABR26
44590552,Projeto,44590552,RESIDENCIAL BEIRA RIO,ABR26
44591139,Projeto,44591139,RESIDENCIAL ELDORADO,ABR26
44591358,Projeto,44591358,RESIDENCIAL PORTAL DO CAFE,ABR26
44633912,Projeto,44633912,RESIDENCIAL MORADA DOS KIRIRAS I,ABR26
44651118,Projeto,44651118,FDS CONSTRUCAO DE 09 UH PULVERIZADAS EM FORQUILHINHA,ABR26
44709269,Projeto,44709269,FDS GRUPO 1 SAO JOSE DO HERVAL,ABR26
44760455,Obra,44760455,R VISTA LINDA 2,ABR26
44767848,Projeto,44767848,LOTEAMENTO PRIMAVERA III - ETAPA II,ABR26
44800529,Obra,44800529,RES DOM PEDRO I,ABR26
44805203,Projeto,44805203,AZUL A. CONJ RES,ABR26
44859120,Projeto,44859120,RES BOA ESPERAN,ABR26
44953997,Projeto,44953997,CONDOMINIO RESIDENCIAL DE INTERESSE SOCIAL AREA MAJOR ETAPA2,ABR26
44954024,Projeto,44954024,RESIDENCIAL FIGUEIRA II,ABR26
45031391,Obra,45031391,VITORIA DO FORT,ABR26
45500798,Projeto,45500798,RES ARARAS,ABR26
45501712,Projeto,45501712,CASAS PULVERIZADAS COOPERHAPA II,ABR26
45525490,Projeto,45525490,FDS COND RES MORADAS DA SERRA,ABR26
45551545,Projeto,45551545,LOTEAMENTO NOVA ALVORADA - GRUPO 01,ABR26
45581796,Projeto,45581796,LOTEAMENTO RESIDENCIAL 10 DE ABRIL,ABR26
45676044,Projeto,45676044,MORAR MELHOR I,ABR26
45722796,Obra,45722796,M ANJOS SAMP 1,ABR26
45722809,Obra,45722809,M ANJOS SAMP 2,ABR26
46100605,Projeto,46100605,VALE DAS CACHOEIRAS,ABR26
46275593,Obra,46275593,LAGOA OURO 2,ABR26
46283773,Obra,46283773,JULIA BEATRIZ,ABR26
46324976,Projeto,46324976,CONDOMINIO DOM PEDRO II,ABR26
46345920,Obra,46345920,SAO JOSE I,ABR26
46738527,Projeto,46738527,LORD HOTEL,ABR26
47065333,Projeto,47065333,S MATHEUS COND1,ABR26
47148281,Projeto,47148281,QUILOMBO ALPES,ABR26
47443342,Projeto,47443342,TERRAS DAS ARAUCARIAS,ABR26
48516328,Projeto,48516328,LOTEAMENTO NOVA ALVORADA - GRUPO 02,ABR26
48516870,Projeto,48516870,LOTEAMENTO NOVA ALVORADA - GRUPO 03,ABR26
48532574,Projeto,48532574,RESIDENCIAL JOAO BATISTA ARANTES ETAPA I,ABR26
48532792,Projeto,48532792,RESIDENCIAL JOAO BATISTA ARANTES ETAPA II,ABR26
48533266,Projeto,48533266,RESIDENCIAL JOAO BATISTA ARANTES ETAPA III,ABR26
48533484,Projeto,48533484,RESIDENCIAL JOAO BATISTA ARANTES ETAPA IV,ABR26
48623613,Obra,48623613,J ALMEIDA I,ABR26
48663431,Projeto,48663431,LOTEAMENTO POR DO SOL,ABR26
48760388,Projeto,48760388,RESIDENCIAL HABITARE II,ABR26
48800015,Projeto,48800015,BRAGANCA PAULISTA J,ABR26
48887378,Obra,48887378,CONJUNTO HABITACIONAL VILA CANOAS I,ABR26
48887714,Obra,48887714,CONJUNTO HABITACIONAL VILA CANOAS II,ABR26
48906063,Projeto,48906063,LOTEAMENTO CIDADE NOVA,ABR26
48919928,Projeto,48919928,VILA SAPO,ABR26
48922768,Projeto,48922768,CONDOMINIO RESIDENCIAL JORNALISTA ARMANDO TIBANA,ABR26
49006644,Projeto,49006644,TERRA NOVA,ABR26
49047937,Projeto,49047937,FDS 50 UHS CONCENTRADAS,ABR26
49048620,Projeto,49048620,LOT TANCREDO NEVES II,ABR26
49050996,Projeto,49050996,FDS 50 UHS CONCENTRADAS,ABR26
49064658,Projeto,49064658,RESIDENCIAL FLOR DO CERRADO - MOD I,ABR26
49069331,Projeto,49069331,RESIDENCIAL FLOR DO CERRADO - MOD II,ABR26
49072285,Projeto,49072285,RESIDENCIAL FLOR DO CERRADO - MOD III,ABR26
49075585,Projeto,49075585,RESIDENCIAL FLOR DO CERRADO - MOD IV,ABR26
49111001,Projeto,49111001,RESIDENCIAL PROFESSORA SILVANA SOUZA UZAI DE SOUZA I,ABR26
49111885,Projeto,49111885,LOTEAMENTO JARDIM ALVORADA II - MODULO II,ABR26
49113041,Projeto,49113041,RESIDENCIAL PROFESSORA SILVANA SOUZA UZAI DE SOUZA II,ABR26
49114067,Projeto,49114067,RES CAMBRIDGE,ABR26
49116236,Projeto,49116236,RESIDENCIAL PROFESSORA SILVANA SOUZA UZAI DE SOUZA III,ABR26
49116892,Projeto,49116892,RESIDENCIAL PROFESSORA SILVANA SOUZA UZAI DE SOUZA IV,ABR26
49124968,Projeto,49124968,FDS 50 UHS CONCENTRADAS,ABR26
49148750,Projeto,49148750,SAO DOMINGO I,ABR26
49153424,Projeto,49153424,BOA ESPERANCA 2,ABR26
49186423,Projeto,49186423,CONJUNTO HABITACIONAL SEVERINO QUIRINO,ABR26
49191649,Projeto,49191649,RESIDENCIAL MORADA DOS KIRIRAS II,ABR26
49196542,Projeto,49196542,ENCANTO DO NORTE,ABR26
49240585,Projeto,49240585,IGARAPE INDIO,ABR26
49241509,Projeto,49241509,IGARAPE FRADE,ABR26
49252424,Projeto,49252424,CURRAL NOVO,ABR26
49253555,Projeto,49253555,CURRAL NOVO - ETAPA 2,ABR26
49254798,Projeto,49254798,SAO DOMINGOS II,ABR26
49259472,Projeto,49259472,MORADA BONITA,ABR26
49318768,Projeto,49318768,C DE AGUEDA II,ABR26
49322071,Projeto,49322071,C AGUEDA I,ABR26
49393629,Obra,49393629,MAURILIO XS I,ABR26
49394194,Obra,49394194,MAURILIO XS II,ABR26
49394530,Obra,49394530,MAURILIO XS III,ABR26
49394977,Obra,49394977,MAURILIO XS IV,ABR26
49418127,Obra,49418127,M ANJOS SAMP IV,ABR26
49419257,Obra,49419257,ENG NAVARRO III,ABR26
63511208,Obra,63511208,RIO BRANCO I,ABR26
63511312,Obra,63511312,RIO BRANCO II,ABR26
63511426,Obra,63511426,NOSSA SENHORA DAS BROTAS I,ABR26
63511645,Obra,63511645,RESIDENICAL MONTE SANTO I,ABR26
63511750,Obra,63511750,RESIDENCIAL MONTE SANTO II,ABR26
63511864,Obra,63511864,RESIDENCIAL MONTE SANTO III,ABR26
63511978,Obra,63511978,PAO DE ACUCAR RESIDENCIAL DOUTOR FRANCISCO DANTAS,ABR26
63512005,Projeto,63512005,RESIDENCIAL PALMARES,ABR26
63512337,Projeto,63512337,RESIDENCIAL RIO MARMELOS,ABR26
63512557,Projeto,63512557,RESIDENCIAL HABITAR RAMOS I,ABR26
63512661,Projeto,63512661,RESIDENCIAL HABITAR RAMOS II,ABR26
63512775,Obra,63512775,ANGICAL I,ABR26
63512889,Projeto,63512889,BAIXA GRANDE CONSTRUINDO CIDADANIA,ABR26
63512993,Projeto,63512993,RESIDENCIAL ANISIO RIBEIRO,ABR26
63513353,Projeto,63513353,CANDIBA I,ABR26
63513467,Projeto,63513467,CANDIBA II,ABR26
63513572,Projeto,63513572,CANDIBA III,ABR26
63513686,Projeto,63513686,CASA NOVA CONSTRUINDO CIDADANIA,ABR26
63513803,Projeto,63513803,RESIDENCIAL HABITAR CAATINGA,ABR26
63513917,Projeto,63513917,RESIDENCIAL HABITAR MATA ATLANTICA,ABR26
63514045,Projeto,63514045,RESIDENCIAL HABITAR CERRADO,ABR26
63514150,Projeto,63514150,RESIDENCIAL HABITAR FLORESTA AMAZONICA,ABR26
63514264,Projeto,63514264,RESIDENCIAL AURELIO ALVES DE OLIVEIRA,ABR26
63514378,Projeto,63514378,RESIDENCIAL MORADA NOVA I,ABR26
63514482,Projeto,63514482,RESIDENCIAL MORADA NOVA II,ABR26
63514597,Projeto,63514597,RESIDENCIAL AMBROSIO OLIVEIRA IRAJUBA I,ABR26
63514600,Projeto,63514600,RESIDENCIAL AMBROSIO OLIVEIRA II,ABR26
63514714,Projeto,63514714,RESIDENCIAL MOISES SENA,ABR26
63514828,Projeto,63514828,RESIDENCIAL OLIVAL DE SOUZA ANDRADE I,ABR26
63514932,Projeto,63514932,RESIDENCIAL OLIVAL DE SOUZA ANDRADE II,ABR26
63515073,Projeto,63515073,RESIDENCIAL OLIVAL DE SOUZA ANDRADE III,ABR26
63515187,Projeto,63515187,RESIDENCIAL ALTO DO CRISTO,ABR26
63515291,Projeto,63515291,CONJUNTO HABITACIONAL IRUNDIARA,ABR26
63515304,Projeto,63515304,RESIDENCIAL ENTRONCACITY I,ABR26
63515418,Projeto,63515418,RESIDENCIAL ENTRONCACITY II,ABR26
63515523,Obra,63515523,JOAO DOURADO I,ABR26
63515637,Projeto,63515637,RESIDENCIAL MORADAS VILE I,ABR26
63515741,Projeto,63515741,RESIDENCIAL MORADAS VILE II,ABR26
63515856,Projeto,63515856,RESIDENCIAL MORADAS VILE III,ABR26
63515960,Obra,63515960,MANSIDAO,ABR26
63516101,Projeto,63516101,RESIDENCIAL FLOR DE MANDACARU,ABR26
63516215,Projeto,63516215,RESIDENCIAL SANTO ANTONIO,ABR26
63516329,Projeto,63516329,LOTEAMENTO SAO JOSE,ABR26
63516433,Projeto,63516433,RESIDENCIAL BELA VISTA,ABR26
63516653,Projeto,63516653,RESIDENCIAL ARQUITETO ZEZEU RIBEIRO,ABR26
63516767,Projeto,63516767,RESIDENCIAL ANTONIO ALDEBARAN,ABR26
63516871,Projeto,63516871,RESIDENCIAL ROSANGELA FERREIRA,ABR26
63516985,Projeto,63516985,RESIDENCIAL EDELVIRA AMORIM,ABR26
63517012,Obra,63517012,RESIDENCIAL NOSSA GENTE,ABR26
63517230,Obra,63517230,LOTEAMENTO SAO LAZARO,ABR26
63517344,Projeto,63517344,CONJUNTO HABITACIONAL IBIRABA,ABR26
63517459,Projeto,63517459,RESIDENCIAL AMONTADA,ABR26
63517782,Obra,63517782,RESIDENCIAL LUIZ GONZAGA II,ABR26
63517896,Projeto,63517896,RESIDENCIAL PAUPINA FLORES,ABR26
63517909,Projeto,63517909,RESIDENCIAL NOVO ICO,ABR26
63518360,Obra,63518360,RESIDENCIAL JOSE ALVES DE OLIVEIRA,ABR26
63518474,Obra,63518474,RESIDENCIAL MANOEL GOMES DA SILVA,ABR26
63518589,Projeto,63518589,RESIDENCIAL IRAUCUBA II,ABR26
63518693,Projeto,63518693,RESIDENCIAL IRAUCUBA I,ABR26
63518706,Obra,63518706,RESIDENCIAL MARISA LETICIA,ABR26
63518810,Obra,63518810,CONJUNTO HABITACIONAL FRANCISCA DAS CHAGAS SILVA CALADO,ABR26
63518924,Obra,63518924,RESIDENCIAL ROZA SOARES DIAS TAVARES,ABR26
63519053,Obra,63519053,LOTEAMENTO MATIAS,ABR26
63519167,Obra,63519167,RESIDENCIAL SAO LUIS DO CURU,ABR26
63519271,Obra,63519271,RESIDENCIAL VIDA NOVA,ABR26
63519385,Obra,63519385,RESIDENCIAL MARIA CECILIA NOGUEIRA,ABR26
63519503,Obra,63519503,RESIDENCIAL SOL NASCENTE,ABR26
63519617,Obra,63519617,RESIDENCIAL MARIA DAS MERCES,ABR26
63519835,Projeto,63519835,RESIDENCIAL VISTA LINDA III,ABR26
63520184,Projeto,63520184,RESIDENCIAL ALTINO ALVES TEIXEIRA,ABR26
63520301,Obra,63520301,CONJUNTO RESIDENCIAL CIDADE JARDIM III,ABR26
63520415,Obra,63520415,RESID VILLAGIO SANTA LUZIA,ABR26
63520748,Projeto,63520748,RESIDENCIAL ROSA RUBRA,ABR26
63520967,Obra,63520967,RESID ARAGUAIA I,ABR26
63521095,Projeto,63521095,NOVO ORIZONA,ABR26
63521108,Projeto,63521108,JARDIM DAS PALMEIRAS I,ABR26
63521212,Obra,63521212,NOVA MORADA,ABR26
63521545,Projeto,63521545,RESIDENCIAL VILLAGE DAS AGUAS,ABR26
63521764,Projeto,63521764,NOVO BEQUIMAO ETAPA I,ABR26
63521878,Projeto,63521878,NOVO BEQUIMAO ETAPA II,ABR26
63522019,Projeto,63522019,RESIDENCIAL NOVO CIDELANDIA,ABR26
63522123,Projeto,63522123,RESIDENCIAL PITOMBEIRA,ABR26
63522237,Obra,63522237,RESIDENCIAL PARAISO,ABR26
63522341,Obra,63522341,CURURUPU I,ABR26
63522456,Obra,63522456,CURURUPU II,ABR26
63522561,Projeto,63522561,RESIDENCIAL ESPERANCA I,ABR26
63522789,Projeto,63522789,RESIDENCIAL BELA VISTA,ABR26
63522893,Projeto,63522893,JENIPAPO DOS VIEIRAS I,ABR26
63522906,Projeto,63522906,JENIPAPO DOS VIEIRAS II,ABR26
63523148,Projeto,63523148,RESIDENCIAL DALLAS I,ABR26
63523253,Projeto,63523253,RESIDENCIAL DALLAS II,ABR26
63523367,Projeto,63523367,RESIDENCIAL DALLAS III,ABR26
63523471,Projeto,63523471,CONJUNTO HABITACIONAL SENADOR EDISON LOBAO,ABR26
63523586,Projeto,63523586,RESIDENCIAL DANDARA II,ABR26
63523703,Projeto,63523703,RESIDENCIAL VALE DAS PALMEIRAS,ABR26
63523817,Projeto,63523817,RESIDENCIAL MARIA AMELIA I,ABR26
63523921,Projeto,63523921,PASSAGEM FRANCA I,ABR26
63524050,Projeto,63524050,PASSAGEM FRANCA II,ABR26
63524164,Projeto,63524164,PASSAGEM FRANCA III,ABR26
63524278,Projeto,63524278,NAILA GONCALO PASTOS BONS,ABR26
63524382,Projeto,63524382,RESIDENCIAL CALIFORNIA I,ABR26
63524496,Projeto,63524496,RESIDENCIAL CALIFORNIA II,ABR26
63524500,Projeto,63524500,RESIDENCIAL CALIFORNIA III,ABR26
63524614,Projeto,63524614,RESIDENCIAL IPE DO BOSQUE,ABR26
63524832,Obra,63524832,URBANO SANTOS I,ABR26
63524946,Obra,63524946,CONDOMINIO RIO ANHUMAS,ABR26
63525087,Obra,63525087,RESIDENCIAL JARDIM DOS PASSAROS II ETAPA I,ABR26
63525191,Obra,63525191,RESIDENCIAL JARDIM DOS PASSAROS 2 ETAPA 2,ABR26
63525204,Obra,63525204,LOTEAMENTO MORADA DO PANTANAL,ABR26
63525318,Obra,63525318,JARDIM AMERICA,ABR26
63525422,Obra,63525422,JARDIM DOS IPES IV,ABR26
63525537,Obra,63525537,LOTEAMENTO ESTRELA DALVA,ABR26
63525756,Obra,63525756,RESIDENCIAL VILA MORENA,ABR26
63525860,Obra,63525860,LOTEAMENTO CACUPE II,ABR26
63525974,Obra,63525974,LOTEAMENTO COSTA LESTE,ABR26
63526001,Obra,63526001,LOT RES BELA VISTA,ABR26
63526115,Obra,63526115,EMPREENDIMENTO VIVARE,ABR26
63526229,Projeto,63526229,OCUPACAO ZEZEU RIBEIRO E NORMA LUCIA,ABR26
63526333,Obra,63526333,ALTO SAO FRANCISCO II,ABR26
63526447,Obra,63526447,CONJUNTO HABITACIONAL ALTO SAO FRANCISCO I,ABR26
63526667,Projeto,63526667,VIDA NOVA CONDOMINIO I,ABR26
63526771,Projeto,63526771,VIDA NOVA CONDOMINIO II,ABR26
63527026,Obra,63527026,RESIDENCIAL SAO SEBASTIAO,ABR26
63527130,Projeto,63527130,MARIELLE FRANCO,ABR26
63527244,Obra,63527244,CONDOMINIO PAULO GAETANI II,ABR26
63527359,Projeto,63527359,RESIDENCIAL ASCAP,ABR26
63527463,Obra,63527463,CONJUNTO HABITACIONAL ANTONIO TIRONI DIAS,ABR26
63527578,Projeto,63527578,PEDRAS DE MARIA DA CRUZ I VELHO CHICO I,ABR26
63527682,Projeto,63527682,CONJUNTO HABITACIONAL VELHO CHICO II,ABR26
63527796,Projeto,63527796,PEDRAS DE MARIA DA CRUZ III VELHO CHICO III,ABR26
63527809,Projeto,63527809,VILA DO CARMO,ABR26
63527913,Projeto,63527913,RESIDENCIAL MANOEL ALEIXO E VICENTAO,ABR26
63528041,Projeto,63528041,RESICENCIAL CAROLINA MARIA DE JESUS I,ABR26
63528156,Projeto,63528156,RESIDENCIAL CAROLINA MARIA DE JESUS II,ABR26
63528260,Projeto,63528260,RESIDENCIAL CAROLINA MARIA DE JESUS III,ABR26
63528374,Obra,63528374,RESIDENCIAL ANGELICA,ABR26
63528488,Obra,63528488,RESIDENCIAL CABANOS II,ABR26
63528593,Obra,63528593,EMPREENDIMENTO RESIDENCIAL CABANOS I,ABR26
63528606,Obra,63528606,RESIDENCIAL LUZIA SILVA,ABR26
63528710,Obra,63528710,RESIDENCIAL FAZENDINHA I,ABR26
63528824,Obra,63528824,RESIDENCIAL HERMOGENES SANTOS,ABR26
63528938,Obra,63528938,RESIDENCIAL JUSTINA DIAS,ABR26
63529399,Projeto,63529399,RESID MAGUARY BENEVIDES II,ABR26
63529402,Obra,63529402,CIDADE NOVA I,ABR26
63529517,Obra,63529517,CIDADE NOVA II,ABR26
63529621,Obra,63529621,IRITUIA,ABR26
63529849,Obra,63529849,RESIDENCIAL POR DO SOL,ABR26
63529954,Obra,63529954,PALESTINA DO PARA II JARDIM DO RIO,ABR26
63530198,Projeto,63530198,RESIDENCIAL NILSON SALDANHA I,ABR26
63530201,Obra,63530201,RESIDENCIAL VIVER EM ALAGOINHA,ABR26
63530315,Obra,63530315,RESIDENCIAL OLIVEIRAS,ABR26
63530429,Obra,63530429,DIANA GUERRA II,ABR26
63530534,Obra,63530534,DIANA GUERRA III,ABR26
63530648,Obra,63530648,DIANA GUERRA I,ABR26
63530753,Projeto,63530753,RESIDENCIAL JOAO DEON DA SILVA II,ABR26
63530867,Projeto,63530867,RESIDENCIAL JOAO DEON DA SILVA I,ABR26
63530971,Projeto,63530971,RESIDENCIAL COMUNITARIUS VII,ABR26
63531008,Obra,63531008,RESIDENCIAL COMUNITARIUS III,ABR26
63531112,Projeto,63531112,RESIDENCIAL GUILHERME DA CUNHA MADRUGA,ABR26
63531444,Projeto,63531444,RESIDENCIAL DEP SIMAO DE ALMEIDA NETO,ABR26
63531550,Obra,63531550,RESIDENCIAL JARDIM DO SUL,ABR26
63531664,Obra,63531664,RESIDENCIAL MORADA DO SUL,ABR26
63531778,Projeto,63531778,RESIDENCIAL ANTONIO JUNIOR,ABR26
63531882,Obra,63531882,RESIDENCIAL COMUNITARIUS V,ABR26
63531996,Obra,63531996,RESIDENCIAL BOM VIVER EM MARI,ABR26
63532137,Projeto,63532137,RESIDENCIAL COMUNITARIUS XI,ABR26
63532241,Projeto,63532241,CONJUNTO HABITACIONAL JESSE SALVADOR DE LIMA,ABR26
63532356,Projeto,63532356,RESIDENCIAL OSCAR MOURA,ABR26
63532460,Projeto,63532460,RESIDENCIAL COMUNITARIUS X,ABR26
63532689,Projeto,63532689,RESIDENCIAL COMUNITARIUS IX,ABR26
63532793,Projeto,63532793,RESIDENCIAL COMUNITARIUS VI,ABR26
63532806,Obra,63532806,RESIDENCIAL ANTONIO CABRAL DE CASTRO,ABR26
63532910,Obra,63532910,MINHA CASA MINHA VIDA ENTIDADES BRAGANEY,ABR26
63533048,Obra,63533048,RESIDENCIAL SIENA,ABR26
63533153,Obra,63533153,FORCA DA UNIAO V,ABR26
63533267,Obra,63533267,JEQUITIBA II,ABR26
63533371,Obra,63533371,JEQUITIBA I,ABR26
63533485,Obra,63533485,RESIDENCIAL FLORESTA,ABR26
63533590,Obra,63533590,FORCA DA UNIAO VI,ABR26
63533603,Obra,63533603,NOVA ESPERANCA,ABR26
63533717,Obra,63533717,RONDON PARANA,ABR26
63533821,Obra,63533821,FORCA DA UNIAO IV,ABR26
63533935,Obra,63533935,FORCA DA UNIAO III,ABR26
63534282,Obra,63534282,FORCA DA UNIAO VII,ABR26
63534732,Projeto,63534732,RIACHO DO NAVIO,ABR26
63534951,Obra,63534951,DONA LINDU ETAPA III,ABR26
63535091,Obra,63535091,DONA LINDU ETAPA I,ABR26
63535104,Obra,63535104,DONA LINDU II,ABR26
63535218,Obra,63535218,DONA LINDU ETAPA IV,ABR26
63535322,Projeto,63535322,VILA DOMINGOS ALVES DE GOIS,ABR26
63535436,Obra,63535436,LUZ E VIDA,ABR26
63535760,Projeto,63535760,MIGUEL ARRAES,ABR26
63535874,Obra,63535874,RESIDENCIAL JAIME LINS,ABR26
63535988,Obra,63535988,CONJUNTO HABITACIONAL MIGUEL LOBATO,ABR26
63536015,Projeto,63536015,HABITA MAIS POCAO,ABR26
63536347,Obra,63536347,RESIDENCIAL ONILDO ROMAO,ABR26
63536452,Obra,63536452,RESIDENCIAL MARIA ELVIRA,ABR26
63536567,Obra,63536567,PRESENTE DE DEUS,ABR26
63536671,Obra,63536671,HABITACIONAL ADELMO ARAUJO,ABR26
63536785,Obra,63536785,RESIDENCIAL MARIA FELIPA,ABR26
63536899,Obra,63536899,CONJUNTO HABITACIONAL FABIO ARAGAO,ABR26
63536902,Projeto,63536902,PANKARARU,ABR26
63537030,Projeto,63537030,BACURAU IV,ABR26
63537144,Projeto,63537144,RESIDENCIAL IVAN BANANEIRA,ABR26
63537259,Projeto,63537259,RESIDENCIAL BENEDITO TAPETY,ABR26
63537363,Obra,63537363,RESIDENCIAL COLISEU ETAPA I,ABR26
63537477,Obra,63537477,RESIDENCIAL COLISEU ETAPA II,ABR26
63537582,Obra,63537582,PAES LANDIM BAIRRO NOVO PROJETO,ABR26
63537709,Obra,63537709,LOTEAMENTO TRIUNFO,ABR26
63537813,Obra,63537813,NECI LIBERATO I,ABR26
63537927,Projeto,63537927,NECI LIBERATO II,ABR26
63538274,Obra,63538274,RESIDENCIAL ALDEIA DOS LARANJAIS II,ABR26
63538388,Obra,63538388,RESIDENCIAL ALFAVERDE,ABR26
63538492,Obra,63538492,RESIDENCIAL ALDEIA DOS LARANJAIS,ABR26
63538506,Obra,63538506,RESIDENCIAL MARIA PIMENTEL MARINHO,ABR26
63538610,Projeto,63538610,RESIDENCIAL GUADALUPE,ABR26
63538724,Projeto,63538724,PROJETO HABITACIONAL MAE BERNADETE PACIFICO,ABR26
63538838,Projeto,63538838,OCUPACAO VITO GIANNOTTI,ABR26
63538942,Obra,63538942,ACU I,ABR26
63539071,Obra,63539071,FLOR DO ASSU,ABR26
63539185,Projeto,63539185,CONJUNTO HABITACIONAL CARAPUCA,ABR26
63539299,Projeto,63539299,CONJ HABITACIONAL PEDRA DE ABELHA I,ABR26
63539302,Projeto,63539302,CONJ HABITACIONAL PEDRA DE ABELHA II,ABR26
63539416,Projeto,63539416,NOVA FLORANIA,ABR26
63539521,Obra,63539521,CONJUNTO HABITACIONAL ANTONIO RUFINO ALVES,ABR26
63539635,Projeto,63539635,CONJUNTO HABITACIONAL SAO SEBASTIAO JAPI I,ABR26
63539749,Projeto,63539749,CONJUNTO HABITACIONAL NOVA ALVORADA I LAJES I,ABR26
63539854,Projeto,63539854,CONJUNTO HABITACIONAL NOVA ALVORADA II,ABR26
63539968,Obra,63539968,RESIDENCIAL MANGABEIRA,ABR26
63540098,Projeto,63540098,RESIDENCIAL QUILOMBO DOS PALMARES,ABR26
63540101,Projeto,63540101,CONJUNTO HABITACIONAL PADRE TIAGO THEISEN I,ABR26
63540215,Projeto,63540215,CONJUNTO HABITACIONAL PADRE TIAGO THEISEN II(NATAL III),ABR26
63540329,Projeto,63540329,CONJUNTO HABITACIONAL TIRADENTES (NATAL IV),ABR26
63540433,Projeto,63540433,NOVA PARELHAS,ABR26
63540548,Projeto,63540548,CONJUNTO PADRE PHILIPE VILENEUVE,ABR26
63540653,Projeto,63540653,NOVO SAO FERNANDO,ABR26
63540767,Projeto,63540767,NOVO SAO JOAO DO SABUGI,ABR26
63540871,Projeto,63540871,CONJUNTO HABITACIONAL VIDA NOVA,ABR26
63540985,Projeto,63540985,CONJUNTO HABITACIONAL JARDIM DE ALICIA II,ABR26
63541012,Projeto,63541012,CONJ HABITACIONAL PORTAL DAS UMARIZEIRAS,ABR26
63541230,Obra,63541230,LOTEAMENTO RESIDENCIAL MORADA DOS SONHOS,ABR26
63541344,Obra,63541344,ARPA II CANGUCU,ABR26
63541459,Obra,63541459,ARPA I CANGUCU,ABR26
63541782,Projeto,63541782,LOTEAMENTO PONCHO VERDE,ABR26
63541896,Obra,63541896,ARPA III MORRO REDONDO,ABR26
63541909,Obra,63541909,LOTEAMENTO JARDIM PRIMAVERA,ABR26
63542037,Obra,63542037,LOTEAMENTO GIRASSOL,ABR26
63542141,Obra,63542141,LOTEAMENTO HORTENCIA,ABR26
63542256,Obra,63542256,PROJETO CASA NOVA EM LOTES PULVERIZADOS,ABR26
63542360,Projeto,63542360,ASSENTAMENTO PRIMAVERA,ABR26
63542474,Projeto,63542474,OCUPACAO SEPE TIARAJU,ABR26
63542589,Projeto,63542589,RESIDENCIAL JARDINS COOMETAL,ABR26
63542693,Projeto,63542693,PARQUE RESIDENCIAL IBICUI,ABR26
63542706,Projeto,63542706,FRONTEIRA DA PAZ,ABR26
63542810,Obra,63542810,LOTEAMENTO VILA NOVA II,ABR26
63542924,Projeto,63542924,LOTEAMENTO JARDIM ALVORADA,ABR26
63543053,Obra,63543053,PROJETO UNIAO EM LOTES PULVERIZADOS,ABR26
63543167,Obra,63543167,LOTEAMENTO RECOMECAR I,ABR26
63543271,Obra,63543271,LOTEAMENTO RECOMECAR II,ABR26
63543385,Projeto,63543385,RESIDENCIAL MAUA SINOS,ABR26
63543499,Projeto,63543499,LOTEAMENTO MORADA DA PRIMAVERA TAQUARA,ABR26
63543503,Obra,63543503,LOTEAMENTO SANTA CECILIA I,ABR26
63543617,Obra,63543617,LOTEAMENTO SANTA CECILIA II,ABR26
63543721,Obra,63543721,LOTEAMENTO RESIDENCIAL DOUTOR OLAVO RODRIGUES,ABR26
63543835,Projeto,63543835,CONDOMINIO TRAVESSA SAO PAULO,ABR26
63543949,Obra,63543949,RESIDENCIAL DR JESUS ADIB ABI CHEDID,ABR26
63544078,Projeto,63544078,DEVANIR JOSE DE CARVALHO,ABR26
63544182,Obra,63544182,EDIFICIO PAU DO CAFE,ABR26
63544296,Obra,63544296,RESIDENCIAL ROQUE VALENTE IIB,ABR26
63544309,Obra,63544309,RESIDENCIAL ROQUE VALENTE I A,ABR26
63544413,Obra,63544413,RESIDENCIAL ROQUE VALENTE I B,ABR26
63544746,Projeto,63544746,VILA CALU,ABR26
63544851,Projeto,63544851,MANOEL ALEIXO,ABR26
63544965,Projeto,63544965,RESIDENCIAL SONHO REAL,ABR26
63545004,Obra,63545004,RESIDENCIAL HILDA FONTOURA NAMI,ABR26
63545222,Projeto,63545222,CONDOMINIO MONTANHAO CONDOMINIO II,ABR26
63545336,Projeto,63545336,CONDOMINIO MONTANHAO CONDOMINIO I,ABR26
63545440,Projeto,63545440,CONDOMINIO MONTANHAO CONDOMINIO III,ABR26
63545556,Projeto,63545556,RESIDENCIAL TARSILA DO AMARAL,ABR26
63545660,Obra,63545660,EMPREEDIMENTO HELIO NAVARRO,ABR26
63545774,Obra,63545774,EDIFICIO CATUMBI,ABR26
63545888,Obra,63545888,PARQUE SAO LUCAS B,ABR26
63545992,Obra,63545992,PARQUE SAO LUCAS A,ABR26
63546029,Projeto,63546029,CONDOMINIO PRACA DA REPUBLICA RETROFIT,ABR26
63546247,Projeto,63546247,RESIDENCIAL MATARAZZO,ABR26
63546466,Obra,63546466,CONDOMINIO RESIDENCIAL FAIXA DE GAZA II,ABR26
63546802,Obra,63546802,VILA MONUMENTO,ABR26
63547159,Projeto,63547159,RESIDENCIAL ESTRELA GUIA,ABR26
63547263,Projeto,63547263,NOVA ESPERANCA,ABR26
63547481,Projeto,63547481,NOVA ESPERANCA II,ABR26
63547596,Obra,63547596,NOVA ESPERANCA I,ABR26
63547609,Projeto,63547609,CONDOMINIO BEATRIZ NASCIMENTO,ABR26
63547713,Obra,63547713,RESIDENCIAL JOANA ARANHA,ABR26
63547827,Obra,63547827,RESIDENCIAL NOVA VIDA LAGARTO,ABR26
63547931,Obra,63547931,RESIDENCIAL NOVO TEMPO I,ABR26
63548392,Obra,63548392,RESIDENCIAL IRACILDO ATAIDE,ABR26
63548405,Obra,63548405,RESIDENCIAL BARRO PRETO,ABR26
63548510,Obra,63548510,RESIDENCIAL BENIGNA MENEZES DE SIQUEIRA ETAPA II,ABR26
63548624,Obra,63548624,RESIDENCIAL BEIJA FLOR,ABR26
63548738,Obra,63548738,RESIDENCIAL NOVA ESPERANCA,ABR26
63548842,Obra,63548842,RESIDENCIAL JOSUE DE CASTRO,ABR26
63548957,Obra,63548957,RESIDENCIAL AMAZONIA,ABR26
63549085,Obra,63549085,RES BELA VISTA I,ABR26
63549199,Obra,63549199,RESIDENCIAL MARIA ARANHA,ABR26
63549202,Obra,63549202,RES BELA VISTA I,ABR26
63549316,Obra,63549316,RESIDENCIAL ILHA DO BANANAL,ABR26
63549420,Obra,63549420,RESIDENCIAL ESPERANCA,ABR26
63549535,Obra,63549535,RESIDENCIAL JURITI I,ABR26
63549754,Obra,63549754,RESIDENCIAL PROJETO PORTO ALEGRE,ABR26
63549868,Obra,63549868,JARDIM IMPERIAL II,ABR26
63549972,Obra,63549972,RESIDENCIAL DANDARA DOS PALMARES,ABR26
63551027,Obra,63551027,PORTO IMPERIAL,ABR26
63551131,Obra,63551131,PADRE JOSIMO II,ABR26
63794173,Obra,63794173,RESIDENCIAL MOISES COSTA DA SILVA,ABR26
63794391,Projeto,63794391,EMPREENDIMENTO MUTIRAO GUAIANASES,ABR26
63794404,Projeto,63794404,RESIDENCIAL ANHANGUERA SITIO BURACAO,ABR26
63794519,Projeto,63794519,DOIS DE JUNHO,ABR26
63794623,Projeto,63794623,LOTEAMENTO STEIGLEDER,ABR26
63794737,Projeto,63794737,RESIDENCIAL PEQUIZEIRO II,ABR26
63794841,Projeto,63794841,RESIDENCIAL MARIA ROSA DA SILVA,ABR26
63794956,Projeto,63794956,RESIDENCIAL GAMELEIRAS,ABR26
63795096,Projeto,63795096,MARTINS FONTES RETROFIT,ABR26
63795213,Projeto,63795213,LOTEAMENTO TANCREDO NEVES,ABR26
63795327,Projeto,63795327,JARDIM VIENA,ABR26
63795431,Projeto,63795431,JARDIM NOVA ESPERANCA,ABR26
63795546,Projeto,63795546,RD ANA MENDES PEREIRA,ABR26
63795651,Projeto,63795651,RESIDENCIAL PORTAL DAS AGUAS,ABR26
63795983,Obra,63795983,RESIDENCIAL CAMINHO DAS AGUAS,ABR26
63796010,Projeto,63796010,SIGEFREDO PACHECO PI BELA VISTA I PROJETO,ABR26
63796124,Obra,63796124,RESIDENCIAL ALEX DIAS,ABR26
63796238,Obra,63796238,OTAVIANO PEREIRA,ABR26
63796342,Obra,63796342,FDS MATOES,ABR26
63796457,Obra,63796457,CONJUNTO HABITACIONAL TANQUINHO I,ABR26
63796562,Obra,63796562,CONJUNTO HABITACIONAL TANQUINHO II,ABR26
63796676,Obra,63796676,CONJUNTO HABITACIONAL CANAA I,ABR26
63796780,Obra,63796780,CONJUNTO HABITACIONAL CANAA II,ABR26
63796894,Obra,63796894,CONJUNTO HABITACIONAL TANQUINHO III,ABR26
63796907,Projeto,63796907,RESIDENCIAL SANTISSIMA TRINDADE,ABR26
63797035,Projeto,63797035,RESIDENCIAL SAO FRANCISCO,ABR26
63797149,Projeto,63797149,RENASCENDO EM CRISTO,ABR26
63797368,Projeto,63797368,RESID BELA VISTA,ABR26
63797472,Projeto,63797472,CONDOMINIO RESIDENCIAL DAILZA DAMA RIBEIRO,ABR26
63797587,Projeto,63797587,TUTOIA,ABR26
63797691,Projeto,63797691,JARDIM ALVORADA,ABR26
63798051,Obra,63798051,RESID GILBERTO MOITINHO,ABR26
63798165,Obra,63798165,CONJUNTO HABITACIONAL GUANABARA II,ABR26
63798497,Projeto,63798497,RESID MIGUEL LOBATO,ABR26
63798615,Obra,63798615,LOTEAMENTO NOVA ESPERANCA LAGAMAR I,ABR26
63798729,Obra,63798729,LOTEAMENTO CASA NOVA LAGAMAR II,ABR26
63798833,Obra,63798833,RESIDENCIAL LUIZ GONZAGA II FEDERACAO,ABR26
63798947,Projeto,63798947,IRMA MARIA LUIZA,ABR26
63799076,Projeto,63799076,CONJUNTO HABITACIONAL GIUSEPE GARIBALDI,ABR26
63799180,Obra,63799180,HABITACIONAL ZILMA MARIA DE OLIVEIRA,ABR26
63799294,Obra,63799294,RESIDENCIAL COQUEIRAL,ABR26
63799411,Obra,63799411,RESIDENCIAL EULINA VIEIRA,ABR26
63799526,Obra,63799526,RESIDENCIAL LUIZ GONZAGA II CURIO,ABR26
63799630,Projeto,63799630,UNIAO OURO VERDE PONTA GROSSA II,ABR26
63811714,Obra,63811714,RESIDENCIAL VIVER NOVO SOBRADO,ABR26
63811828,Projeto,63811828,FUTURO LAR,ABR26
63870973,Projeto,63870973,EMPREENDIMENTO CHIS OLIMPIO DA SILVA MATOS POVO EM ACAO,ABR26
64203722,Projeto,64203722,LUISA MAHIN I,ABR26
64203836,Obra,64203836,EDIFICIO VICENTE FEOLA,ABR26
64657758,Projeto,64657758,ANTONIO JUNIOR FASE II,ABR26
26920322,Projeto,26920322,S A DUARTE,ABR26
41979800,Obra,26920322,S A DUARTE,ABR26
29698550,Projeto,29698550,NOVA CONQUISTA2,ABR26
39671059,Obra,29698550,NOVA CONQUISTA2,ABR26
30677877,Obra,30677877,EDIFICIO IPIRANGA,ABR26
50244490,Desligamento,30677877,EDIFICIO IPIRANGA,ABR26
30712151,Obra,30712151,RESIDENCIAL RIO MADEIRA - IPATINGA-MG,ABR26
48407299,Desligamento,30712151,RESIDENCIAL RIO MADEIRA - IPATINGA-MG,ABR26
31978423,Projeto,31978423,FL FERNANDES,ABR26
36689668,Obra,31978423,FL FERNANDES,ABR26
31978538,Projeto,31978538,J M AMARAL,ABR26
36689772,Obra,31978538,J M AMARAL,ABR26
31982957,Projeto,31982957,DOM JOSE I,ABR26
39472918,Obra,31982957,DOM JOSE I,ABR26
33214333,Projeto,33214333,S F LAJEADO II,ABR26
36502830,Obra,33214333,S F LAJEADO II,ABR26
33992875,Projeto,33992875,ALEXIUS JAFET A,ABR26
46161803,Obra,33992875,ALEXIUS JAFET A,ABR26
34107168,Projeto,34107168,VILA DE SAO MIGUEL. RES,ABR26
39473483,Obra,34107168,VILA DE SAO MIGUEL. RES,ABR26
34240736,Projeto,34240736,ALEXIUS JAFET C,ABR26
46162045,Obra,34240736,ALEXIUS JAFET C,ABR26
34241197,Projeto,34241197,ALEXIUS JAFET E,ABR26
46162264,Obra,34241197,ALEXIUS JAFET E,ABR26
34553556,Projeto,34553556,ALTOS DE MAUA,ABR26
42613194,Obra,34553556,ALTOS DE MAUA,ABR26
35064478,Projeto,35064478,BARRA JACARE 1,ABR26
45959379,Obra,35064478,BARRA JACARE 1,ABR26
35835777,Projeto,35835777,RES YAMAGATA,ABR26
45607988,Obra,35835777,RES YAMAGATA,ABR26
36023753,Projeto,36023753,FDS-PASSO FUNDO,ABR26
41506013,Obra,36023753,FDS-PASSO FUNDO,ABR26
36223575,Projeto,36223575,B JARDIM III-F2,ABR26
42555168,Obra,36223575,B JARDIM III-F2,ABR26
36370817,Projeto,36370817,FDS-PASSO FUNDO,ABR26
41506345,Obra,36370817,FDS-PASSO FUNDO,ABR26
37570760,Projeto,37570760,GOIABEIRAS,ABR26
44608552,Obra,37570760,GOIABEIRAS,ABR26
37570874,Projeto,37570874,PITANGUEIRAS,ABR26
44608446,Obra,37570874,PITANGUEIRAS,ABR26
37620179,Projeto,37620179,"RES, TIMBIRANO",ABR26
45414973,Obra,37620179,"RES, TIMBIRANO",ABR26
37622004,Projeto,37622004,"RES, MOR NOVA",ABR26
45415012,Obra,37622004,"RES, MOR NOVA",ABR26
37650985,Projeto,37650985,"RES, BENU DOURO",ABR26
45415126,Obra,37650985,"RES, BENU DOURO",ABR26
37657931,Projeto,37657931,LOTEAMENTO COOTRAHAB,ABR26
41193824,Obra,37657931,LOTEAMENTO COOTRAHAB,ABR26
37696620,Projeto,37696620,BARRA JACARE 2,ABR26
45959483,Obra,37696620,BARRA JACARE 2,ABR26
37713477,Projeto,37713477,ORQUIDEA I,ABR26
41732094,Obra,37713477,ORQUIDEA I,ABR26
37716995,Projeto,37716995,ORQUIDEA II,ABR26
41732107,Obra,37716995,ORQUIDEA II,ABR26
37717240,Projeto,37717240,ORQUIDEA III,ABR26
41732211,Obra,37717240,ORQUIDEA III,ABR26
37750344,Obra,37750344,NOVA ESPERANCA,ABR26
46245122,Desligamento,37750344,NOVA ESPERANCA,ABR26
37870506,Projeto,37870506,RENATO OLIVEIRA. RES,ABR26
63385873,Obra,37870506,RENATO OLIVEIRA. RES,ABR26
37976990,Projeto,37976990,VIVER COOMETAL,ABR26
51636985,Obra,37976990,VIVER COOMETAL,ABR26
37977131,Projeto,37977131,VIVER COOHAGIG,ABR26
51556657,Obra,37977131,VIVER COOHAGIG,ABR26
38338423,Projeto,38338423,ODETE CORDEIRO LOPES II. RES,ABR26
63321939,Obra,38338423,ODETE CORDEIRO LOPES II. RES,ABR26
38338861,Projeto,38338861,MARIA DA PENHA I. RES,ABR26
63326946,Obra,38338861,MARIA DA PENHA I. RES,ABR26
38339990,Projeto,38339990,SANTO DIAS III. RES,ABR26
63327075,Obra,38339990,SANTO DIAS III. RES,ABR26
39527566,Projeto,39527566,RES ZULMIRA BARROS,ABR26
62519821,Obra,39527566,RES ZULMIRA BARROS,ABR26
39629748,Projeto,39629748,ESTRELA DALVA 1,ABR26
42074693,Obra,39629748,ESTRELA DALVA 1,ABR26
39634745,Projeto,39634745,LOT MOR COLINA,ABR26
44364776,Obra,39634745,LOT MOR COLINA,ABR26
39721574,Obra,39721574,MARIA DOMITILA,ABR26
53910790,Desligamento,39721574,MARIA DOMITILA,ABR26
40280534,Projeto,40280534,RES RENASCER I,ABR26
49479325,Obra,40280534,RES RENASCER I,ABR26
40280753,Projeto,40280753,RENASCER II,ABR26
46454923,Obra,40280753,RENASCER II,ABR26
40280971,Projeto,40280971,CONJUNTO HABITACIONAL RENASCER III,ABR26
52141761,Obra,40280971,CONJUNTO HABITACIONAL RENASCER III,ABR26
40288274,Projeto,40288274,XXV DE JULHO,ABR26
47736040,Obra,40288274,XXV DE JULHO,ABR26
40297263,Obra,40297263,RESIDENCIAL IRMA DOROTHY___________________________________,ABR26
50646653,Desligamento,40297263,RESIDENCIAL IRMA DOROTHY___________________________________,ABR26
40493876,Projeto,40493876,DAVID BARBOSA,ABR26
46691624,Obra,40493876,DAVID BARBOSA,ABR26
40518940,Projeto,40518940,V DAS NASCENTES,ABR26
42502149,Obra,40518940,V DAS NASCENTES,ABR26
40519300,Projeto,40519300,V NASCENTES II,ABR26
42502368,Obra,40519300,V NASCENTES II,ABR26
40519529,Projeto,40519529,V NASCENTES III,ABR26
42502818,Obra,40519529,V NASCENTES III,ABR26
40519966,Projeto,40519966,LOT COOPERHABT2,ABR26
47067824,Obra,40519966,LOT COOPERHABT2,ABR26
40635250,Projeto,40635250,OCUPACAO MARIANA CRIOULA,ABR26
52227917,Obra,40635250,OCUPACAO MARIANA CRIOULA,ABR26
40766774,Projeto,40766774,RES MANOELA,ABR26
44762381,Obra,40766774,RES MANOELA,ABR26
40772578,Projeto,40772578,COND FLAMBOYANT,ABR26
52187511,Obra,40772578,COND FLAMBOYANT,ABR26
40772682,Projeto,40772682,COND RESEDA,ABR26
52187739,Obra,40772682,COND RESEDA,ABR26
40772796,Projeto,40772796,COND CLARAIBA,ABR26
52188203,Obra,40772796,COND CLARAIBA,ABR26
40812087,Projeto,40812087,COND GANANDI,ABR26
52188421,Obra,40812087,COND GANANDI,ABR26
40874532,Projeto,40874532,R MAGNO CRUZ I,ABR26
46693331,Obra,40874532,R MAGNO CRUZ I,ABR26
40874646,Projeto,40874646,R MAGNO CRUZ II,ABR26
46693883,Obra,40874646,R MAGNO CRUZ II,ABR26
40881030,Obra,40881030,RESIDENCIAL SANTA PAULINA,ABR26
51227016,Desligamento,40881030,RESIDENCIAL SANTA PAULINA,ABR26
40943831,Obra,40943831,LOTEAMENTO LIBERDADE I,ABR26
51859239,Desligamento,40943831,LOTEAMENTO LIBERDADE I,ABR26
41167771,Obra,41167771,RESIDENCIAL COMUNITARIO LUIZ GONZAGA - ETAPA A1,ABR26
52690034,Desligamento,41167771,RESIDENCIAL COMUNITARIO LUIZ GONZAGA - ETAPA A1,ABR26
41168026,Obra,41168026,RESIDENCIAL COMUNITARIO LUIZ GONZAGA - ETAPA C1,ABR26
52693103,Desligamento,41168026,RESIDENCIAL COMUNITARIO LUIZ GONZAGA - ETAPA C1,ABR26
41176541,Projeto,41176541,MORADA DA FE F2,ABR26
51225964,Obra,41176541,MORADA DA FE F2,ABR26
41509183,Obra,41509183,RESIDENCIAL COMUNITARIO LUIZ GONZAGA - ETAPA B1,ABR26
52692962,Desligamento,41509183,RESIDENCIAL COMUNITARIO LUIZ GONZAGA - ETAPA B1,ABR26
41780556,Projeto,41780556,RES COOPERPOLI,ABR26
50673272,Obra,41780556,RES COOPERPOLI,ABR26
41858174,Obra,41858174,CONJUNTO RESIDENCIAL SILVINO AUGUSTO DE SOUZA,ABR26
48556033,Desligamento,41858174,CONJUNTO RESIDENCIAL SILVINO AUGUSTO DE SOUZA,ABR26
41858510,Obra,41858510,CONJUNTO HABITACIONAL ACRISIO DE ARAUJO DORIA,ABR26
46137029,Desligamento,41858510,CONJUNTO HABITACIONAL ACRISIO DE ARAUJO DORIA,ABR26
41892188,Projeto,41892188,COND QUARESMEIR,ABR26
52188640,Obra,41892188,COND QUARESMEIR,ABR26
41923596,Obra,41923596,RESIDENCIAL NOVA ALIANCA,ABR26
52029790,Desligamento,41923596,RESIDENCIAL NOVA ALIANCA,ABR26
41948967,Projeto,41948967,SAO DIONISIO. COND RES,ABR26
52316890,Obra,41948967,SAO DIONISIO. COND RES,ABR26
41949095,Projeto,41949095,SANTO ANGELO. COND RES,ABR26
52315105,Obra,41949095,SANTO ANGELO. COND RES,ABR26
42117515,Projeto,42117515,DOIS IRMAOS1 F2,ABR26
51853311,Obra,42117515,DOIS IRMAOS1 F2,ABR26
42171101,Projeto,42171101,CONJUNTO VIDA E SAUDE,ABR26
62444692,Obra,42171101,CONJUNTO VIDA E SAUDE,ABR26
42304023,Obra,42304023,MANOEL NETO I - DESLIGAMENTO,ABR26
52033220,Desligamento,42304023,MANOEL NETO I - DESLIGAMENTO,ABR26
42351019,Projeto,42351019,CONDOMINIO RESIDENCIAL BELA UNIAO,ABR26
62447773,Obra,42351019,CONDOMINIO RESIDENCIAL BELA UNIAO,ABR26
42403910,Projeto,42403910,ANTONIA FLOR,ABR26
45411353,Obra,42403910,ANTONIA FLOR,ABR26
42422359,Obra,42422359,CONJUNTO HABITACIONAL RESIDENCIAL MONTE CRISTO II,ABR26
54288132,Desligamento,42422359,CONJUNTO HABITACIONAL RESIDENCIAL MONTE CRISTO II,ABR26
42477972,Obra,42477972,RES NOVO SONHO,ABR26
54481677,Desligamento,42477972,RES NOVO SONHO,ABR26
42481735,Obra,42481735,CAMPO BELO - HABITAR DO SERTAO,ABR26
59885483,Desligamento,42481735,CAMPO BELO - HABITAR DO SERTAO,ABR26
42496205,Projeto,42496205,"COND,UNIPERFFIL",ABR26
47136788,Obra,42496205,"COND,UNIPERFFIL",ABR26
42496642,Projeto,42496642,"COND,COOPERNOVA",ABR26
47136892,Obra,42496642,"COND,COOPERNOVA",ABR26
42498579,Projeto,42498579,"COND,COOPERLAR",ABR26
47136905,Obra,42498579,"COND,COOPERLAR",ABR26
42498797,Projeto,42498797,COOTRAHAB I,ABR26
47716136,Obra,42498797,COOTRAHAB I,ABR26
42501342,Projeto,42501342,"COND,COOPARROIO",ABR26
47137033,Obra,42501342,"COND,COOPARROIO",ABR26
42503947,Projeto,42503947,COTRAHAB II,ABR26
47718627,Obra,42503947,COTRAHAB II,ABR26
42532286,Projeto,42532286,FREI TITTO,ABR26
47127133,Obra,42532286,FREI TITTO,ABR26
42622414,Projeto,42622414,NOVO BAIRRO,ABR26
45548140,Obra,42622414,NOVO BAIRRO,ABR26
42642432,Obra,42642432,RESIDENCIAL RIO DAS VELHAS I,ABR26
46814313,Desligamento,42642432,RESIDENCIAL RIO DAS VELHAS I,ABR26
42693177,Projeto,42693177,REASSENT PIQUIA,ABR26
51919987,Obra,42693177,REASSENT PIQUIA,ABR26
42716303,Projeto,42716303,RESIDENCIAL DOIS IRMAOS II,ABR26
62448028,Obra,42716303,RESIDENCIAL DOIS IRMAOS II,ABR26
42737901,Projeto,42737901,NELSON MANDELA,ABR26
47126992,Obra,42737901,NELSON MANDELA,ABR26
42816766,Obra,42816766,DESLIGAMENTO RES BENIGNA MENEZES DE SIQUEIRA,ABR26
51917496,Desligamento,42816766,DESLIGAMENTO RES BENIGNA MENEZES DE SIQUEIRA,ABR26
42817011,Obra,42817011,RESID SAO CRISTOVAO,ABR26
47192646,Desligamento,42817011,RESID SAO CRISTOVAO,ABR26
42819052,Obra,42819052,RESIDENCIAL COMUNITARIO LUIZ GONZAGA - ETAPA A2,ABR26
52690367,Desligamento,42819052,RESIDENCIAL COMUNITARIO LUIZ GONZAGA - ETAPA A2,ABR26
42819498,Obra,42819498,RESIDENCIAL COMUNITARIO LUIZ GONZAGA - ETAPA B2,ABR26
52693090,Desligamento,42819498,RESIDENCIAL COMUNITARIO LUIZ GONZAGA - ETAPA B2,ABR26
42895723,Projeto,42895723,RES JURANY,ABR26
50235308,Obra,42895723,RES JURANY,ABR26
42919077,Obra,42919077,RESIDENCIAL EDINALDO VILANOVA VALADARES,ABR26
49529184,Desligamento,42919077,RESIDENCIAL EDINALDO VILANOVA VALADARES,ABR26
42988134,Obra,42988134,RESIDENCIAL DOM LUCIANO,ABR26
46884947,Desligamento,42988134,RESIDENCIAL DOM LUCIANO,ABR26
42994825,Obra,42994825,RESIDENCIAL GOVERNADOR MARCELO DAS CHAGAS DEDA,ABR26
54551672,Desligamento,42994825,RESIDENCIAL GOVERNADOR MARCELO DAS CHAGAS DEDA,ABR26
43014974,Obra,43014974,RESIDENCIAL VALE VERDE,ABR26
54188117,Desligamento,43014974,RESIDENCIAL VALE VERDE,ABR26
43058785,Obra,43058785,RESID EUCALIPTOR,ABR26
49645584,Desligamento,43058785,RESID EUCALIPTOR,ABR26
43233799,Obra,43233799,RESIDENCIAL PAULO FREIRE,ABR26
50919317,Desligamento,43233799,RESIDENCIAL PAULO FREIRE,ABR26
43281709,Projeto,43281709,DONA CONSTANCE,ABR26
47664880,Obra,43281709,DONA CONSTANCE,ABR26
43313130,Obra,43313130,LOTEAMENTO PATRIMONIO SANTO ANTONIO DO PALMITAL,ABR26
46976127,Desligamento,43313130,LOTEAMENTO PATRIMONIO SANTO ANTONIO DO PALMITAL,ABR26
43315966,Obra,43315966,RESIDENCIAL PRADO FERREIRA III,ABR26
52333068,Desligamento,43315966,RESIDENCIAL PRADO FERREIRA III,ABR26
43332799,Obra,43332799,RESIDENCIAL SANTA MARIA,ABR26
49092972,Desligamento,43332799,RESIDENCIAL SANTA MARIA,ABR26
43346243,Obra,43346243,RESIDENCIAL AGRIPINO BERNARDO DOS SANTOS (FASE III - PF),ABR26
48470543,Desligamento,43346243,RESIDENCIAL AGRIPINO BERNARDO DOS SANTOS (FASE III - PF),ABR26
43362053,Obra,43362053,RESIDENCIAL SANTA TEREZINHA,ABR26
47631122,Desligamento,43362053,RESIDENCIAL SANTA TEREZINHA,ABR26
43369883,Obra,43369883,RESIDENCIAL POR DO SOL I,ABR26
60927189,Desligamento,43369883,RESIDENCIAL POR DO SOL I,ABR26
43370244,Projeto,43370244,DARCY CHAVES,ABR26
51576237,Obra,43370244,DARCY CHAVES,ABR26
43396850,Projeto,43396850,RES BEM ME QUER,ABR26
50402454,Obra,43396850,RES BEM ME QUER,ABR26
43530478,Obra,43530478,RESIDENCIAL JOSE CAMAROTTO,ABR26
52168622,Desligamento,43530478,RESIDENCIAL JOSE CAMAROTTO,ABR26
43617755,Obra,43617755,CONDOMINIO RESIDENCIAL DE CASAS POPULARES,ABR26
47274465,Desligamento,43617755,CONDOMINIO RESIDENCIAL DE CASAS POPULARES,ABR26
43864665,Projeto,43864665,RES VIDA NOVA I,ABR26
52286406,Obra,43864665,RES VIDA NOVA I,ABR26
43906458,Projeto,43906458,ORQ LIBERTARIA,ABR26
49482383,Obra,43906458,ORQ LIBERTARIA,ABR26
44021268,Projeto,44021268,COPA DO POVO GLEBA A,ABR26
62135212,Obra,44021268,COPA DO POVO GLEBA A,ABR26
44185011,Obra,44185011,RES JD NOVO TEMPO,ABR26
62606878,Desligamento,44185011,RES JD NOVO TEMPO,ABR26
44236770,Obra,44236770,RES BELA VISTA,ABR26
53106077,Desligamento,44236770,RES BELA VISTA,ABR26
44346258,Obra,44346258,CONJUNTO HABITACIONAL BENEDITO SALLES DO NASCIMENTO,ABR26
50267268,Desligamento,44346258,CONJUNTO HABITACIONAL BENEDITO SALLES DO NASCIMENTO,ABR26
44370363,Obra,44370363,CONJUNTO HABITACIONAL JOSE BENEDITO CATARINO III,ABR26
61511281,Desligamento,44370363,CONJUNTO HABITACIONAL JOSE BENEDITO CATARINO III,ABR26
44449019,Projeto,44449019,DOROTHY STANG,ABR26
63385540,Obra,44449019,DOROTHY STANG,ABR26
44449675,Projeto,44449675,JERONIMO ALVES,ABR26
63385655,Obra,44449675,JERONIMO ALVES,ABR26
44641873,Obra,44641873,LOTEAMENTO MORADAS DA CIDADANIA,ABR26
50641531,Desligamento,44641873,LOTEAMENTO MORADAS DA CIDADANIA,ABR26
44864679,Obra,44864679,CIDADE NOVA,ABR26
51832150,Desligamento,44864679,CIDADE NOVA,ABR26
45363214,Projeto,45363214,MARTIN LUTHER KING,ABR26
63385769,Obra,45363214,MARTIN LUTHER KING,ABR26
45390396,Obra,45390396,RESIDENCIAL PARQUE DA PRAIA,ABR26
51102735,Desligamento,45390396,RESIDENCIAL PARQUE DA PRAIA,ABR26
45435477,Projeto,45435477,ASSENTAMENTO 20 DE NOVEMBRO,ABR26
62807382,Obra,45435477,ASSENTAMENTO 20 DE NOVEMBRO,ABR26
45707347,Projeto,45707347,COPA DO POVO GLEBA B,ABR26
62135326,Obra,45707347,COPA DO POVO GLEBA B,ABR26
46267632,Obra,46267632,RES BARROS I,ABR26
53117557,Desligamento,46267632,RES BARROS I,ABR26
46318285,Projeto,46318285,RESIDENCIAL GOVERNADOR EDUARDO CAMPOS III (FASE II),ABR26
51396317,Obra,46318285,RESIDENCIAL GOVERNADOR EDUARDO CAMPOS III (FASE II),ABR26
46327610,Projeto,46327610,RESIDENCIAL PADRE HENRIQUE,ABR26
62720661,Obra,46327610,RESIDENCIAL PADRE HENRIQUE,ABR26
46731802,Projeto,46731802,LOTEAMENTO DIUZA GONCALVES,ABR26
53585463,Obra,46731802,LOTEAMENTO DIUZA GONCALVES,ABR26
31927458,Projeto,31927458,ZORILDA FASE II,ABR26
36261020,Obra,31927458,ZORILDA FASE II,ABR26
52661245,Desligamento,31927458,ZORILDA FASE II,ABR26
31983202,Projeto,31983202,DOM JOSE II,ABR26
45439010,Obra,31983202,DOM JOSE II,ABR26
59970605,Desligamento,31983202,DOM JOSE II,ABR26
34723125,Projeto,34723125,RESIDENCIAL JARDIM DAS OLIVEIRAS,ABR26
49548073,Obra,34723125,RESIDENCIAL JARDIM DAS OLIVEIRAS,ABR26
54477695,Desligamento,34723125,RESIDENCIAL JARDIM DAS OLIVEIRAS,ABR26
36226988,Projeto,36226988,CHACARA SAO PEDRO 1 -FASE 2- COND DR ROMULO GONCALVES,ABR26
44471854,Obra,36226988,CHACARA SAO PEDRO 1 -FASE 2- COND DR ROMULO GONCALVES,ABR26
61344995,Desligamento,36226988,CHACARA SAO PEDRO 1 -FASE 2- COND DR ROMULO GONCALVES,ABR26
37570541,Projeto,37570541,CONDOMINIO RESIDENCIAL RECANTO DAS LARANJEIRAS,ABR26
41962285,Obra,37570541,CONDOMINIO RESIDENCIAL RECANTO DAS LARANJEIRAS,ABR26
52336586,Desligamento,37570541,CONDOMINIO RESIDENCIAL RECANTO DAS LARANJEIRAS,ABR26
37625072,Projeto,37625072,CONDOMINIO RESIDENCIAL JABUTICABEIRAS,ABR26
45548255,Obra,37625072,CONDOMINIO RESIDENCIAL JABUTICABEIRAS,ABR26
50642005,Desligamento,37625072,CONDOMINIO RESIDENCIAL JABUTICABEIRAS,ABR26
38364915,Projeto,38364915,RESIDENCIAL MORADA DO SOL,ABR26
45816133,Obra,38364915,RESIDENCIAL MORADA DO SOL,ABR26
50217102,Desligamento,38364915,RESIDENCIAL MORADA DO SOL,ABR26
39549291,Projeto,39549291,CONJUNTO HABITACIONAL CIRANDA DA ILHA FASE 3,ABR26
44512172,Obra,39549291,CONJUNTO HABITACIONAL CIRANDA DA ILHA FASE 3,ABR26
50404494,Desligamento,39549291,CONJUNTO HABITACIONAL CIRANDA DA ILHA FASE 3,ABR26
39856192,Projeto,39856192,CHACARA SAO PEDRO 2 -FASE2- COND SEBASTIAO VIEIRA,ABR26
44471071,Obra,39856192,CHACARA SAO PEDRO 2 -FASE2- COND SEBASTIAO VIEIRA,ABR26
61129611,Desligamento,39856192,CHACARA SAO PEDRO 2 -FASE2- COND SEBASTIAO VIEIRA,ABR26
39865077,Projeto,39865077,CHACARA SAO PEDRO 3 -FASE2- COND MARIA GERVIZ,ABR26
44471299,Obra,39865077,CHACARA SAO PEDRO 3 -FASE2- COND MARIA GERVIZ,ABR26
61126542,Desligamento,39865077,CHACARA SAO PEDRO 3 -FASE2- COND MARIA GERVIZ,ABR26
40141265,Projeto,40141265,RESIDENCIAL LAGOA QUENTE II,ABR26
44458779,Obra,40141265,RESIDENCIAL LAGOA QUENTE II,ABR26
50922261,Desligamento,40141265,RESIDENCIAL LAGOA QUENTE II,ABR26
40408564,Projeto,40408564,PORTO VERDE II - FASE III,ABR26
44822036,Obra,40408564,PORTO VERDE II - FASE III,ABR26
52521620,Desligamento,40408564,PORTO VERDE II - FASE III,ABR26
40504380,Projeto,40504380,RESIDENCIAL DONA ALICE,ABR26
44212104,Obra,40504380,RESIDENCIAL DONA ALICE,ABR26
50362726,Desligamento,40504380,RESIDENCIAL DONA ALICE,ABR26
40573885,Projeto,40573885,RESIDENCIAL MARISA DOS SANTOS PEREIRA ARAUJO,ABR26
43951056,Obra,40573885,RESIDENCIAL MARISA DOS SANTOS PEREIRA ARAUJO,ABR26
46195713,Desligamento,40573885,RESIDENCIAL MARISA DOS SANTOS PEREIRA ARAUJO,ABR26
40573999,Projeto,40573999,RESIDENCIAL JORGINA DOS SANTOS RODRIGUES,ABR26
43950927,Obra,40573999,RESIDENCIAL JORGINA DOS SANTOS RODRIGUES,ABR26
46195827,Desligamento,40573999,RESIDENCIAL JORGINA DOS SANTOS RODRIGUES,ABR26
40574026,Projeto,40574026,RESIDENCIAL DOM JOSE,ABR26
43951274,Obra,40574026,RESIDENCIAL DOM JOSE,ABR26
46090230,Desligamento,40574026,RESIDENCIAL DOM JOSE,ABR26
40619981,Projeto,40619981,CIDADE NOVA F2,ABR26
42938748,Obra,40619981,CIDADE NOVA F2,ABR26
48467704,Desligamento,40619981,CIDADE NOVA F2,ABR26
40648666,Projeto,40648666,LOTEAMENTO HABITACIONAL BELA VISTA I,ABR26
45567813,Obra,40648666,LOTEAMENTO HABITACIONAL BELA VISTA I,ABR26
63675617,Desligamento,40648666,LOTEAMENTO HABITACIONAL BELA VISTA I,ABR26
40759942,Projeto,40759942,RESIDENCIAL CRISTO REI,ABR26
43556866,Obra,40759942,RESIDENCIAL CRISTO REI,ABR26
47407621,Desligamento,40759942,RESIDENCIAL CRISTO REI,ABR26
41586328,Projeto,41586328,RESIDENCIAL ANGELO FRAZATTO,ABR26
43899935,Obra,41586328,RESIDENCIAL ANGELO FRAZATTO,ABR26
47819002,Desligamento,41586328,RESIDENCIAL ANGELO FRAZATTO,ABR26
41660176,Projeto,41660176,RES ALMIRANTE VERMELHO MONARCA,ABR26
43973900,Obra,41660176,RES ALMIRANTE VERMELHO MONARCA,ABR26
61182629,Desligamento,41660176,RES ALMIRANTE VERMELHO MONARCA,ABR26
41742007,Projeto,41742007,RES JARDIM DAS FIGUEIRAS I - FASE III,ABR26
47283121,Obra,41742007,RES JARDIM DAS FIGUEIRAS I - FASE III,ABR26
53231016,Desligamento,41742007,RES JARDIM DAS FIGUEIRAS I - FASE III,ABR26
41762463,Projeto,41762463,RES JARDIM DAS FIGUEIRAS II - FASE III,ABR26
47283454,Obra,41762463,RES JARDIM DAS FIGUEIRAS II - FASE III,ABR26
53367097,Desligamento,41762463,RES JARDIM DAS FIGUEIRAS II - FASE III,ABR26
41767585,Projeto,41767585,CONDOMINIO JARDIM DAS FIGUEIRAS III - FASE II,ABR26
47283569,Obra,41767585,CONDOMINIO JARDIM DAS FIGUEIRAS III - FASE II,ABR26
53367100,Desligamento,41767585,CONDOMINIO JARDIM DAS FIGUEIRAS III - FASE II,ABR26
41780888,Projeto,41780888,LOTEAMENTO RESIDENCIAL COLINA RITZEL- FASE II,ABR26
49995603,Obra,41780888,LOTEAMENTO RESIDENCIAL COLINA RITZEL- FASE II,ABR26
62054626,Desligamento,41780888,LOTEAMENTO RESIDENCIAL COLINA RITZEL- FASE II,ABR26
41920425,Projeto,41920425,SETOR AEROPORTO II,ABR26
45554050,Obra,41920425,SETOR AEROPORTO II,ABR26
59425873,Desligamento,41920425,SETOR AEROPORTO II,ABR26
42101915,Projeto,42101915,STA GENOVEVA I,ABR26
50524220,Obra,42101915,STA GENOVEVA I,ABR26
60107649,Desligamento,42101915,STA GENOVEVA I,ABR26
42202069,Projeto,42202069,SANTO DIAS - FASE 3,ABR26
47035414,Obra,42202069,SANTO DIAS - FASE 3,ABR26
52658289,Desligamento,42202069,SANTO DIAS - FASE 3,ABR26
42239934,Projeto,42239934,CONJUNTO HABITACIONAL ARROIO DOS RATO - LOT LAGOA AZUL,ABR26
45901806,Obra,42239934,CONJUNTO HABITACIONAL ARROIO DOS RATO - LOT LAGOA AZUL,ABR26
51365811,Desligamento,42239934,CONJUNTO HABITACIONAL ARROIO DOS RATO - LOT LAGOA AZUL,ABR26
42244159,Projeto,42244159,CONDOMINIO RESIDENCIAL ASSOHAB CHACARAS AMERICANAS,ABR26
46922185,Obra,42244159,CONDOMINIO RESIDENCIAL ASSOHAB CHACARAS AMERICANAS,ABR26
55283244,Desligamento,42244159,CONDOMINIO RESIDENCIAL ASSOHAB CHACARAS AMERICANAS,ABR26
42668484,Projeto,42668484,CONJUNTO HABITACIONAL ALTO PARAISO - FASE II,ABR26
45593968,Obra,42668484,CONJUNTO HABITACIONAL ALTO PARAISO - FASE II,ABR26
61984964,Desligamento,42668484,CONJUNTO HABITACIONAL ALTO PARAISO - FASE II,ABR26
42822236,Projeto,42822236,STA GENOVEVA II,ABR26
50524554,Obra,42822236,STA GENOVEVA II,ABR26
60107754,Desligamento,42822236,STA GENOVEVA II,ABR26
42822340,Projeto,42822340,STA GENOVEVAIII,ABR26
50524772,Obra,42822340,STA GENOVEVAIII,ABR26
60107868,Desligamento,42822340,STA GENOVEVAIII,ABR26
42888119,Projeto,42888119,RESIDENCIAL JOSEMIR MENDES DA SILVA,ABR26
49480342,Obra,42888119,RESIDENCIAL JOSEMIR MENDES DA SILVA,ABR26
54590360,Desligamento,42888119,RESIDENCIAL JOSEMIR MENDES DA SILVA,ABR26
43167029,Projeto,43167029,NOVO PINHEIRINHO,ABR26
47035300,Obra,43167029,NOVO PINHEIRINHO,ABR26
52471759,Desligamento,43167029,NOVO PINHEIRINHO,ABR26
43319945,Projeto,43319945,LOTEAMENTO CARNAUBAS,ABR26
47421385,Obra,43319945,LOTEAMENTO CARNAUBAS,ABR26
60392336,Desligamento,43319945,LOTEAMENTO CARNAUBAS,ABR26
45849234,Projeto,45849234,DOM LUCIANO,ABR26
50661227,Obra,45849234,DOM LUCIANO,ABR26
62296103,Desligamento,45849234,DOM LUCIANO,ABR26
