Código Cliente;Nome do Cliente;Data de Cadastro;Valor do Contrato;Ativo;CPF;Observação
000001;João da Silva;27/02/2024;107.474,94;S;6c031199972a8469;
000002;Ana da Silva;23/03/2021;00000000208497,71;N;72ff5d2a386ecbe0;obs
000003;Antônio Ço-Testé;15/11/2024;443144.89;N;27cd813047229389;obs
000004;Luíza da Silva;08/07/2020;633.053,44;N;0b1f9163ce9ff57f;obs
000005;Ângela da Silva;2025-06-15;869.694,37;N;3139d32c93cd59bf;obs
000006;Ana Sá;20210411;;N;7412b29347294739;obs
000007;Maria Assunção;28/12/2021;679.515,87;S;a28defe39bf00273;obs
000008;Ângela Sá;16/05/2021;721.591,81;S;5304317faf42e12f;obs
000009;José Ço-Testé;20200306;00000000221232,08;N;a7cad415366eb16f;obs
000010;Camões Sá;28/07/2022;588.638,95;N;95a76d79bf3c4c06;obs
000011;Camões Assunção;;95.326,63;S;1c11f735dc713d96;obs
000012;Maria Ço-Testé;25/10/2023;624.835,48;N;405cacec877409a9;obs
000013;Ana Sá;16/01/2024;279787.96;N;4b22d3081c8eaee9;obs
000014;Maria Ferreira;2020-01-07;524903.33;S;e9a1fa6f81f76d1c;obs
000015;Antônio Ço-Testé;01/08/2023;799.551,47;S;f4188f3f8a14be62;obs
000016;Ana Müller;25/10/2021;921.407,46;N;0ed42f1a3d4cbf37;obs
000017;João da Silva;07/02/2024;558.583,97;S;a8e56e0c20de435d;obs
000018;Ângela Gonçalves;26/06/2021;00000000974037,27;S;4fcca39ab683d2e6;obs
000019;Luíza Ferreira;16/01/2025;67.137,28;N;969b666205628059;obs
000020;José Müller;27/03/2021;240063.07;S;080aadfbe7c99b26;obs
000021;João Müller;02/05/2021;00000000138740,69;N;c8dcd19f3e351128;obs
000022;Camões Gonçalves;12/07/2020;00000000431072,54;N;baa4b71add2467ac;obs
000023;João da Silva;20220404;260736.13;S;894a05e430b187ef;obs
000024;Maria Ferreira;10/01/2021;464.657,09;S;a6f2f7b80cf35b58;obs
000025;Ana da Silva;20250312;509.232,52;N;dd59ba7136b82481;obs
000026;Ana Gonçalves;15/02/2022;299.106,58;N;f512c4c3b253d218;obs
000027;Íris Gonçalves;23/01/2021;NaN;S;504867babf7b539b;obs
000028;Ana Müller;03/09/2022;59643.20;S;2f923996d9f195d0;obs
000029;João Sá;31/10/2024;258.176,72;S;14fcdd549e8fc965;obs
000030;Ângela Assunção;29/03/2025;250281.40;N;21813d25655238a6;obs
000031;Íris Assunção;20250317;651.333,58;S;89a2688b12c136e0;obs
000032;Ângela Assunção;2020-09-28;387478.31;N;702cdd20286218b8;obs
000033;Antônio Müller;10/07/2024;313.922,70;S;e0ccedc5f05db76e;obs
000034;Antônio da Silva;27/12/2024;00000000295443,34;S;57c700aab7b56ea7;obs
000035;Antônio Müller;27/09/2022;NaN;N;46d483f3d450281c;obs
000036;Ana Assunção;28/04/2024;None;N;0279b6a68f9797b0;obs
000037;João Sá;25/01/2025;610.806,47;S;20a045026e068097;obs
000038;Antônio Assunção;2025-01-15;None;S;3fe12e47ae9bec36;obs
000039;Luíza Ço-Testé;2023-02-20;00000000785885,79;S;ee0caeb5ecfedb99;obs
000040;Maria Ço-Testé;18/07/2024;00000000772344,22;N;ee49f329c84a7b28;obs
000041;José Assunção;20201122;900.301,04;N;3317347038f16a81;obs
000042;Luíza Assunção;20240807;692.095,03;S;5408f9ac6601ddd0;obs
000043;João Ço-Testé;25/07/2021;00000000884643,86;N;0710d430f071d879;obs
000044;Antônio Gonçalves;2023-04-04;625.551,13;N;ba81edd9587ef344;obs
000045;Camões Müller;13/11/2022;267096.24;S;6fa17735b572f3d0;obs
000046;Ângela Ço-Testé;07/01/2023;;N;11e9cdaa6e6981a3;obs
000047;Luíza Sá;02/10/2024;NaN;N;6703b6365380b904;obs
000048;Ângela Gonçalves;27/01/2021;;N;8c459ce267f48ad5;obs
000049;Antônio Assunção;06/03/2021;00000000337903,83;N;713162697118e364;obs
000050;Ângela Ferreira;2024-06-13;690856.21;S;83f4a9a948a639d0;obs
000051;Luíza da Silva;2024-08-03;235.553,39;S;0640be0f25b8fd4b;obs
000052;José Ferreira;20230605;929.182,53;S;b24445a7b7e58481;obs
000053;Íris Ferreira;14/05/2021;902238.96;S;6cd66193c7468f59;obs
000054;Maria Ço-Testé;15/05/2025;00000000261304,71;S;222282e174daaebf;obs
000055;Ângela Müller;04/05/2023;642413.56;N;e827a1b9d4a02e53;obs
000056;Íris Gonçalves;2024-03-03;00000000259250,96;N;c715b2b9c40c5d91;obs
000057;Íris Sá;04/05/2021;245.885,36;N;51d87c6455fa1ab8;obs
000058;João Gonçalves;04/11/2020;224346.90;S;68586eba6a34c854;obs
000059;Ângela Ferreira;01/05/2022;948792.49;S;e172b725db52ca58;obs
000060;Camões Ferreira;2020-01-13;894.906,49;N;bf5d2fdf89c8d2ab;obs
000061;José Ferreira;25/03/2021;00000000352458,49;N;2a405f12b963f37f;obs
000062;Maria Müller;29/12/2022;695.206,72;S;a48b3dbe157d94a1;obs
000063;Maria Ço-Testé;03/08/2022;221.942,41;N;56666f9f53ac2ab9;obs
000064;Antônio Ço-Testé;20250502;493.153,10;S;8a175dfebfc00dc8;obs
000065;Luíza Gonçalves;24/08/2023;;S;d6d7b3b833094d35;obs
000066;Maria Gonçalves;15/09/2020;487.624,27;N;5e6fea07c4536f1d;obs
000067;João Ço-Testé;04/08/2024;26.926,74;N;ad66a1bd93676a02;obs
000068;Camões Sá;10/02/2021;254647.80;S;c5c14eb4b27b3d90;obs
000069;João Ço-Testé;20230305;693.656,54;N;8186a57611a72609;obs
000070;Ana Ço-Testé;20220510;666.460,46;N;272a6d8eb5122df8;obs
000071;Maria Sá;2022-12-04;812.271,68;N;6f81cf4f7701f7bb;obs
000072;Antônio Assunção;10/10/2024;None;S;76f72255c01f36bf;obs
000073;Camões Assunção;28/02/2020;222.424,62;N;4223623bcc3ebdde;obs
000074;Antônio Müller;2023-12-07;00000000994116,66;S;3dc9829015eabb27;obs
000075;Íris Müller;01/04/2024;00000000514664,91;N;046a0df5cafda613;obs
000076;Antônio Gonçalves;08/04/2022;386.946,74;N;87ea7ff58db06746;obs
000077;Camões Sá;01/02/2023;321518.34;N;1ee34dc43b048a8b;obs
000078;Luíza da Silva;01/03/2024;200846.23;S;7bf47042bd1531c8;obs
000079;Ângela Müller;;238534.37;N;4d6168bd2defe193;obs
000080;Ângela Gonçalves;15/07/2021;731.296,37;S;de53790aa34b6cf6;obs
000081;João Ço-Testé;26/01/2020;00000000357257,56;S;0d270659f72ada9b;obs
000082;Íris da Silva;10/08/2024;00000000660022,73;S;2631d00b26d794d3;obs
000083;Antônio da Silva;23/05/2021;625085.77;S;85c7504bc693da11;obs
000084;Íris Ferreira;2021-08-31;NaN;S;f5c9b0479c10c572;obs
000085;José Sá;08/03/2021;182.257,30;S;00af5b3a2812859a;obs
000086;Íris Sá;01/05/2023;741.297,36;N;dc0f2fcfb3f6fe0d;obs
000087;João Sá;2021-04-23;618440.80;S;1d61fac36cd5e859;obs
000088;José Sá;2020-11-01;62536.09;S;4ebfa5c3cae9b4a7;obs
000089;Antônio Ferreira;11/09/2020;988.468,51;N;8a3c3b5e801ef1da;obs
000090;Íris da Silva;09/05/2023;00000000633040,41;N;176132ed069f14f1;obs
000091;Ana Ço-Testé;20231008;00000000793006,97;S;84dad06a7872bdeb;obs
000092;Antônio Gonçalves;13/04/2023;492842.11;N;5553b2fe6889803e;obs
000093;João Ço-Testé;25/11/2020;694770.36;N;c2b01cfdd045dd1c;obs
000094;Ana Ferreira;29/06/2020;423.809,98;S;de8ede0ba85c6e4a;obs
000095;Íris Ferreira;21/04/2020;522.708,96;N;0d366dfcc28ebd70;obs
000096;Antônio Müller;2020-09-25;00000000508258,89;S;f920264c0763fcd0;obs
000097;José Sá;20/11/2020;97.737,52;S;d7665cdafe049059;obs
000098;Íris da Silva;20230819;00000000306040,91;N;d5b077e06a5d932b;obs
000099;Íris Gonçalves;24/07/2022;532.930,76;S;11df12d7dd30de89;obs
000100;Camões Assunção;20250328;296.579,00;N;96418cedd664d264;obs
000101;Íris Ço-Testé;31/10/2020;00000000578728,42;N;eecf67d2749176f4;
000102;José Sá;04/05/2021;430.729,99;S;bea4ff31517400f8;obs
000103;Camões Ferreira;20230921;519390.19;S;809627182051acef;obs
000104;Luíza Ço-Testé;2020-07-24;00000000954668,67;N;b8f2142303edd1f8;obs
000105;Camões Ço-Testé;2023-09-02;355.008,33;N;148f8b74a65bb1f2;obs
000106;Ângela Ferreira;08/05/2025;511651.97;S;118405ad9e11d2cd;obs
000107;Antônio Gonçalves;09/03/2024;NaN;S;2a96e1e27194eae2;obs
000108;Ana da Silva;20211026;451.608,47;S;87fa841a3e83b91f;obs
000109;Maria Gonçalves;24/12/2020;716319.79;S;e9af299d7f671eec;obs
000110;Maria Gonçalves;02/08/2022;00000000009854,85;N;49a23a89e6b5a92c;obs
000111;Maria da Silva;2022-06-23;None;N;d865d69a74f33103;obs
000112;José Ferreira;13/10/2024;376.396,73;N;b303f438fe2110d0;obs
000113;Ana Ço-Testé;10/09/2023;816.119,87;S;9b3d74bde91e314e;obs
000114;Antônio Ço-Testé;24/06/2024;667543.28;S;402913ec9ef2b93e;obs
000115;João Sá;16/08/2023;607728.04;N;21a4344fbb7bee03;obs
000116;Antônio Assunção;10/03/2024;919.036,69;N;80759f1f87e5f0fe;obs
000117;Maria Assunção;20250214;00000000782825,37;N;1d7bc313cde22f1c;obs
000118;João Gonçalves;2024-03-24;707167.92;N;d882b5c1f79efd70;obs
000119;Luíza da Silva;07/06/2024;476.878,15;N;bfbf397bac3e7b0d;obs
000120;Camões Ço-Testé;2023-07-31;494.380,29;S;e25d36eb9e9a9f83;obs
000121;Luíza Müller;29/03/2021;00000000953563,59;N;688613dba6348e78;obs
000122;Maria da Silva;21/04/2025;;S;7421ff46637e4b01;obs
000123;Ângela Ferreira;20230417;686.736,53;S;7d45d8efd56ce8ea;obs
000124;Camões Assunção;08/03/2020;996.730,56;S;5cd8fe1adafec8a9;obs
000125;Luíza Müller;;289.283,50;S;1f45dbfdf7dc67e0;obs
000126;João Sá;10/03/2021;00000000053036,02;N;fd235def3e5a87e3;obs
000127;José da Silva;20240826;852.548,27;S;c63d04ee541c7a86;obs
000128;Ana Assunção;;;S;ddcf8766a93b12cd;obs
000129;Maria da Silva;20220103;16.548,41;S;0d6a05b343ef2016;obs
000130;Camões Müller;20200820;00000000379626,99;S;80fb929673b6a09b;obs
000131;Ana Sá;2024-05-23;480293.38;S;ffa361be0f9240e1;obs
000132;Camões Ferreira;06/11/2023;77061.56;S;9bb961555275eb94;obs
000133;João Gonçalves;17/07/2021;00000000340982,91;N;98eeac2bfe9fecaa;obs
000134;Antônio Ferreira;01/11/2022;119.972,89;S;73991a476e191042;obs
000135;Camões Assunção;21/08/2024;00000000327731,12;N;aa44825950018b7b;obs
000136;Luíza Gonçalves;2023-11-07;97.759,10;N;be9d61ee18b87245;obs
000137;Maria Müller;02/05/2020;00000000702560,42;S;5a856750692ac139;obs
000138;Ana Assunção;14/05/2023;223.073,64;S;7b70c3b8a81fdec3;obs
000139;João Assunção;27/09/2024;601.988,35;S;6dda4f8dcea60f4c;obs
000140;Ângela da Silva;2023-06-01;30360.34;S;b3e4110a45f50c52;obs
000141;Luíza Assunção;13/01/2020;420.253,84;S;bdb025ff2451e5a4;obs
000142;João Sá;22/12/2022;00000000165056,43;N;b8ba83684fc77768;obs
000143;João da Silva;14/11/2020;00000000085545,86;N;a974d079716fda0a;obs
000144;Íris Müller;24/06/2022;119.347,65;N;1c6345ab6e0ed1e8;obs
000145;Íris Müller;28/09/2023;57.444,76;S;4d29d1ab345512f7;obs
000146;Maria Ço-Testé;07/06/2021;783.302,63;N;2112507c2cfa55b0;obs
000147;Ângela Sá;16/04/2021;75577.45;N;bdf66ba5dc9c96de;obs
000148;Camões da Silva;2022-07-30;450138.73;N;a3e05309b5a1b949;obs
000149;Antônio da Silva;09/04/2022;482.447,79;N;6fcc57dd168fae12;obs
000150;José Ferreira;21/04/2023;782.034,39;N;5543fc3c38b8f24e;obs
000151;João Müller;20/07/2023;00000000366347,99;N;f54e2019ba35844e;obs
000152;José da Silva;26/10/2020;797.144,19;S;f387e1bd2d5972c6;obs
000153;Íris Ço-Testé;20230228;00000000674226,72;N;f891b0c3dd3f487e;obs
000154;Maria Ferreira;19/05/2020;00000000620149,35;S;81e0d4895a18e2a3;obs
000155;Antônio Ferreira;14/07/2022;80.459,36;S;98159d6c9d713084;obs
000156;Camões Ferreira;03/04/2023;471580.05;S;9ae1a991524f93ff;obs
000157;Ângela Gonçalves;15/05/2025;749.015,43;S;a56895c6812a1f9b;obs
000158;Ana Gonçalves;20/12/2023;00000000639428,66;S;5f733a3e5d286aa4;obs
000159;Camões Ferreira;05/05/2024;00000000678749,80;N;54669d1910df9974;obs
000160;Ângela Sá;02/03/2022;950370.84;S;14dd5061555736f8;obs
000161;Maria Assunção;2021-09-27;135216.50;S;8f1584494f40c22f;obs
000162;Luíza Ço-Testé;18/09/2020;718710.94;S;aba301cba561e1e9;obs
000163;Ângela Assunção;07/02/2020;358.333,27;N;39feb99c31274148;obs
000164;Maria da Silva;20210828;565.991,98;S;56363094a97431db;obs
000165;Maria Müller;10/02/2022;808.555,88;S;700b5d5fb89f72f3;obs
000166;Camões Assunção;20231017;NaN;N;88b4f4743be79df4;obs
000167;Antônio Ço-Testé;25/05/2024;711257.47;N;c4f9eccd7630a8a7;obs
000168;Camões Müller;16/12/2022;840.182,25;S;400035f0df7d0dd7;obs
000169;Íris Ço-Testé;30/01/2022;892.513,66;S;1578d70948f9e3d0;obs
000170;Antônio Ferreira;28/01/2025;992387.11;S;737d1fb6d11376e0;obs
000171;Ana Ferreira;19/04/2020;85.570,49;N;07374c86397b5f51;obs
000172;João Ço-Testé;03/01/2024;40164.17;N;d46b415deada79a3;obs
000173;Maria Ço-Testé;15/12/2023;00000000019928,10;N;d5c0244d3735262d;obs
000174;Ângela Sá;31/05/2023;249.184,36;N;0c394ec71f317405;obs
000175;Camões Sá;13/06/2024;625.727,63;S;83efa9f3a1c7cc8a;obs
000176;José Sá;21/10/2020;252.250,45;N;aa143cd82ff3cde4;obs
000177;Ângela Assunção;2020-05-18;00000000581071,64;S;df92a62163f4c69d;obs
000178;Ana Sá;;374.441,02;S;3dba6da85844f9fc;obs
000179;Luíza Gonçalves;31/03/2020;183.595,82;N;b20507bbfb16f757;obs
000180;Maria Ço-Testé;03/10/2020;38781.58;N;0b36e356339b77a8;obs
000181;Ana Assunção;26/03/2025;496.396,69;N;c0d7ac73095ffa81;obs
000182;Antônio Assunção;20241031;286489.42;S;5e368127cca1b45c;obs
000183;Camões Sá;2022-06-19;520.307,23;N;ec9f9c545e0a72ab;obs
000184;Antônio Ço-Testé;20200618;862.288,77;S;4b3446bc8ba435cc;obs
000185;João da Silva;02/11/2021;752.525,77;N;b0946d2a2aa93b43;obs
000186;Luíza Ferreira;20200327;None;S;abd2b5121335e5db;obs
000187;Luíza Müller;20240628;149.716,03;N;20509c6208e895d7;obs
000188;José Ço-Testé;14/08/2023;33.959,72;S;732e2016add702c9;obs
000189;Luíza Ferreira;11/04/2024;417.369,46;N;4758367ba6499cdc;obs
000190;João da Silva;15/02/2024;00000000123482,71;N;42a259a6c6641285;obs
000191;José Müller;07/08/2021;;S;2c33350c73b911d8;obs
000192;João Ço-Testé;2023-10-28;NaN;S;8acbbe098ccc9cea;obs
000193;Antônio Ço-Testé;20201118;None;S;fc31a5971f119c0f;obs
000194;Maria Gonçalves;06/06/2024;386.832,73;N;fba6abf7cdbcc653;obs
000195;Maria Müller;15/12/2024;753.790,91;N;6929de738693fd9d;obs
000196;João Gonçalves;14/06/2025;713.146,59;N;e0c1ff1e20da8972;obs
000197;Maria Ço-Testé;01/06/2025;00000000871777,07;S;272c058884a2576c;obs
000198;Maria Gonçalves;2021-10-22;938.398,66;N;143029a9d88f1c94;obs
000199;José Sá;12/05/2025;644.275,38;S;a417c09380a8a23d;obs
000200;Maria Gonçalves;11/09/2023;NaN;S;dd20c3bfd342af08;obs
000201;João da Silva;26/04/2025;00000000221049,83;N;a394ed549e3c5a88;
000202;Íris Sá;22/01/2023;NaN;N;741b77f54c24a053;obs
000203;Ana Gonçalves;19/06/2022;00000000636130,43;S;dc8a49225005680f;obs
000204;Luíza Ferreira;20200924;00000000334618,13;S;1f5d988f776abf09;obs
000205;Íris Gonçalves;15/10/2020;906.142,49;N;f67294643f8ea40a;obs
000206;Luíza Müller;16/01/2024;539729.63;N;e10b1a477faeb748;obs
000207;Íris da Silva;2020-07-03;00000000225596,30;N;0cf0374c0c74dc0f;obs
000208;Íris Müller;20241212;562762.36;S;1b84edc3d8e049de;obs
000209;Maria Assunção;29/01/2024;00000000420041,05;S;8fd33afc91fdfa4f;obs
000210;Luíza Müller;14/08/2021;00000000576567,97;N;fd350c5fd3479a3b;obs
000211;João Gonçalves;19/06/2025;584.930,43;N;24eeb4a6c14565c7;obs
000212;Ângela Ferreira;21/10/2022;349.219,91;N;74fd33d184f2fd0f;obs
000213;Ângela Gonçalves;2021-11-02;646.448,50;N;561c921097fe56c5;obs
000214;Ângela Müller;20220930;386.252,02;N;1c0f0bdcac7e937c;obs
000215;Antônio Ço-Testé;20250114;625906.03;N;f791f1e543f9cd6b;obs
000216;José Sá;15/04/2020;756.216,80;N;d25864f225d4a0fc;obs
000217;Ana Müller;20250425;328.931,56;N;69b7c0fa26c432f6;obs
000218;Camões Müller;06/05/2024;00000000762737,94;S;23595fa4b4adaf89;obs
000219;José Müller;;00000000328994,48;S;e980f80875ac824c;obs
000220;Luíza Müller;26/12/2021;674559.87;N;7bf33a349c2dfa97;obs
000221;José Assunção;16/02/2023;None;S;b47a1c5bb0b39015;obs
000222;Luíza Ferreira;15/12/2021;None;S;ad371d9e92cf6021;obs
000223;Camões Ferreira;03/08/2024;304562.18;S;f48f709c49a22441;obs
000224;Luíza Ferreira;05/09/2023;00000000868171,25;N;8fe069b6eedaa802;obs
000225;Maria da Silva;20230614;702.372,06;S;3b9b2d45a35055e4;obs
000226;João Ferreira;20211107;144.145,98;S;8ce3e7c3f6eab3a0;obs
000227;Camões Sá;2025-03-29;00000000209145,83;N;4910fade52380bf2;obs
000228;João Sá;21/03/2023;957591.04;S;e1dace6a6afa828c;obs
000229;Ana Ço-Testé;20220324;914.664,95;N;0997623ae0723d96;obs
000230;Antônio Müller;19/05/2023;NaN;N;f0458043e3a68a70;obs
000231;Ângela Ferreira;12/07/2021;766.635,20;N;41dc1c60a5f60735;obs
000232;Ana Sá;20211121;00000000202545,96;S;db2c6ac89c678393;obs
000233;Camões Müller;02/11/2021;147443.23;N;ef9240b652d78f10;obs
000234;Ana Assunção;24/02/2022;316614.42;S;a757cb1042f525b9;obs
000235;José da Silva;29/09/2023;719.401,51;N;1e0ef546b0b6dedf;obs
000236;Luíza Müller;28/03/2021;477.080,19;N;b3b263376a74dbb7;obs
000237;Íris Ço-Testé;20230105;259487.97;S;725e134d86879aa9;obs
000238;Luíza da Silva;21/02/2025;946.747,70;S;89628f6e929c93b3;obs
000239;Maria Assunção;15/10/2024;751.743,26;N;e61d9cde1747f387;obs
000240;Íris Ço-Testé;23/04/2020;00000000591304,58;S;765e6cb58f0d5540;obs
000241;Ana Ferreira;20210605;76578.74;S;58330b306c776e95;obs
000242;Ângela da Silva;2025-03-29;None;N;c4db5a622e13418d;obs
000243;Camões Assunção;30/12/2024;393893.48;S;f6d22a7baec76a82;obs
000244;Maria Sá;27/10/2024;412.152,68;S;fa8dae42ba54e920;obs
000245;Ana Ço-Testé;;00000000570893,92;N;6118433b882ccd1e;obs
000246;José Ferreira;09/12/2021;802.675,92;S;cf39f648083f64c3;obs
000247;Ana Gonçalves;26/02/2021;00000000626823,57;S;bd9419aa3ea6e5b2;obs
000248;Camões Ferreira;24/04/2021;59186.99;S;fe54ee4b80ff5173;obs
000249;José Ço-Testé;20250219;810.066,76;N;4d406f1b3ca5be29;obs
000250;Ângela Gonçalves;26/04/2022;922.447,75;S;adc29178a0411612;obs
000251;Ângela Ferreira;;NaN;N;6a944054b2414482;obs
000252;Maria Assunção;09/02/2022;00000000890599,30;S;db87d29c4cfd0fc1;obs
000253;Íris da Silva;25/02/2023;00000000140607,67;N;414765063e2bf9c9;obs
000254;Luíza Sá;2020-06-10;561655.11;S;44b9e6020d31812e;obs
000255;Ana Ço-Testé;29/05/2020;704067.92;S;3579c1437ab99428;obs
000256;Antônio da Silva;2021-03-09;None;S;9aba0f15b2149062;obs
000257;Camões Gonçalves;04/02/2023;559.573,59;N;42f5b3f54ef4c34d;obs
000258;Ângela Ferreira;12/08/2022;None;S;501ba8515ee68495;obs
000259;Ana Müller;04/11/2024;580.190,33;N;27046f254b91b8cb;obs
000260;Luíza Gonçalves;16/02/2022;686.407,70;N;c36b9a0a41e02a89;obs
000261;Íris Ferreira;20201210;755.304,17;N;eab9eb022f1dc121;obs
000262;Ana Müller;20200310;50.872,85;S;2332a50e6992896e;obs
000263;João Sá;05/11/2020;00000000063387,47;N;7ce40679a8c6dbc0;obs
000264;Ana Müller;03/02/2023;288.087,92;N;80913ac10463750e;obs
000265;Maria da Silva;23/02/2025;649.888,24;N;5abca6e5d0b1e3eb;obs
000266;Camões da Silva;2022-02-03;00000000731106,31;S;af1d5a1a4ccb2355;obs
000267;Ana da Silva;10/04/2022;00000000667679,07;S;2bdfcb41b3eda8f1;obs
000268;Íris Ço-Testé;07/06/2022;938.257,12;S;361f6d903ad1fa33;obs
000269;Íris Assunção;2020-04-05;942997.35;S;edc3a1c32dea2d2d;obs
000270;Ana Gonçalves;17/04/2023;973996.50;S;299656e24c9d6907;obs
000271;José Müller;20240905;347844.69;N;bd5ff093c16f9bcc;obs
000272;João Müller;;243.421,55;S;9aec56a857311609;obs
000273;Camões Ço-Testé;30/10/2021;514.436,57;S;8d93e14a5b167158;obs
000274;Camões Gonçalves;24/10/2023;648.666,98;N;3f175534cc4d5819;obs
000275;João Assunção;11/11/2020;775585.19;N;5c56d9bc5111d31d;obs
000276;João da Silva;15/04/2025;107.198,34;S;2ff8e87e16591c89;obs
000277;Íris Müller;10/02/2023;371.107,11;S;991965ea98d00c2c;obs
000278;Camões da Silva;20/08/2021;944910.92;S;85671b58926bffa5;obs
000279;Camões Gonçalves;11/10/2020;66.341,18;S;46a56fe86f46f1b1;obs
000280;Antônio Ferreira;21/05/2024;755.918,31;N;9dde01889803b22e;obs
000281;Íris da Silva;04/10/2020;NaN;N;dcb9075ecdd7f460;obs
000282;Íris Assunção;20220531;142737.76;N;9a6c0db952171c88;obs
000283;Íris Assunção;2020-12-29;NaN;N;936cd31cf7bf5244;obs
000284;Luíza Ferreira;20210728;977.344,14;S;ff4cc10f979c30cf;obs
000285;Maria Sá;21/04/2024;NaN;S;cc351e4f703e957f;obs
000286;João Ço-Testé;20241002;00000000145940,63;N;40afbf3f3df51967;obs
000287;Camões Ço-Testé;11/02/2022;None;N;096971018b2c550a;obs
000288;Ângela Müller;2023-07-30;689.546,31;N;a5a1c8252a9528c3;obs
000289;Ana Müller;14/08/2023;347.705,96;N;02b342541b1f2eb1;obs
000290;Antônio Gonçalves;20221111;00000000603179,88;S;5fc64cd0721e8b1f;obs
000291;Íris Ço-Testé;23/10/2023;00000000025756,44;N;4ba172331ac3bf31;obs
000292;João da Silva;2024-08-29;359.732,39;N;34f541c0c8c5eb2a;obs
000293;Íris Assunção;02/09/2022;334401.57;S;0b7059334cde1b6b;obs
000294;Ana Ço-Testé;03/12/2021;975095.21;S;2ca8f78384182d35;obs
000295;Maria Assunção;20/02/2023;00000000660352,51;S;a3f66c612fb70dab;obs
000296;Camões da Silva;19/02/2024;450.419,75;N;b4698db30123a348;obs
000297;José Assunção;20240320;106695.73;S;5373bf4d5da49cb9;obs
000298;Íris da Silva;21/06/2021;00000000328629,81;N;647dc3929c7eb575;obs
000299;João Assunção;20211221;00000000740283,86;N;9d4edb71eb2ec80e;obs
000300;João Sá;01/10/2020;191.937,14;N;243012dab1850eb8;obs
000301;Camões Ferreira;06/05/2023;510.311,23;S;2ab7b2ef8e0ec033;
000302;Antônio Gonçalves;18/01/2021;00000000907566,06;N;02740f73f3abea0d;obs
000303;Maria Gonçalves;27/07/2024;00000000519014,83;N;7de1bf5daf4847f0;obs
000304;Íris Ferreira;08/12/2020;231.242,97;N;465cc2cb085eb489;obs
000305;Ângela Assunção;20201210;00000000803125,98;N;82c42e488cbadae5;obs
000306;João Assunção;06/05/2024;;N;37f25d368bddcee3;obs
000307;João Sá;26/08/2024;471.579,04;N;dcb91d5f593c572b;obs
000308;Íris Ço-Testé;20200828;616.483,94;N;b5f3f8aadc6dafff;obs
000309;Camões Gonçalves;15/06/2023;844.566,26;S;59cf0b0d91f0647d;obs
000310;Antônio Müller;08/01/2023;NaN;N;dba6fdf8f3d04ffb;obs
000311;João Gonçalves;20250525;00000000290795,07;S;ddb7570eb390b059;obs
000312;José Gonçalves;27/12/2023;411.777,86;N;93d228d424655c39;obs
000313;Camões Ferreira;14/07/2022;97617.98;N;bff30c8d83ff3e96;obs
000314;Luíza Ferreira;30/04/2025;00000000888320,99;S;f8ded777bb1e5ae8;obs
000315;Luíza Ço-Testé;20200509;864.916,54;S;44bed4867ea5a387;obs
000316;Antônio Assunção;25/01/2023;00000000826597,62;N;aebbb90ee4e751de;obs
000317;Ana da Silva;20230706;00000000974582,15;S;74de5f7070f81dba;obs
000318;Camões Gonçalves;2023-11-11;166700.38;N;a79313b817e52113;obs
000319;Antônio da Silva;31/01/2022;00000000415595,06;N;b30e96e8b9da5f8c;obs
000320;Camões Sá;20200705;81.725,61;S;39e7a4f197fb613a;obs
000321;Íris da Silva;17/01/2020;727745.54;S;1221cddf7a4a902f;obs
000322;Camões da Silva;20240205;923.784,47;N;61fa01ba231ae7c7;obs
000323;Maria da Silva;22/12/2022;00000000461478,21;N;368acd40b8f14e3c;obs
000324;Camões Müller;07/11/2023;146.815,12;S;bae1e13796ee50e5;obs
000325;Luíza Ferreira;20211006;88.342,82;S;99db13028dab66d3;obs
000326;Antônio Ço-Testé;11/04/2025;918372.84;N;848b34f034981735;obs
000327;Ângela Gonçalves;11/03/2024;00000000518928,30;N;3db788a61cdcc4c2;obs
000328;João Müller;;None;N;8bde005b5d8babd7;obs
000329;Íris Ço-Testé;29/05/2020;226.223,33;S;0f7ae302ec2e2815;obs
000330;Ângela Assunção;20230711;735902.54;N;a3fa40691519fd38;obs
000331;Ângela Müller;08/11/2020;965.660,65;S;cedd069df96c9a0a;obs
000332;Ângela Assunção;11/03/2022;714139.83;S;b2dc6c344f67448e;obs
000333;José da Silva;15/05/2021;00000000642040,58;S;aa8430f84f2da233;obs
000334;João da Silva;20/12/2023;999.310,63;N;8468b74d85e3ade5;obs
000335;Maria Assunção;20200916;929474.93;S;e65fad87c57c7498;obs
000336;Luíza Ço-Testé;29/05/2022;604.664,91;S;7487d7727f0386fa;obs
000337;Luíza da Silva;2022-10-20;267.509,20;S;92ebeab0e4eec67c;obs
000338;José Sá;08/11/2022;256431.01;S;5d2d904f78c59073;obs
000339;Maria Gonçalves;2025-03-22;776.645,91;N;52619dec3979d5f5;obs
000340;Camões Sá;17/10/2021;125.201,47;S;3922a7e42de982f8;obs
000341;Ana Ferreira;2020-05-21;885886.99;N;161d5c8753c9fe59;obs
000342;Íris da Silva;25/01/2022;00000000775502,38;S;5e472e2276c3e642;obs
000343;Íris Ço-Testé;08/05/2024;;S;eeb19ad201a1fb0f;obs
000344;Ana Gonçalves;14/01/2023;997186.01;N;c2492e5e005fd0e6;obs
000345;Antônio da Silva;24/02/2021;62.805,62;S;47a2a10bb62edb49;obs
000346;Ana Gonçalves;20250111;00000000480729,47;S;1877bc0694ad6252;obs
000347;Maria Sá;06/08/2024;00000000456113,07;S;4aab47b23c9d128a;obs
000348;Luíza Ço-Testé;20220315;474752.40;N;131eb7233bcdf203;obs
000349;Maria Ço-Testé;26/04/2024;471.405,21;N;681134e250647c59;obs
000350;Ângela Assunção;20250529;00000000277881,59;S;28597b341725d2c7;obs
000351;Ana Gonçalves;2024-09-07;260.277,91;N;837217e0657046ea;obs
000352;Antônio Assunção;;896.115,51;N;bf8211bc8e52fc42;obs
000353;José da Silva;04/08/2022;12538.15;S;c7ecfe71d49347fc;obs
000354;Maria Gonçalves;13/08/2024;88122.82;N;d010318aeadc9960;obs
000355;Ana da Silva;2021-02-08;00000000096447,16;N;0aee25571f5df912;obs
000356;Ana Gonçalves;07/03/2025;520227.50;S;aee70ab261fa8e7a;obs
000357;Maria Assunção;2021-03-15;926.337,57;S;9d3616a108dec921;obs
000358;José Sá;27/08/2021;63942.61;S;620d4a1f479f6628;obs
000359;Camões Gonçalves;2023-08-09;00000000841135,80;S;61eb64e6fd498e20;obs
000360;Íris Müller;19/05/2024;None;N;06ac10102e0869c1;obs
000361;José da Silva;20250108;555.150,60;N;95804c2ac44fc4b8;obs
000362;Maria da Silva;22/05/2021;58.625,94;S;d8b48ead93608edf;obs
000363;Luíza Ço-Testé;27/09/2024;845.373,40;N;9770a3dbe9fa97e2;obs
000364;Luíza Müller;28/02/2023;None;S;09b7fdf77d8d3ddd;obs
000365;Ana Gonçalves;17/05/2023;00000000347849,00;S;2167c35ece7334f2;obs
000366;Maria Ço-Testé;2024-09-25;615.105,18;S;1c654aa2c63ce21d;obs
000367;Luíza da Silva;20220204;105940.75;N;52961fb34d407b28;obs
000368;Maria Sá;26/04/2025;00000000680715,62;N;b509f08a2c988bca;obs
000369;Luíza Gonçalves;25/09/2023;769.650,39;N;2d7e4a452099e71f;obs
000370;Camões Ço-Testé;2024-04-27;333.675,77;S;90c7e6aca3bfe403;obs
000371;Íris Gonçalves;20211109;176.043,40;S;b57ec883d2586d90;obs
000372;Íris da Silva;27/06/2021;269126.44;S;0053f649b86d066b;obs
000373;Camões Ferreira;09/02/2024;517.034,52;N;8bc83a0259ea4936;obs
000374;João Ço-Testé;20220908;00000000720540,97;S;7387928a29a3db6d;obs
000375;Ana Assunção;11/02/2020;;N;bb635ff529310971;obs
000376;Ângela da Silva;23/11/2021;00000000738727,61;S;f143e5456e6b34b9;obs
000377;Camões Gonçalves;19/04/2020;429.162,24;N;4811e562a91cf192;obs
000378;José da Silva;11/04/2020;00000000161051,62;S;00fa0eb45c5f48d4;obs
000379;João Assunção;14/08/2024;00000000101699,25;S;2bbba89d34fadee1;obs
000380;João Ferreira;24/09/2024;512856.60;N;a4515ae01754bf08;obs
000381;Camões Gonçalves;2022-01-29;46.785,57;N;770e09db7092d401;obs
000382;José Ço-Testé;04/07/2021;699.892,89;S;ab0b4cc515f0ea19;obs
000383;Ângela Ferreira;20250611;881.640,07;N;85c7f3bed183010f;obs
000384;Ângela Sá;2024-11-10;00000000499398,30;N;6511e61a143665f5;obs
000385;Ângela Müller;18/01/2025;00000000154611,79;S;c1d71f4af3025d16;obs
000386;Maria Gonçalves;13/06/2025;443.941,05;S;aee14f87fcffe9e3;obs
000387;José Ço-Testé;08/07/2023;00000000955048,40;S;635a775d16476e3f;obs
000388;Camões Müller;2021-10-29;00000000824759,01;N;6a18e5af1cce08e9;obs
000389;Maria Müller;19/04/2023;;S;493d6196c926a021;obs
000390;Luíza Ferreira;24/06/2021;00000000496026,77;S;46818a882c154804;obs
000391;Maria Müller;31/05/2023;00000000932787,50;N;3cd1ff3fb0c58278;obs
000392;Íris Assunção;11/01/2025;326.054,38;N;7ddac1b6d7c4caed;obs
000393;José Gonçalves;;00000000282508,41;N;a543148e9adfe981;obs
000394;José Ferreira;2021-03-08;00000000796387,62;N;0e63813ed22e3226;obs
000395;Maria da Silva;20210929;00000000892648,99;S;3158f1fb2c7a0d31;obs
000396;Ana Gonçalves;08/03/2020;None;N;76d70561d2d14ef5;obs
000397;Camões Sá;05/03/2025;512.531,47;N;f5e4a9c12d761ffa;obs
000398;Ângela Assunção;06/12/2021;871231.95;S;0706fec248fa4e98;obs
000399;Ana Gonçalves;14/10/2024;;S;a6ce6d7a44e2a94b;obs
000400;Ângela da Silva;20241105;497127.01;S;2c56e0cda5ba2472;obs
000401;Ana Gonçalves;31/05/2021;NaN;N;e53e5f4c6c7e9a2c;
000402;Luíza Ferreira;31/05/2021;864.353,66;N;1a31204495a0f356;obs
000403;Ângela Sá;20250602;622.616,82;N;af35b30b4c68eb17;obs
000404;Íris da Silva;;00000000273833,35;N;2661c42630385dd7;obs
000405;José da Silva;2024-07-07;692617.51;N;23d26b8dae46024d;obs
000406;Íris Assunção;2021-06-15;00000000037035,94;S;b9ff2c2957d9cbb0;obs
000407;Ângela Sá;26/05/2024;None;S;a8596f8cd73418fe;obs
000408;Maria Assunção;18/07/2020;847610.92;S;ae01a122f269921c;obs
000409;João Gonçalves;28/12/2021;826373.53;N;42b402815f269466;obs
000410;Antônio Ferreira;09/10/2024;611.923,81;S;e3b16d3678e36397;obs
000411;Ângela da Silva;11/11/2024;00000000056689,52;S;fe0a824e232a5e82;obs
000412;Luíza Ferreira;2023-03-12;NaN;S;14b00f62c768b07f;obs
000413;Luíza Sá;28/12/2020;286.815,57;S;c606ddc4c2dd901d;obs
000414;Maria Ferreira;20240527;454.780,78;N;6dd49c966744cb9e;obs
000415;Camões da Silva;18/03/2020;935337.01;N;d54e7948c1c0c5e3;obs
000416;José da Silva;17/10/2023;727214.28;N;21019bff4fe54745;obs
000417;Camões Müller;20/04/2023;312.688,05;N;ba53312274b79620;obs
000418;Ângela Assunção;2022-06-07;None;N;303cb04bc0079336;obs
000419;Camões da Silva;12/04/2021;;S;5dd8effc1f878b32;obs
000420;Camões Sá;20210607;00000000050291,76;S;d60bf603a750350e;obs
000421;Ana Sá;25/08/2020;265.016,70;N;27335670b3ada2ba;obs
000422;Ana Assunção;11/05/2022;653051.34;S;d4a5a81e6b382a0a;obs
000423;Ângela Sá;19/06/2023;521.918,13;S;3322c68b9be78aec;obs
000424;Ângela Gonçalves;20220103;574.766,05;N;352b6ec8e90d21cb;obs
000425;Luíza Gonçalves;06/01/2020;875.805,14;N;f30ee4fe262e5559;obs
000426;Ângela da Silva;20240121;None;N;76dae194439db29d;obs
000427;João Ço-Testé;2020-12-23;840535.46;N;bd10f87c6d0e0597;obs
000428;João Ço-Testé;2024-04-01;695.579,17;S;5b86ea6954231dbe;obs
000429;Antônio Sá;09/07/2020;420.246,14;N;74dfb83ff659f188;obs
000430;Camões Sá;08/10/2024;00000000118549,21;S;b9f6143bb2383056;obs
000431;Maria da Silva;2022-05-02;00000000711347,72;N;9c7faca62e671784;obs
000432;Luíza Müller;2020-02-29;935082.93;S;eb9f33cb7bab1baa;obs
000433;João Ferreira;21/06/2022;12.961,40;S;f4acc7e2fa575cea;obs
000434;Ângela Müller;20231110;761.950,84;S;588309de7b5fbe41;obs
000435;Maria Ço-Testé;19/08/2024;NaN;S;d94df188816ce054;obs
000436;Íris Ço-Testé;04/12/2020;00000000346969,30;N;81c61eeb0ce3c8c8;obs
000437;Ângela Sá;14/02/2022;465.766,58;N;db496e6d1688782f;obs
000438;Íris Assunção;;107630.02;N;092c4801698f04f8;obs
000439;Ângela da Silva;18/08/2024;00000000668508,79;N;82226c16e3de4ec0;obs
000440;José Sá;07/10/2023;856.256,06;S;74577d47d8253010;obs
000441;Ângela Ço-Testé;23/06/2023;750690.46;N;18f1a1e41d30a290;obs
000442;Ana Assunção;20211228;NaN;N;1b37ef19b3bc912f;obs
000443;Maria Ferreira;20201014;112158.52;N;3227e8d89c60c81b;obs
000444;João Ço-Testé;15/03/2022;751607.24;N;c1d48a101b968925;obs
000445;Ana Sá;11/09/2024;479.606,57;S;7fb33be5f6bf2f72;obs
000446;Ângela Sá;09/04/2020;00000000506391,74;S;941c23fab11af726;obs
000447;Maria da Silva;04/03/2022;00000000528598,41;N;fac08fc46b2d9ccc;obs
000448;José Assunção;2022-03-25;;S;9a3f0ad169a9aff9;obs
000449;Antônio Ço-Testé;07/12/2023;980.956,94;S;35afbb2d336d7786;obs
000450;Antônio Sá;2021-12-08;681.665,90;S;8ae0b8a080ff2909;obs
000451;João Ço-Testé;22/12/2021;00000000744619,85;N;bf74531cac9b389a;obs
000452;Antônio Ço-Testé;20220515;00000000399372,03;S;ab95c72f0d95aaf5;obs
000453;José Assunção;20240316;;S;c8cba592b0cad2eb;obs
000454;José Ço-Testé;13/01/2023;646037.13;S;a5a99ebcbe0ec2da;obs
000455;Camões Gonçalves;20221112;726597.36;S;61af663ced2e1bcd;obs
000456;Camões Ço-Testé;21/06/2025;NaN;N;9edd218233fd862d;obs
000457;José Sá;20231214;573.168,75;S;b993ff63c6b18d94;obs
000458;Antônio Ferreira;;770.787,22;S;0a6701436090103c;obs
000459;Antônio Müller;25/06/2021;00000000005920,32;N;b5ae329d77617d80;obs
000460;Ana Gonçalves;16/03/2025;645.513,80;N;ca376c367d94bf10;obs
000461;Ângela Assunção;20200529;192.801,28;S;8150e0c9c948384b;obs
000462;Camões Müller;04/01/2023;695.557,27;N;5c5d3f1b54c0c6c2;obs
000463;José Ço-Testé;20/06/2023;;S;5893ef12ab3f8d22;obs
000464;José Sá;2023-06-10;715.707,05;N;ea7a8c2161a1a29c;obs
000465;Camões Assunção;20230111;862.044,66;N;cd8565ce83a9c235;obs
000466;Íris Ferreira;30/03/2020;538858.41;S;189099c9f2be029f;obs
000467;Ângela Müller;16/01/2020;811.160,80;S;af76b6c2dd6d6b41;obs
000468;João Gonçalves;20230106;812864.94;N;d116d014a5850828;obs
000469;Maria da Silva;20220729;56.905,09;S;407d0affcb51a911;obs
000470;João Müller;09/08/2024;473.040,49;N;50ffde646edaba8c;obs
000471;Camões Sá;30/08/2020;00000000066310,79;S;d926fe41b36d0121;obs
000472;Luíza Müller;05/08/2020;90708.77;N;ed3b9d13c3e90323;obs
000473;Camões Ferreira;10/08/2024;00000000230546,68;S;641816b7bf2b43b4;obs
000474;Antônio Sá;22/10/2020;679415.93;N;f3102525f5179e72;obs
000475;Ângela Ço-Testé;10/02/2023;625.638,73;N;8c2aa0b18982cbf8;obs
000476;Antônio Gonçalves;20240312;432700.27;S;2f1a25a829344e15;obs
000477;Antônio Gonçalves;22/08/2020;892745.06;N;8cb6d1f0a5096396;obs
000478;Antônio Sá;17/05/2020;510.857,74;N;20d2b5285b6d6b7c;obs
000479;João Assunção;22/06/2023;472.537,62;N;a8cfe5899dc89e1a;obs
000480;Maria Müller;06/03/2023;176.832,54;S;3f05557c502ed818;obs
000481;Camões Assunção;16/09/2024;920531.42;N;7202fae5767d3b27;obs
000482;Antônio Ferreira;03/02/2023;00000000882684,10;N;d391d017dbd4a86d;obs
000483;Ângela Gonçalves;20210623;00000000079063,93;S;81d67019d97e8d3c;obs
000484;Camões Ço-Testé;23/04/2023;569.869,33;N;c6735380a7668617;obs
000485;Luíza Ferreira;2021-04-02;00000000140385,37;N;82aa5c4680499bbf;obs
000486;Camões Assunção;25/10/2022;717.396,78;S;839e7623c1d841d3;obs
000487;Íris Gonçalves;01/01/2021;00000000771668,18;N;5bda0655f06dca24;obs
000488;José Ço-Testé;25/09/2022;44.888,29;S;e860bcb18494205c;obs
000489;Camões Ferreira;22/02/2025;339.814,83;S;f7ebc69ab4280f0d;obs
000490;Antônio Ço-Testé;28/02/2024;00000000394957,22;N;96721e985d8416e0;obs
000491;Ângela Assunção;;370.041,51;N;caeb99597ca2f582;obs
000492;Ana Müller;11/12/2024;539.536,09;N;267627ca3625fc20;obs
000493;Maria Assunção;20230517;434.754,29;N;1d03c3d5b862acc3;obs
000494;Íris Ferreira;07/03/2021;00000000023537,52;S;20bd14220b0b81de;obs
000495;Maria Gonçalves;13/07/2023;58628.18;S;ec257a75421d4dca;obs
000496;Ângela Ferreira;2023-05-12;00000000763337,92;N;15f39d39f27f3ad7;obs
000497;Íris Müller;2022-08-23;630.026,52;S;95284c0acb6bf562;obs
000498;Ângela Assunção;20201209;625.511,58;S;60d2759a3ad51382;obs
000499;Maria da Silva;03/02/2020;717612.64;N;2649a478d3966f0a;obs
000500;João Gonçalves;2022-09-01;00000000527779,68;S;7b74244017db4c2f;obs
000501;Ângela Ço-Testé;2020-01-03;452458.83;N;dff47c515ed10e7f;
000502;Ângela Ferreira;2021-04-14;00000000399756,98;N;cdfba4e996cbdafb;obs
000503;João Ferreira;01/10/2020;297027.10;N;3063ae7f41ff81d1;obs
000504;Ana Müller;06/12/2022;215.398,83;N;5cbdb68268aa1236;obs
000505;Maria Ferreira;27/08/2023;444.137,68;N;468b22af9ca4364d;obs
000506;José Ferreira;20230204;00000000586253,47;N;fd0ee0b640f7924b;obs
000507;Luíza Ço-Testé;15/12/2023;124.871,84;S;c879d93272540ab7;obs
000508;João Gonçalves;07/11/2022;643.853,70;S;639c4c6c2926205d;obs
000509;João Ço-Testé;24/10/2020;00000000067194,11;N;5eef0d1e38c5ef5e;obs
000510;Ana Sá;2022-02-26;00000000546314,83;N;f6a9e3e3b62bccb1;obs
000511;Ana Ço-Testé;06/08/2024;00000000211506,01;N;089a9f4f31dae817;obs
000512;Ângela Müller;01/12/2023;377.215,04;S;0012d399a7af5545;obs
000513;João Assunção;15/05/2024;614550.51;S;03ef0f77848ac924;obs
000514;João Müller;20210805;00000000365005,74;N;d0c59550f69a0539;obs
000515;José Müller;26/05/2025;None;S;8198d1f56839f98f;obs
000516;Ângela da Silva;27/10/2022;NaN;N;71594914b1b68ecd;obs
000517;Íris Ço-Testé;20210513;None;S;1dc3c26e7b62659e;obs
000518;João Ferreira;20230721;241.100,89;N;f49816ad6994bf84;obs
000519;Ângela Müller;20200120;97.528,36;N;bfb0942cac777762;obs
000520;João Müller;22/03/2025;937.759,27;N;f27655132ecaf629;obs
000521;Íris Sá;12/02/2021;216.824,33;S;d5bea8dc33e88249;obs
000522;Luíza Gonçalves;14/05/2024;None;S;db6a34eac3a58237;obs
000523;Ana Ço-Testé;14/09/2022;910.971,73;N;2ed0b0b27da56b6e;obs
000524;Antônio Ferreira;20210330;838.096,67;N;f08d312e7a732f35;obs
000525;Ana Müller;12/12/2021;479405.22;S;84a91789b2c027e8;obs
000526;Luíza Sá;18/01/2020;105.642,74;N;9cdf06645c91f845;obs
000527;Maria Müller;22/06/2021;00000000359763,78;N;7faf64582f14f777;obs
000528;José Ferreira;20231206;293.213,51;N;9247e8512e0d3860;obs
000529;José Ço-Testé;20200723;453215.71;N;255603d4323132fa;obs
000530;Íris Ço-Testé;20/01/2020;00000000542122,80;N;7c93243ec90b9454;obs
000531;Antônio Müller;24/10/2024;171.277,88;S;d05661993728ddc2;obs
000532;Íris Ço-Testé;13/07/2023;378497.33;N;8eb7c3068f73198e;obs
000533;Luíza da Silva;23/04/2022;208623.77;S;c7c2564afab8328f;obs
000534;Luíza Assunção;10/10/2023;932848.57;S;9d1911a5618dde71;obs
000535;Íris Sá;13/05/2025;442.307,43;N;e835f080d9518f98;obs
000536;João Gonçalves;04/12/2021;744.944,37;N;a50768979afa8267;obs
000537;Antônio Ferreira;2024-05-18;546.241,75;N;2ad55c0b69fb2fe6;obs
000538;Ana Gonçalves;30/01/2024;734.734,95;S;2abaa4f935e80364;obs
000539;João da Silva;2020-05-10;00000000027646,06;N;c3d6cd548623bc74;obs
000540;João Assunção;19/06/2023;324399.49;S;bcd2e8eb3f5560cd;obs
000541;Íris Sá;15/09/2020;36863.03;N;ea4f4a80dc412176;obs
000542;Íris Ferreira;2025-06-19;;S;98fb47279740b212;obs
000543;Camões Müller;03/08/2023;505.049,44;S;16ed0330ce015413;obs
000544;Antônio Assunção;24/04/2022;548.737,00;S;496940325808d790;obs
000545;Ângela da Silva;2023-11-09;;N;4afcf9e8cc476b72;obs
000546;José Ço-Testé;15/01/2020;458.340,71;N;29cc07893ff93134;obs
000547;Camões Gonçalves;22/06/2021;00000000801677,66;N;a60147c348e09502;obs
000548;Antônio Ferreira;2021-01-20;115.718,37;N;73e88db69e2383d0;obs
000549;Íris Gonçalves;18/10/2021;23.206,68;S;1a2e9864f8eaca36;obs
000550;Antônio Gonçalves;04/01/2024;158.004,11;S;3799a3767e5b3ac9;obs
000551;Camões Assunção;20240528;;N;d7f2a67814898025;obs
000552;Ana Assunção;07/05/2024;00000000201529,23;N;61af0e8ed13757e1;obs
000553;João Ço-Testé;03/01/2024;259169.56;S;75f9423032fd73c5;obs
000554;Ângela Sá;02/03/2021;981693.39;N;a110e887289ac251;obs
000555;Ângela Müller;07/09/2020;00000000377935,25;S;aaac826edd18ab28;obs
000556;João Gonçalves;20/07/2023;613.100,35;S;ca0553a26553b15f;obs
000557;Ana da Silva;20230405;00000000162521,76;N;16e827b0c552f3c5;obs
000558;Maria Ferreira;06/07/2020;655.499,97;S;5b0334d80f4d6c40;obs
000559;Ângela Ço-Testé;07/08/2020;826.868,71;N;e44cbd41ce36e92a;obs
000560;José da Silva;12/11/2023;942317.32;S;b4e570ba7c3cc2bc;obs
000561;Ângela Assunção;16/01/2023;570.028,23;N;bb7eb97952dcbffd;obs
000562;Antônio Ço-Testé;29/08/2024;72223.20;S;4bb13407730ad7de;obs
000563;Ângela Assunção;18/07/2022;00000000769296,48;S;04cad30ae207db20;obs
000564;Luíza Ço-Testé;24/06/2023;565137.84;N;86296fbe309b48dd;obs
000565;Ângela Gonçalves;09/06/2023;00000000115831,41;S;a8ad153985f0786a;obs
000566;Ana Ço-Testé;04/04/2025;112256.25;N;1947ea42310dc9d1;obs
000567;Camões Sá;30/09/2022;51471.32;N;9b1fc6d1388149dc;obs
000568;Ana Gonçalves;04/09/2023;490796.10;S;8eda64335c65a65c;obs
000569;Luíza Ço-Testé;21/12/2023;00000000042628,67;S;4dccb05dd59ef0fd;obs
000570;José Müller;17/07/2020;198.664,49;S;a8290f3c86b4852c;obs
000571;Maria Müller;14/03/2024;669647.98;N;756eb67dacab8b69;obs
000572;João Gonçalves;10/06/2024;00000000689473,43;S;ff9957a888adb388;obs
000573;Íris Assunção;22/01/2025;None;N;a21c1209c3a1962d;obs
000574;Luíza Müller;07/05/2021;576.968,98;N;f62ecf885c29850b;obs
000575;Íris Ferreira;20200101;NaN;S;e3ec4f6afe503fdc;obs
000576;Ana Assunção;30/03/2021;861.867,98;N;8dbcde5aeb4aede6;obs
000577;Ângela Müller;11/03/2025;372.933,58;S;43d643ed236eb832;obs
000578;José Gonçalves;20210608;596.708,51;S;13c37b5dbbf8da91;obs
000579;Íris Gonçalves;20220926;859325.73;S;a46acc9a98611260;obs
000580;Ana Sá;13/07/2024;966.653,07;N;e13a14ca5911f42e;obs
000581;Camões Ço-Testé;2020-09-03;890.743,83;S;c704e80ea2466cd7;obs
000582;Ana Assunção;09/12/2022;00000000342708,19;S;0ceeddc22737f345;obs
000583;Íris Ço-Testé;03/05/2023;303.860,55;N;21d7243225e42403;obs
000584;João Ferreira;20230316;00000000089212,33;N;6f3acf3380777ac5;obs
000585;Maria Ferreira;19/02/2023;205.626,73;S;1257429e3e085cb7;obs
000586;Camões Assunção;2023-11-03;433.673,85;N;592ab43d5d822e3a;obs
000587;Luíza Assunção;01/05/2023;366705.21;N;25545c1a9f88dda3;obs
000588;Ana Ço-Testé;23/04/2021;763.874,96;S;bd5538c71cc464ed;obs
000589;José Müller;12/03/2025;14401.36;N;cde55848b19c905e;obs
000590;Antônio Ferreira;22/08/2022;222.168,68;S;85f4c0a28be27516;obs
000591;Ângela Ferreira;20230629;700.723,89;S;953fcfd460694b6d;obs
000592;Ana Assunção;14/12/2020;647.984,89;N;7707ac0e0d96feb3;obs
000593;João Ferreira;14/09/2023;377718.84;S;4ae0fd7a04e25132;obs
000594;José Ferreira;;508.206,40;S;32e97c2d2fb90ccf;obs
000595;Íris Müller;20250312;319.740,67;N;64b5d9a57d6c3d2a;obs
000596;Ana Assunção;02/11/2023;00000000525601,30;N;0fdfde19cfd835fc;obs
000597;Camões Ço-Testé;2020-03-01;None;N;23238416a82cae18;obs
000598;Camões Müller;21/05/2025;238476.87;N;92a97acd3d884938;obs
000599;Camões Assunção;06/02/2025;00000000216801,16;S;8a962a1194be6d9f;obs
000600;Maria Assunção;20231111;00000000450956,17;S;eedb0ce5a7fecdcd;obs
000601;Maria Assunção;18/05/2020;None;S;078c3875ba21e269;
000602;Camões Ferreira;13/09/2021;NaN;N;c7739d4626e6a84a;obs
000603;João Gonçalves;13/01/2021;NaN;S;3b70509298ab182c;obs
000604;Ana Assunção;11/06/2020;00000000887241,64;N;a64a1fe8b646e2b1;obs
000605;Maria Ço-Testé;04/03/2022;237.265,24;S;c3b8d17968994c84;obs
000606;Antônio Ferreira;20210331;;S;f4672866ed56a2a0;obs
000607;Íris Sá;2021-10-27;424534.54;S;bc3eb4029ba14c35;obs
000608;Luíza Ferreira;2023-06-06;00000000550745,68;S;1bfc270c85494255;obs
000609;Íris Ço-Testé;02/12/2024;None;S;632c817e8ec57d47;obs
000610;Ana Gonçalves;19/08/2021;867824.99;N;2a9edda7761ad914;obs
000611;Antônio Müller;25/02/2025;00000000486098,18;N;b8ff615c172720fa;obs
000612;João Gonçalves;13/05/2024;141880.69;N;52ce55e369df05c7;obs
000613;Ana Gonçalves;18/07/2022;925420.25;N;400564b8171603b1;obs
000614;Maria Sá;10/02/2024;664.874,57;N;8618e40d15d6a658;obs
000615;Ângela Müller;29/04/2025;00000000805580,05;S;55cf37bae98965f2;obs
000616;Maria Gonçalves;14/11/2024;439964.06;N;baebe15d4f3c9771;obs
000617;Antônio Sá;05/01/2021;3.705,25;N;75699aef03200c4e;obs
000618;Íris Müller;11/07/2024;227409.30;N;68ffae1774283491;obs
000619;João Müller;14/05/2023;649872.35;S;2f51ac6e0c85f154;obs
000620;Ana Sá;15/12/2021;606175.85;N;eb9e54e054c3b22e;obs
000621;Ana da Silva;;640.775,36;S;7491050cf75efed8;obs
000622;Luíza da Silva;20200709;860.110,48;S;6d651847c2294116;obs
000623;João Assunção;22/08/2022;345201.35;N;35b86d0a864f36dd;obs
000624;Ana da Silva;20230316;00000000507158,11;N;9bdd3d7a6d53628b;obs
000625;Antônio Müller;;644.130,16;N;baabd9f2850b7073;obs
000626;Íris Ço-Testé;2021-01-03;202.958,37;S;0623ffbf1e42d2b8;obs
000627;João Sá;02/10/2024;00000000434154,53;S;5982aa44557368cf;obs
000628;José da Silva;04/08/2023;322.723,08;N;8ccc617e81b66951;obs
000629;Ana da Silva;05/11/2023;645.916,72;S;2cf6073bd500c147;obs
000630;Luíza Ço-Testé;2021-11-23;00000000835982,60;S;22c0c475a54976d0;obs
000631;Maria Sá;2022-08-01;00000000484936,42;N;be1a070fed83a4c8;obs
000632;Ângela Assunção;20230303;19.628,68;S;af7c7d2b93d054e4;obs
000633;Luíza da Silva;08/06/2025;393469.43;S;9b0e70ad922bda48;obs
000634;Maria Müller;2020-08-27;899489.90;N;0818c965b5b81351;obs
000635;Camões da Silva;2022-10-14;226.640,38;N;1cbb304b2ccda2af;obs
000636;Ana Ço-Testé;2021-02-17;00000000837839,03;N;80038f26e7ab2ef7;obs
000637;José Assunção;06/03/2025;813206.39;N;c4fcbb8424aefbea;obs
000638;Ângela Sá;28/09/2020;748.345,49;S;4f9c78bf010d583f;obs
000639;João Assunção;2022-08-14;690.996,98;N;93daf60d05c14422;obs
000640;José Assunção;14/02/2021;810.327,40;N;1e1e5d91abcec90f;obs
000641;Maria Gonçalves;14/07/2021;;S;59ae73028ae3297e;obs
000642;Luíza Assunção;2020-10-16;256718.73;S;4fb67094123cf911;obs
000643;Luíza Müller;27/06/2022;52.907,86;S;0dc5d42e6233960a;obs
000644;Camões Ferreira;20210101;876793.80;N;5b0a31ea9dc6d783;obs
000645;Luíza Ço-Testé;20210209;82362.68;N;21bd55eb915aa3c0;obs
000646;Íris da Silva;22/07/2022;00000000488004,98;N;f28bf8463b504fda;obs
000647;Maria Ço-Testé;08/01/2025;NaN;N;dc5cd673c9ed66a6;obs
000648;Íris Ferreira;02/03/2020;483.647,61;S;c497d0a8484204d5;obs
000649;Maria Müller;29/07/2020;341700.13;S;4d579d00cadcc10f;obs
000650;Íris Ferreira;24/04/2023;00000000166745,70;N;10e94dce6241cba3;obs
000651;José Ço-Testé;22/11/2023;594765.55;N;b1b2b5f88b661d1f;obs
000652;Maria Sá;03/10/2023;None;S;98986758979800c3;obs
000653;Luíza Müller;20200718;72.989,51;S;d066ad21af7d7f21;obs
000654;Camões Assunção;09/10/2022;856.722,27;S;94ad345ae3239264;obs
000655;Maria Sá;01/11/2020;606.006,78;N;34a63e7632173525;obs
000656;Antônio Müller;2024-06-14;752.659,55;N;16db8a18fd8398c3;obs
000657;Ana Müller;11/11/2022;65.443,37;N;8c83bc68e6ace59a;obs
000658;Ana Sá;20230220;907.731,36;S;6e84e8323c38c3f0;obs
000659;Camões Sá;20211013;00000000571599,55;S;2c649adfa998c8e1;obs
000660;Maria Gonçalves;11/02/2023;None;S;02f865f8226001c6;obs
000661;Ana Gonçalves;2024-01-17;88777.17;S;ce52309da46a07c2;obs
000662;Íris Ço-Testé;25/11/2023;00000000476468,23;N;d1f033748d532691;obs
000663;Camões Assunção;07/04/2021;00000000522356,73;S;80714c8ab64e26cf;obs
000664;Camões Müller;26/03/2023;NaN;N;948c7eb41cf8570b;obs
000665;João Gonçalves;20240204;None;N;14072edb8456ce4f;obs
000666;João Gonçalves;25/08/2022;81875.85;N;0d829d529cf021b8;obs
000667;Ângela Ço-Testé;23/01/2020;00000000601847,60;N;5a589b676bc7b635;obs
000668;Antônio Gonçalves;13/03/2020;00000000762286,38;N;a119ceee0fb91307;obs
000669;Maria Müller;15/04/2020;654.644,94;S;7c193e6f496cc03a;obs
000670;Maria Müller;2020-06-06;645.711,16;N;db9c9b7c4674a0eb;obs
000671;Ana Sá;16/08/2020;NaN;N;cecea5d35ea909ef;obs
000672;Antônio Ço-Testé;06/12/2023;903.888,67;S;fbec1ed857c4e2c3;obs
000673;Maria Müller;20250327;433008.96;N;a9217ddc3cea1f89;obs
000674;Maria Gonçalves;20230329;277.239,82;S;2ae7dc190d722918;obs
000675;Camões Ferreira;09/09/2021;None;N;433b66fc797eb3e4;obs
000676;Ângela Ço-Testé;09/06/2022;NaN;N;87beb021f63614f5;obs
000677;João Müller;29/07/2023;962637.78;N;453417b555c06c8e;obs
000678;João Assunção;02/09/2023;00000000785479,86;S;ac00f929bbfbf76c;obs
000679;José Müller;22/11/2021;;S;11654cb3d4e99a65;obs
000680;Camões da Silva;11/12/2022;00000000760481,28;N;316da914407c4370;obs
000681;Ana Müller;07/07/2020;00000000996660,27;S;f5321352b54468e4;obs
000682;João Ço-Testé;23/05/2023;593567.82;S;1c6057fee5605cfb;obs
000683;Antônio Assunção;14/08/2022;967.517,58;N;6d4ec8a4c4f4b844;obs
000684;Antônio Gonçalves;17/05/2024;407467.48;N;0f6000f3fef72410;obs
000685;Antônio Gonçalves;21/06/2022;None;S;7df77791a53e62ba;obs
000686;Maria Müller;23/04/2024;00000000956941,13;N;424d9430b72479b7;obs
000687;Ana da Silva;24/05/2020;19.677,57;N;a7222ea2261b5048;obs
000688;Ana Sá;10/03/2022;602554.50;S;b525a4d983f023fd;obs
000689;Íris Ferreira;20220407;566367.08;S;62699a4400d8c046;obs
000690;João Müller;2023-01-01;317.539,87;N;a1dc9cab0e213ce5;obs
000691;Luíza Müller;2024-10-13;797.393,58;N;33ffb402a5d5bbf9;obs
000692;Ângela da Silva;04/06/2025;409.055,89;S;b057fcd4a1701e8e;obs
000693;Íris da Silva;17/12/2024;37433.17;S;b840d136067e4b72;obs
000694;José Ferreira;07/03/2022;00000000523957,39;N;feeef3e1f7716700;obs
000695;Ana Assunção;24/04/2020;123929.51;S;a762b59cce9e5929;obs
000696;Íris Sá;2024-11-17;244.304,74;S;bc4716ad0970d09d;obs
000697;Íris Sá;09/02/2020;NaN;S;2c1882c903ad702e;obs
000698;Antônio Ço-Testé;13/06/2024;00000000067065,75;S;7f44cbca1d3ae131;obs
000699;José da Silva;05/07/2024;711.352,94;N;1eece89153010fb9;obs
000700;Ângela Gonçalves;20211020;47801.97;S;102f4f5c55e39295;obs
000701;Antônio Gonçalves;31/03/2024;173022.70;N;ecf912453e5f7e23;
000702;Ana Gonçalves;20200723;00000000815438,48;S;e12f3b2104005940;obs
000703;João da Silva;15/01/2020;622.572,83;N;b189727f6a8d8a70;obs
000704;Maria Gonçalves;20/10/2020;00000000250876,52;S;b11184e79c4c37b3;obs
000705;Maria Sá;20/10/2022;364.751,38;N;8ec61be5012b809e;obs
000706;José da Silva;;00000000565941,97;S;c5346e4176d6dc39;obs
000707;Antônio da Silva;31/01/2021;521.683,60;S;ab8e77a128e60130;obs
000708;Ana Sá;15/01/2022;00000000646782,42;N;1abb574e0b16dac4;obs
000709;Ângela Gonçalves;20201119;00000000074302,14;S;71dfc82cb8addf54;obs
000710;Luíza Ferreira;20210211;816815.29;S;3a4fece7537d66c6;obs
000711;José Sá;2022-04-24;77.102,28;N;7c0224e595c89b2d;obs
000712;Camões Gonçalves;2021-03-18;00000000391628,49;S;b8463413752e7613;obs
000713;Luíza Assunção;18/02/2021;62.550,72;N;1c71a82122f1c32b;obs
000714;Íris Ferreira;20201216;632.959,37;S;cb68a34eca1fbff2;obs
000715;Maria Müller;09/06/2025;898.603,52;N;fee3dbaadcb913b4;obs
000716;Íris Ço-Testé;05/08/2022;914986.94;S;53c9aacb3f71e1ae;obs
000717;José Müller;21/04/2025;00000000438066,00;S;fdc419b20a414919;obs
000718;Ângela da Silva;21/05/2022;00000000861187,89;S;7ecb002e73d3328c;obs
000719;João Müller;22/03/2024;139159.27;N;3d3331644bb8ebe2;obs
000720;Ana Ferreira;02/10/2023;783587.73;S;7470724cf9f6b641;obs
000721;Maria Ço-Testé;11/12/2023;657259.47;N;a226a75bb432ece9;obs
000722;João Ferreira;03/01/2025;00000000446591,37;N;f2335074b2b3bb39;obs
000723;Ângela Müller;15/06/2024;923636.79;N;eea77ea8bc5ad195;obs
000724;Ângela Sá;2022-01-15;487.958,46;S;5dce8d9b5d96120d;obs
000725;Ângela Sá;17/05/2020;351200.17;S;1d121daf8a257159;obs
000726;José Ço-Testé;20240305;528.028,34;N;0df1172a46f2ff38;obs
000727;Luíza Assunção;15/07/2022;00000000493003,15;N;9ef6a99f73b4daf3;obs
000728;João Gonçalves;2024-12-31;941.565,50;S;f5504c5249d2cac0;obs
000729;João Gonçalves;19/07/2021;917.497,19;S;f3bd2348854bc8fa;obs
000730;Antônio Ferreira;08/06/2025;None;N;a50a0a29bcda835f;obs
000731;Antônio Gonçalves;08/05/2020;675988.66;N;9425fc3a6964a112;obs
000732;Luíza Ferreira;30/04/2023;00000000466886,70;N;913767ab4dd85715;obs
000733;Antônio Gonçalves;04/06/2024;00000000807142,36;S;5a66219e25f98046;obs
000734;Íris Gonçalves;2023-06-20;191135.36;S;b546c5c0d6de70c5;obs
000735;Maria Gonçalves;27/08/2020;462.306,16;N;2f3b2b185ea2d56b;obs
000736;Ângela Sá;12/03/2020;None;S;4d330569889cd33d;obs
000737;Ana Ferreira;21/03/2025;972.881,58;N;01196e6d27f31b78;obs
000738;Ângela Assunção;20230818;00000000989866,37;S;90b3032dccb1063d;obs
000739;Luíza Sá;20200818;NaN;S;0659010a4ede79b6;obs
000740;José Ferreira;01/01/2022;204.630,82;S;ef87bf0dc8022f8e;obs
000741;José da Silva;20/06/2020;00000000091622,85;N;7d8f235031c77a44;obs
000742;Ângela da Silva;03/02/2025;895.279,91;N;62d846d05ea011cd;obs
000743;Ana Assunção;07/12/2021;;N;fe1ad905bdd4c1f2;obs
000744;Íris Assunção;20201201;None;S;96516ec2d5e4157d;obs
000745;João Gonçalves;01/03/2021;;N;01b1c62616a48bfa;obs
000746;Antônio Ferreira;24/12/2020;959313.96;S;2f9e1ddb33028b32;obs
000747;Antônio Müller;01/10/2022;318678.74;N;bd6734588f2d0b17;obs
000748;José da Silva;08/06/2024;874.768,81;N;a76049771fca0f16;obs
000749;Camões Gonçalves;2022-10-04;00000000125153,03;N;fe8c9aab7e388a19;obs
000750;Luíza Müller;11/09/2022;719232.80;N;b1ba0beaf9690579;obs
000751;Luíza Müller;10/02/2024;609909.20;S;51d69f1125693e13;obs
000752;Maria Assunção;30/11/2020;956.412,81;N;4a34041e0c78947b;obs
000753;Ângela Sá;01/04/2025;192.149,80;S;c0ac430a99487f82;obs
000754;Ângela Assunção;21/11/2024;284646.38;N;88cfc53d188889ce;obs
000755;Luíza Ço-Testé;21/10/2020;00000000816640,47;N;571ec230697878c1;obs
000756;João Gonçalves;12/11/2020;643227.71;S;75e2c2fa6ad73453;obs
000757;João Ço-Testé;2020-09-25;00000000724620,39;N;d12972d323966b83;obs
000758;Ângela Ço-Testé;09/06/2025;780624.03;S;20f36e9238ec71aa;obs
000759;José Assunção;13/09/2020;;S;c6523c3d04d07f29;obs
000760;Camões da Silva;06/02/2021;621991.65;S;1e71afa97815c7df;obs
000761;Ana da Silva;09/09/2021;964793.15;S;e6b36561966d2735;obs
000762;Maria Sá;20/12/2021;987.597,95;N;946a95a6f2e401af;obs
000763;Luíza Gonçalves;17/10/2024;529436.30;S;d1d06bcd195efd72;obs
000764;Ana Müller;20210320;NaN;S;b9b07ec4f93c8859;obs
000765;José Müller;20241009;194.119,75;N;f52ef4a6ac6c2e1b;obs
000766;Maria Ço-Testé;;00000000238608,65;N;c2ebbaa21ce370ed;obs
000767;João Ferreira;13/08/2020;00000000738964,46;N;b8ddf15d8ea035f0;obs
000768;João Assunção;08/10/2022;771.935,76;N;f9e6debbafe2487f;obs
000769;José Müller;14/04/2022;898393.24;S;d74f9844e50ea3ec;obs
000770;Luíza Gonçalves;;00000000415624,13;N;a8969e7085cd3384;obs
000771;João Gonçalves;19/03/2022;00000000777448,13;S;5d1c19061090dc9d;obs
000772;Luíza Gonçalves;20230503;00000000878822,29;N;7fc5ae23b9a6bd75;obs
000773;Antônio Ço-Testé;20240604;NaN;N;7c0a5867fcce5213;obs
000774;Antônio Gonçalves;21/04/2024;521.430,62;S;f14152c7a0dcec7d;obs
000775;Ana da Silva;20/02/2024;28.049,86;S;9ac6030661f43c2b;obs
000776;Maria Assunção;27/06/2023;788120.84;N;774d34f5caf07226;obs
000777;Antônio Sá;16/10/2022;848.803,43;S;c3933447f3dc50bf;obs
000778;Camões da Silva;24/02/2022;481985.56;S;2d474c4f08697ffa;obs
000779;Antônio Sá;02/12/2020;407.981,91;N;1c007554c3963bf9;obs
000780;Íris Sá;08/02/2023;00000000589568,60;S;0e44c9dc81b61c87;obs
000781;Antônio Ferreira;;00000000803703,45;N;0fb97b5d520b28f6;obs
000782;Ana Gonçalves;10/09/2024;28207.74;N;18ebeed7616d41c8;obs
000783;Luíza Assunção;23/04/2022;246020.31;N;15bebdd097b027ce;obs
000784;Antônio da Silva;22/11/2021;00000000483299,04;N;83c74cbe916baf87;obs
000785;Antônio da Silva;26/11/2023;396.087,40;N;9291e493528a34f3;obs
000786;Íris da Silva;15/11/2023;850.875,64;N;9d655c032aa814da;obs
000787;Luíza Ferreira;17/02/2021;881203.09;S;43e1346d49902258;obs
000788;Antônio Müller;20220403;00000000752571,11;S;563b04fa9784713d;obs
000789;João Müller;28/06/2024;00000000834302,44;S;d2e08e57a6cb1dda;obs
000790;Ângela Ço-Testé;06/09/2021;00000000434440,25;N;9ffda1e74052e3a5;obs
000791;Íris Sá;12/04/2024;737497.80;S;7fcbcf3193ac009a;obs
000792;Íris Assunção;03/04/2025;950887.98;N;90ed01d3ef444cf5;obs
000793;Ângela Gonçalves;16/01/2022;718.597,95;N;6f75a3b2d8186112;obs
000794;Luíza Ço-Testé;2024-08-27;00000000279902,52;N;291c0da1a5630d3a;obs
000795;José Ferreira;03/05/2021;835.763,31;N;7c42049476d32b96;obs
000796;Camões Ferreira;2023-08-17;143.058,34;S;ca27cd6942264ba4;obs
000797;Ângela Gonçalves;2023-08-12;;S;e581620fdc0db266;obs
000798;Luíza Müller;2021-09-02;None;S;f17312f4659ae9f2;obs
000799;José da Silva;20230315;NaN;N;e272d7ca7f176b55;obs
000800;José Müller;20200907;773.049,74;N;bf957403ce4ba2bb;obs
000801;Camões Gonçalves;22/10/2020;460.824,35;N;dce70289411a315b;
000802;Ana Ferreira;28/12/2022;None;N;3f10938caec7f267;obs
000803;Maria Assunção;20220831;676749.02;S;bd4c938cd76ac5a8;obs
000804;José Assunção;05/02/2023;00000000380482,89;S;ddf0a0a288efe82b;obs
000805;Íris Ferreira;2020-01-17;315.505,32;S;d29cf92aefb2d33c;obs
000806;Antônio Gonçalves;2024-10-26;NaN;N;08ac784fca10b499;obs
000807;João Ço-Testé;2024-05-15;00000000971503,52;N;6c202d89b7a69c32;obs
000808;Maria Sá;18/06/2021;764.655,77;N;b1f94a097408f646;obs
000809;Ana Sá;06/08/2023;00000000142704,82;S;333822d16691c664;obs
000810;Luíza Müller;17/06/2020;804.895,91;S;981170c1d8d2660e;obs
000811;Luíza Ferreira;2022-09-06;720.862,22;N;4823debeccade92e;obs
000812;João Ferreira;22/01/2022;235392.73;S;05e15e2ff2b74922;obs
000813;José da Silva;18/06/2025;52.202,21;N;6dcc9c609e35836f;obs
000814;Antônio Gonçalves;2020-07-01;123.051,72;S;869d4cb7b7f5155a;obs
000815;Íris Ço-Testé;11/10/2023;199.801,26;N;bf16e3e949b7e037;obs
000816;Camões Gonçalves;2022-06-02;00000000762009,36;S;2e2cb8506b17bd75;obs
000817;Maria da Silva;;951.403,57;S;953922c05ea0942c;obs
000818;João da Silva;18/08/2022;416.867,88;S;622cc212b69d2f48;obs
000819;Antônio da Silva;14/07/2020;493.809,30;N;9b3b5b4cff2a50c0;obs
000820;Ana da Silva;03/06/2021;703.870,50;N;f7d2a2ee21da5db1;obs
000821;Ana Müller;02/01/2021;00000000920542,43;N;16f32b9321c57a88;obs
000822;Ângela Ferreira;17/10/2020;523.461,16;N;5c4fc55ebf715a28;obs
000823;Antônio Assunção;20230609;None;S;bca3765350c76baa;obs
000824;Maria Müller;2024-10-13;00000000055808,56;S;0df81d2b260c037e;obs
000825;Maria da Silva;21/08/2022;121661.55;N;71076f2e0a715350;obs
000826;Ângela Ferreira;26/07/2022;129661.18;N;3427e46617f4b85d;obs
000827;Maria Ço-Testé;20201210;934171.72;S;ff7d39f795635c97;obs
000828;Ângela Ço-Testé;14/03/2023;None;S;5422ea97e32a8787;obs
000829;Antônio Sá;25/10/2023;877.635,13;N;076451d3275dd459;obs
000830;Íris Ço-Testé;20/12/2023;00000000623069,34;S;f842e16354555290;obs
000831;Íris Assunção;20250424;135603.72;S;0c767092dcffd7b6;obs
000832;Luíza Ço-Testé;20200423;00000000399918,77;S;41526bff661b9738;obs
000833;José Ço-Testé;07/11/2024;170.856,26;N;67037089c78cd2c3;obs
000834;Maria da Silva;03/09/2021;00000000947635,39;S;aa5f89ca5bea530d;obs
000835;Luíza Müller;13/02/2021;281522.60;N;c1a95ee21718cfde;obs
000836;Luíza Müller;16/01/2021;00000000538278,05;N;76a990f1f9285706;obs
000837;Maria Ferreira;15/12/2022;00000000490964,37;N;e83ec3a01445587e;obs
000838;Antônio Gonçalves;18/09/2020;548.502,31;N;918b8e184ba4af25;obs
000839;Ângela da Silva;21/02/2025;433.083,54;S;a92dcf4f76f3ba50;obs
000840;Antônio Assunção;05/06/2021;119471.02;N;c942e6e82df721e0;obs
000841;Camões da Silva;19/06/2020;615733.40;N;ab962697c1e1f813;obs
000842;Antônio Assunção;2025-06-02;194079.27;S;fb708dd7bf3d5023;obs
000843;Antônio Ço-Testé;11/10/2023;00000000414119,00;S;2bf6d9150367ee2c;obs
000844;Íris Sá;2022-04-09;None;N;d029733c9e55f98d;obs
000845;Luíza Sá;2023-10-11;91893.38;S;038d5f5a2296d3f6;obs
000846;João Ço-Testé;02/02/2020;219.394,03;N;2528d32da60c2bed;obs
000847;Camões Ço-Testé;2023-07-06;00000000315536,11;N;7957595f25ee2f0f;obs
000848;Ana da Silva;2020-12-06;508609.56;N;dc1b9eb10506536c;obs
000849;José Gonçalves;26/08/2021;350068.06;S;a1628abf1a482803;obs
000850;Camões Ço-Testé;20221012;00000000304900,70;S;665173fa7ccc9258;obs
000851;Ângela Müller;24/01/2024;243171.62;S;04de78f8873f3f03;obs
000852;Luíza Müller;10/05/2020;00000000122622,60;N;f05ff9c39f690cde;obs
000853;Íris Sá;12/06/2022;492.035,24;N;3b6b1c0d702805af;obs
000854;José Müller;04/02/2025;None;S;4b1bdf3be217a6df;obs
000855;Camões Ço-Testé;11/04/2025;838604.60;S;350b9f519f310fff;obs
000856;João Sá;15/09/2022;516.095,77;S;6a7df379cb21aa80;obs
000857;Antônio Gonçalves;04/03/2021;None;N;289a5e38ad4b24ec;obs
000858;Ângela da Silva;10/07/2024;00000000237702,79;S;395e54f08fde042a;obs
000859;Antônio Assunção;26/05/2024;280.485,71;S;b0acb9bada78f4c5;obs
000860;João Sá;2020-04-13;00000000882479,58;S;1b1bba94f9834d4b;obs
000861;João Ço-Testé;25/02/2023;123.795,80;S;5c94563ae9365d1b;obs
000862;Antônio Sá;20220623;00000000161791,12;N;d1b4856255a8d6a1;obs
000863;João Ço-Testé;17/02/2021;00000000006908,98;S;cf242413d5b65438;obs
000864;Luíza Assunção;31/10/2022;791.513,91;N;a12301935c532042;obs
000865;Maria Ço-Testé;23/03/2024;840716.17;N;eb035cda69d53317;obs
000866;Íris Ço-Testé;20221123;464.078,03;S;028bffb6c528ac36;obs
000867;João da Silva;23/11/2021;;N;097ef98dc25a6eb3;obs
000868;Ana Sá;20231231;439674.37;N;ae4d8a19e2c2aa24;obs
000869;Antônio Sá;01/03/2024;943.938,35;S;67687c42b3468999;obs
000870;José Müller;20230702;362022.89;N;3281f976c680a2e5;obs
000871;João da Silva;05/01/2023;922617.94;S;fdeebaa1853d8090;obs
000872;Antônio Gonçalves;09/07/2020;793.821,43;S;0723e11e05fef7bc;obs
000873;Antônio Gonçalves;20240831;115807.64;S;5f7b8b00d7720330;obs
000874;Ângela Assunção;10/09/2020;470535.15;N;bca2c581928b1e4b;obs
000875;Íris Assunção;20210428;NaN;S;4c987a1b59afb1d1;obs
000876;Maria Sá;12/02/2022;541.539,41;S;c74f054fd2a5d216;obs
000877;Íris da Silva;20201027;96730.10;S;e37558676cc56071;obs
000878;Íris Gonçalves;02/07/2022;616814.51;N;43816e47df3c5c8a;obs
000879;Íris Sá;;767261.62;N;29b01062d2e55512;obs
000880;Ângela Gonçalves;20220919;538.114,90;S;366fbdddb1c8d50a;obs
000881;Íris da Silva;08/03/2024;00000000630824,15;N;1ef11a271c3efda4;obs
000882;Antônio da Silva;06/12/2022;317.992,47;N;07298d477c659dc9;obs
000883;Maria Ço-Testé;22/04/2023;None;S;d1b22e3c2ede2487;obs
000884;Ana da Silva;26/01/2023;504551.53;N;73cecf7c90d5e87e;obs
000885;Camões Ferreira;20240904;00000000145252,97;N;732e9280c2fd6177;obs
000886;Maria Ço-Testé;30/01/2024;653881.85;N;3b9a3daf6321d753;obs
000887;Luíza Müller;2020-04-03;290849.94;S;2a65bae3ddaf2233;obs
000888;Antônio Müller;14/08/2023;00000000648759,24;S;91fb8925f5112438;obs
000889;José Ço-Testé;01/09/2022;981.658,84;S;04db73f3f65e52fd;obs
000890;José Gonçalves;20240826;88760.56;N;96c1b18366dc3989;obs
000891;Íris Ço-Testé;27/03/2025;00000000025226,53;N;41d6676a61cb78c3;obs
000892;João da Silva;14/01/2023;805.626,32;S;4e8a10cb277b71ea;obs
000893;Maria da Silva;2023-06-12;61.344,91;N;19474d1a63d316c1;obs
000894;Maria Ferreira;02/01/2025;54.399,15;S;c08bd6313d57ee27;obs
000895;José Ferreira;20221107;282.369,14;S;76feacd6517e7f4a;obs
000896;Camões da Silva;18/09/2022;00000000282235,02;S;c3528ba43f0e924b;obs
000897;Maria Assunção;09/03/2023;524.742,81;S;f7c90c89c86aed73;obs
000898;Luíza Müller;20201210;00000000955770,54;N;00419afc0ab2e2ca;obs
000899;Antônio Sá;13/06/2025;286.579,61;N;ae1455f4d6e8aad3;obs
000900;Luíza Ço-Testé;18/07/2023;47695.36;S;88ba135ebd3b17eb;obs
000901;João Assunção;02/07/2020;760.295,17;N;6e951719e0d6e969;
000902;Ângela Ço-Testé;2021-10-13;NaN;N;3ef527fe45e4307a;obs
000903;Luíza Gonçalves;2022-07-30;140.222,88;S;79fdcd339bd972ca;obs
000904;Ana Sá;21/12/2020;512730.90;N;14c62aba89c2fba5;obs
000905;Ângela da Silva;20250101;129411.86;N;d0126e91f8d78cbc;obs
000906;Luíza Ferreira;20201228;130825.01;N;efadf0695ed7d1a6;obs
000907;Íris da Silva;20210329;966157.87;N;17080bbd3106e8ce;obs
000908;Antônio Ço-Testé;10/01/2024;None;N;b43c7851e78dcf32;obs
000909;José da Silva;;00000000912174,14;N;8015575691b0af07;obs
000910;Maria Müller;31/01/2021;00000000632263,87;S;9691f45d10bb794e;obs
000911;João Gonçalves;2021-06-15;764306.66;N;d900b745311d2ed4;obs
000912;Ângela Müller;01/06/2021;983450.00;N;ac504475a4165dd1;obs
000913;Luíza Ferreira;;543.472,87;N;5c896b2a7eddfc17;obs
000914;Ana Sá;04/04/2021;None;S;31d1d6cb6450dd3c;obs
000915;João Müller;12/07/2024;444408.88;S;3ffef652eac032fa;obs
000916;Maria Assunção;28/09/2021;00000000503282,03;N;062667fccedcf5bf;obs
000917;Luíza Ço-Testé;27/05/2021;00000000872958,43;S;55660d8ed25697ad;obs
000918;José da Silva;07/05/2024;00000000655726,12;N;1ff49f0a94350cb1;obs
000919;Ana da Silva;11/02/2022;820665.08;S;eb4b2c0c0fdf60d5;obs
000920;Ana Assunção;04/06/2023;58.501,86;S;d994f7ba4b7faa4c;obs
000921;Camões da Silva;20230618;825.728,76;S;6248953e7412c272;obs
000922;Camões Müller;22/06/2023;820961.86;S;84681060743e5fef;obs
000923;José da Silva;29/07/2020;827764.75;S;92be07c4e784cabe;obs
000924;Ângela Assunção;28/12/2021;194955.56;S;cc09de64233e84ac;obs
000925;Ana Gonçalves;30/09/2021;00000000791019,83;N;956b212f4faa0851;obs
000926;Maria Gonçalves;19/08/2022;8.475,47;S;3cc56af30eac5e90;obs
000927;Ângela Ço-Testé;21/04/2020;671.671,25;S;1182e8e7c9070c97;obs
000928;José Sá;01/09/2022;None;N;4cb4a7f69db8ef7e;obs
000929;Luíza Gonçalves;02/08/2020;520022.05;S;00f24a96eb821435;obs
000930;José Ferreira;01/07/2023;00000000998862,98;N;bd75f95ccea95510;obs
000931;José Ferreira;20210112;77.313,01;N;8e0044e207af3b8a;obs
000932;Maria Assunção;20/06/2022;00000000377393,97;S;07997940f9adde7d;obs
000933;José Assunção;22/12/2020;356.325,22;S;322c3dae2db4e428;obs
000934;Maria Ço-Testé;2021-06-20;143.911,86;N;c993f819a7a581e8;obs
000935;Luíza Gonçalves;16/09/2021;693.014,47;S;86e4abacf0effa1e;obs
000936;Camões Sá;13/05/2020;833512.16;S;8855817d31120678;obs
000937;Luíza Assunção;12/05/2023;00000000800150,05;S;8914741cdabc47ce;obs
000938;Maria Assunção;21/05/2021;892866.16;N;ba303cce359097e0;obs
000939;Íris Ço-Testé;20/09/2023;787.804,49;N;84d621487fa372cd;obs
000940;Maria Assunção;30/12/2023;518828.91;N;94c8a69d44b1a1ee;obs
000941;Ana Gonçalves;2021-03-25;00000000415132,30;S;6cce4c234e55f3fe;obs
000942;Maria Ço-Testé;05/02/2022;88.110,96;N;84d16f5e71cb19b3;obs
000943;José Müller;25/03/2020;00000000473067,54;N;68b1211a6eb8b0e2;obs
000944;Íris Assunção;13/07/2021;278.528,29;S;e6c71f155bed83be;obs
000945;Antônio Ço-Testé;24/10/2022;00000000971617,35;S;1e5bc68b193156f5;obs
000946;Luíza da Silva;23/01/2023;262.169,42;N;d0c8da67bec62bbe;obs
000947;José Sá;;NaN;N;c523b4e9022f46bb;obs
000948;Antônio Ço-Testé;20211210;00000000861785,51;S;a772829078d540ef;obs
000949;Maria Ço-Testé;25/03/2022;497485.26;S;9645dec1840d214b;obs
000950;Íris Sá;25/07/2024;886888.40;S;c5274f356dc56044;obs
000951;José Ferreira;2022-07-10;605.562,17;S;f17fa5c04e39f65a;obs
000952;Íris Ço-Testé;20230911;446.400,53;N;c7552c99c34995ff;obs
000953;Antônio Assunção;17/04/2023;161157.17;N;a13d26009174f53b;obs
000954;Camões Ferreira;2021-02-22;197.488,49;N;542ef29e1bcfb92f;obs
000955;Íris Sá;06/01/2025;579.765,86;S;d393daad0835075f;obs
000956;Íris da Silva;17/01/2021;;S;a8d992924a85e443;obs
000957;João Ferreira;27/04/2020;901.469,41;N;283379b8641f79aa;obs
000958;Maria Müller;06/05/2022;136.244,26;S;6ea4b4054f4c3f0b;obs
000959;Maria Müller;2023-03-23;00000000751590,64;N;33a2ca5f46834cc5;obs
000960;Maria Ferreira;20200511;00000000551401,31;N;91b8ff07e9099654;obs
000961;Íris Ferreira;25/03/2023;923.790,82;N;b347f1d458c6b1c6;obs
000962;Camões Müller;20240813;188.302,31;N;627967a3753439c0;obs
000963;João Ferreira;2023-12-01;287.076,20;N;ea92659baaaa077f;obs
000964;José Ferreira;;00000000080252,47;S;c43be7af8120053d;obs
000965;Camões Ferreira;03/12/2020;00000000028016,59;S;b1c9d0dca38cc35f;obs
000966;Camões Assunção;07/03/2024;11.259,04;N;b5878d331d5bd8b0;obs
000967;Luíza Sá;13/03/2024;00000000575070,10;S;f334685db6ad478c;obs
000968;Maria Ferreira;07/08/2024;636.474,02;S;4b4d10792d5f60d9;obs
000969;Ângela Sá;11/03/2022;710288.01;N;70cef646274b8b98;obs
000970;Maria Gonçalves;03/01/2024;463532.27;S;a2819fced624f055;obs
000971;João Ferreira;14/11/2023;51.029,00;N;33a51ac6c461994d;obs
000972;Luíza Gonçalves;13/02/2021;00000000353493,01;S;ab404598ae11d3c2;obs
000973;José da Silva;20240620;175162.92;S;833334f66a6a0149;obs
000974;Luíza Assunção;25/02/2023;00000000414255,69;N;3b7f19981eed0236;obs
000975;João Assunção;24/10/2021;00000000012564,40;N;757256f63677f5b4;obs
000976;João Sá;27/07/2024;00000000070602,05;S;4d315923693da46c;obs
000977;Íris da Silva;30/12/2023;None;S;5308e1f29990e4a9;obs
000978;Maria Assunção;25/12/2020;892920.40;N;55c974a411489054;obs
000979;Íris Ferreira;12/11/2022;738.858,75;S;056e3d783b8c0f84;obs
000980;João Assunção;20210429;83247.79;S;5fe0c7c32336d60b;obs
000981;Antônio Gonçalves;06/11/2020;00000000968265,30;N;e098d2e3bd3fdb62;obs
000982;Maria Assunção;12/10/2021;830242.66;N;d00dcc4fa5e65ec4;obs
000983;Ana Gonçalves;20240930;565.510,26;S;eaecf4e0e81909ce;obs
000984;José Müller;22/11/2024;660.375,56;S;deaf9631108abb5c;obs
000985;João Gonçalves;16/04/2020;131.661,26;S;97b6a4612c7604c1;obs
000986;José Gonçalves;05/11/2022;172133.39;S;6c8c5d0e3eb366fd;obs
000987;José Assunção;07/08/2021;None;S;f8f960bdf37599aa;obs
000988;Camões Ferreira;09/12/2020;00000000770628,78;N;27e7a6bdc2a49fd8;obs
000989;Ana Ço-Testé;20/02/2022;624.095,38;S;ba059e688d87b7be;obs
000990;Antônio Ferreira;07/08/2022;635.464,71;N;554ed52c126aa315;obs
000991;Íris Gonçalves;2020-11-12;765.848,64;N;6790eee07dcfe924;obs
000992;Camões Sá;03/02/2022;74.695,75;N;09f08f24e28f5537;obs
000993;Camões Müller;28/11/2020;00000000808736,32;N;b589717e8275b18a;obs
000994;Luíza Sá;28/04/2020;;N;ebe55cc408d57cf7;obs
000995;Ana Sá;25/09/2023;990.134,58;S;3f56938141190559;obs
000996;Maria da Silva;20200827;00000000416984,49;S;e8f26d6384bed7ed;obs
000997;Camões Gonçalves;26/08/2024;559103.64;N;4ed7b3f3960952eb;obs
000998;João da Silva;26/07/2023;282090.18;S;bf8ff33eee1595cf;obs
000999;Antônio da Silva;20201210;811.330,08;N;6ab62dbf8663e8bb;obs
001000;Camões Gonçalves;27/12/2020;510103.25;S;f2cfcd6380ab4b7f;obs
