apf,situacao_anterior,fase_corrigida,dt_movimento,dt_correcao,arquivo_origem
63512005,EM ANDAMENTO,Projeto,2026-03-31,2026-04-30,CORREÇÃO_FASE_PROJETO.xlsx
63512337,EM ANDAMENTO,Projeto,2026-03-31,2026-04-30,CORREÇÃO_FASE_PROJETO.xlsx
63512557,EM ANDAMENTO,Projeto,2026-03-31,2026-04-30,CORREÇÃO_FASE_PROJETO.xlsx
63512661,EM ANDAMENTO,Projeto,2026-03-31,2026-04-30,CORREÇÃO_FASE_PROJETO.xlsx
63512889,EM ANDAMENTO,Projeto,2026-03-31,2026-04-30,CORREÇÃO_FASE_PROJETO.xlsx
63512993,EM ANDAMENTO,Projeto,2026-03-31,2026-04-30,CORREÇÃO_FASE_PROJETO.xlsx
63513353,EM ANDAMENTO,Projeto,2026-03-31,2026-04-30,CORREÇÃO_FASE_PROJETO.xlsx
63513467,EM ANDAMENTO,Projeto,2026-03-31,2026-04-30,CORREÇÃO_FASE_PROJETO.xlsx
63513572,EM ANDAMENTO,Projeto,2026-03-31,2026-04-30,CORREÇÃO_FASE_PROJETO.xlsx
63513686,EM ANDAMENTO,Projeto,2026-03-31,2026-04-30,CORREÇÃO_FASE_PROJETO.xlsx
63513803,EM ANDAMENTO,Projeto,2026-03-31,2026-04-30,CORREÇÃO_FASE_PROJETO.xlsx
63513917,EM ANDAMENTO,Projeto,2026-03-31,2026-04-30,CORREÇÃO_FASE_PROJETO.xlsx
63514045,EM ANDAMENTO,Projeto,2026-03-31,2026-04-30,CORREÇÃO_FASE_PROJETO.xlsx
63514150,EM ANDAMENTO,Projeto,2026-03-31,2026-04-30,CORREÇÃO_FASE_PROJETO.xlsx
63514264,EM ANDAMENTO,Projeto,2026-03-31,2026-04-30,CORREÇÃO_FASE_PROJETO.xlsx
63514378,EM ANDAMENTO,Projeto,2026-03-31,2026-04-30,CORREÇÃO_FASE_PROJETO.xlsx
63514482,EM ANDAMENTO,Projeto,2026-03-31,2026-04-30,CORREÇÃO_FASE_PROJETO.xlsx
63514597,EM ANDAMENTO,Projeto,2026-03-31,2026-04-30,CORREÇÃO_FASE_PROJETO.xlsx
63514600,EM ANDAMENTO,Projeto,2026-03-31,2026-04-30,CORREÇÃO_FASE_PROJETO.xlsx
63514714,EM ANDAMENTO,Projeto,2026-03-31,2026-04-30,CORREÇÃO_FASE_PROJETO.xlsx
63514828,EM ANDAMENTO,Projeto,2026-03-31,2026-04-30,CORREÇÃO_FASE_PROJETO.xlsx
63514932,EM ANDAMENTO,Projeto,2026-03-31,2026-04-30,CORREÇÃO_FASE_PROJETO.xlsx
63515073,EM ANDAMENTO,Projeto,2026-03-31,2026-04-30,CORREÇÃO_FASE_PROJETO.xlsx
63515187,EM ANDAMENTO,Projeto,2026-03-31,2026-04-30,CORREÇÃO_FASE_PROJETO.xlsx
63515291,EM ANDAMENTO,Projeto,2026-03-31,2026-04-30,CORREÇÃO_FASE_PROJETO.xlsx
63515304,EM ANDAMENTO,Projeto,2026-03-31,2026-04-30,CORREÇÃO_FASE_PROJETO.xlsx
63515418,EM ANDAMENTO,Projeto,2026-03-31,2026-04-30,CORREÇÃO_FASE_PROJETO.xlsx
63515637,EM ANDAMENTO,Projeto,2026-03-31,2026-04-30,CORREÇÃO_FASE_PROJETO.xlsx
63515741,EM ANDAMENTO,Projeto,2026-03-31,2026-04-30,CORREÇÃO_FASE_PROJETO.xlsx
63515856,EM ANDAMENTO,Projeto,2026-03-31,2026-04-30,CORREÇÃO_FASE_PROJETO.xlsx
63516101,EM ANDAMENTO,Projeto,2026-03-31,2026-04-30,CORREÇÃO_FASE_PROJETO.xlsx
63516215,EM ANDAMENTO,Projeto,2026-03-31,2026-04-30,CORREÇÃO_FASE_PROJETO.xlsx
63516329,EM ANDAMENTO,Projeto,2026-03-31,2026-04-30,CORREÇÃO_FASE_PROJETO.xlsx
63516433,EM ANDAMENTO,Projeto,2026-03-31,2026-04-30,CORREÇÃO_FASE_PROJETO.xlsx
63516653,EM ANDAMENTO,Projeto,2026-03-31,2026-04-30,CORREÇÃO_FASE_PROJETO.xlsx
63516767,EM ANDAMENTO,Projeto,2026-03-31,2026-04-30,CORREÇÃO_FASE_PROJETO.xlsx
63516871,EM ANDAMENTO,Projeto,2026-03-31,2026-04-30,CORREÇÃO_FASE_PROJETO.xlsx
63516985,EM ANDAMENTO,Projeto,2026-03-31,2026-04-30,CORREÇÃO_FASE_PROJETO.xlsx
63517344,EM ANDAMENTO,Projeto,2026-03-31,2026-04-30,CORREÇÃO_FASE_PROJETO.xlsx
63517459,EM ANDAMENTO,Projeto,2026-03-31,2026-04-30,CORREÇÃO_FASE_PROJETO.xlsx
63517896,EM ANDAMENTO,Projeto,2026-03-31,2026-04-30,CORREÇÃO_FASE_PROJETO.xlsx
63517909,EM ANDAMENTO,Projeto,2026-03-31,2026-04-30,CORREÇÃO_FASE_PROJETO.xlsx
63518589,EM ANDAMENTO,Projeto,2026-03-31,2026-04-30,CORREÇÃO_FASE_PROJETO.xlsx
63518693,EM ANDAMENTO,Projeto,2026-03-31,2026-04-30,CORREÇÃO_FASE_PROJETO.xlsx
63519835,EM ANDAMENTO,Projeto,2026-03-31,2026-04-30,CORREÇÃO_FASE_PROJETO.xlsx
63520748,EM ANDAMENTO,Projeto,2026-03-31,2026-04-30,CORREÇÃO_FASE_PROJETO.xlsx
63521095,EM ANDAMENTO,Projeto,2026-03-31,2026-04-30,CORREÇÃO_FASE_PROJETO.xlsx
63521108,EM ANDAMENTO,Projeto,2026-03-31,2026-04-30,CORREÇÃO_FASE_PROJETO.xlsx
63521545,EM ANDAMENTO,Projeto,2026-03-31,2026-04-30,CORREÇÃO_FASE_PROJETO.xlsx
63521764,EM ANDAMENTO,Projeto,2026-03-31,2026-04-30,CORREÇÃO_FASE_PROJETO.xlsx
63521878,EM ANDAMENTO,Projeto,2026-03-31,2026-04-30,CORREÇÃO_FASE_PROJETO.xlsx
63522019,EM ANDAMENTO,Projeto,2026-03-31,2026-04-30,CORREÇÃO_FASE_PROJETO.xlsx
63522123,EM ANDAMENTO,Projeto,2026-03-31,2026-04-30,CORREÇÃO_FASE_PROJETO.xlsx
63522561,EM ANDAMENTO,Projeto,2026-03-31,2026-04-30,CORREÇÃO_FASE_PROJETO.xlsx
63522789,EM ANDAMENTO,Projeto,2026-03-31,2026-04-30,CORREÇÃO_FASE_PROJETO.xlsx
63522893,EM ANDAMENTO,Projeto,2026-03-31,2026-04-30,CORREÇÃO_FASE_PROJETO.xlsx
63522906,EM ANDAMENTO,Projeto,2026-03-31,2026-04-30,CORREÇÃO_FASE_PROJETO.xlsx
63523148,EM ANDAMENTO,Projeto,2026-03-31,2026-04-30,CORREÇÃO_FASE_PROJETO.xlsx
63523253,EM ANDAMENTO,Projeto,2026-03-31,2026-04-30,CORREÇÃO_FASE_PROJETO.xlsx
63523367,EM ANDAMENTO,Projeto,2026-03-31,2026-04-30,CORREÇÃO_FASE_PROJETO.xlsx
63523471,EM ANDAMENTO,Projeto,2026-03-31,2026-04-30,CORREÇÃO_FASE_PROJETO.xlsx
63523586,EM ANDAMENTO,Projeto,2026-03-31,2026-04-30,CORREÇÃO_FASE_PROJETO.xlsx
63523703,EM ANDAMENTO,Projeto,2026-03-31,2026-04-30,CORREÇÃO_FASE_PROJETO.xlsx
63523817,EM ANDAMENTO,Projeto,2026-03-31,2026-04-30,CORREÇÃO_FASE_PROJETO.xlsx
63523921,EM ANDAMENTO,Projeto,2026-03-31,2026-04-30,CORREÇÃO_FASE_PROJETO.xlsx
63524050,EM ANDAMENTO,Projeto,2026-03-31,2026-04-30,CORREÇÃO_FASE_PROJETO.xlsx
63524164,EM ANDAMENTO,Projeto,2026-03-31,2026-04-30,CORREÇÃO_FASE_PROJETO.xlsx
63524278,EM ANDAMENTO,Projeto,2026-03-31,2026-04-30,CORREÇÃO_FASE_PROJETO.xlsx
63524382,EM ANDAMENTO,Projeto,2026-03-31,2026-04-30,CORREÇÃO_FASE_PROJETO.xlsx
63524496,EM ANDAMENTO,Projeto,2026-03-31,2026-04-30,CORREÇÃO_FASE_PROJETO.xlsx
63524500,EM ANDAMENTO,Projeto,2026-03-31,2026-04-30,CORREÇÃO_FASE_PROJETO.xlsx
63524614,EM ANDAMENTO,Projeto,2026-03-31,2026-04-30,CORREÇÃO_FASE_PROJETO.xlsx
63526229,EM ANDAMENTO,Projeto,2026-03-31,2026-04-30,CORREÇÃO_FASE_PROJETO.xlsx
63526667,EM ANDAMENTO,Projeto,2026-03-31,2026-04-30,CORREÇÃO_FASE_PROJETO.xlsx
63526771,EM ANDAMENTO,Projeto,2026-03-31,2026-04-30,CORREÇÃO_FASE_PROJETO.xlsx
63527130,EM ANDAMENTO,Projeto,2026-03-31,2026-04-30,CORREÇÃO_FASE_PROJETO.xlsx
63527359,EM ANDAMENTO,Projeto,2026-03-31,2026-04-30,CORREÇÃO_FASE_PROJETO.xlsx
63527578,EM ANDAMENTO,Projeto,2026-03-31,2026-04-30,CORREÇÃO_FASE_PROJETO.xlsx
63527682,EM ANDAMENTO,Projeto,2026-03-31,2026-04-30,CORREÇÃO_FASE_PROJETO.xlsx
63527796,EM ANDAMENTO,Projeto,2026-03-31,2026-04-30,CORREÇÃO_FASE_PROJETO.xlsx
63527809,EM ANDAMENTO,Projeto,2026-03-31,2026-04-30,CORREÇÃO_FASE_PROJETO.xlsx
63527913,EM ANDAMENTO,Projeto,2026-03-31,2026-04-30,CORREÇÃO_FASE_PROJETO.xlsx
63529399,EM ANDAMENTO,Projeto,2026-03-31,2026-04-30,CORREÇÃO_FASE_PROJETO.xlsx
63530198,EM ANDAMENTO,Projeto,2026-03-31,2026-04-30,CORREÇÃO_FASE_PROJETO.xlsx
63530753,EM ANDAMENTO,Projeto,2026-03-31,2026-04-30,CORREÇÃO_FASE_PROJETO.xlsx
63530867,EM ANDAMENTO,Projeto,2026-03-31,2026-04-30,CORREÇÃO_FASE_PROJETO.xlsx
63530971,EM ANDAMENTO,Projeto,2026-03-31,2026-04-30,CORREÇÃO_FASE_PROJETO.xlsx
63531112,EM ANDAMENTO,Projeto,2026-03-31,2026-04-30,CORREÇÃO_FASE_PROJETO.xlsx
63531444,EM ANDAMENTO,Projeto,2026-03-31,2026-04-30,CORREÇÃO_FASE_PROJETO.xlsx
63531778,EM ANDAMENTO,Projeto,2026-03-31,2026-04-30,CORREÇÃO_FASE_PROJETO.xlsx
63532137,EM ANDAMENTO,Projeto,2026-03-31,2026-04-30,CORREÇÃO_FASE_PROJETO.xlsx
63532241,EM ANDAMENTO,Projeto,2026-03-31,2026-04-30,CORREÇÃO_FASE_PROJETO.xlsx
63532356,EM ANDAMENTO,Projeto,2026-03-31,2026-04-30,CORREÇÃO_FASE_PROJETO.xlsx
63532460,EM ANDAMENTO,Projeto,2026-03-31,2026-04-30,CORREÇÃO_FASE_PROJETO.xlsx
63532689,EM ANDAMENTO,Projeto,2026-03-31,2026-04-30,CORREÇÃO_FASE_PROJETO.xlsx
63532793,EM ANDAMENTO,Projeto,2026-03-31,2026-04-30,CORREÇÃO_FASE_PROJETO.xlsx
63534732,EM ANDAMENTO,Projeto,2026-03-31,2026-04-30,CORREÇÃO_FASE_PROJETO.xlsx
63535322,EM ANDAMENTO,Projeto,2026-03-31,2026-04-30,CORREÇÃO_FASE_PROJETO.xlsx
63535760,EM ANDAMENTO,Projeto,2026-03-31,2026-04-30,CORREÇÃO_FASE_PROJETO.xlsx
63536015,EM ANDAMENTO,Projeto,2026-03-31,2026-04-30,CORREÇÃO_FASE_PROJETO.xlsx
63536902,EM ANDAMENTO,Projeto,2026-03-31,2026-04-30,CORREÇÃO_FASE_PROJETO.xlsx
63537030,EM ANDAMENTO,Projeto,2026-03-31,2026-04-30,CORREÇÃO_FASE_PROJETO.xlsx
63537144,EM ANDAMENTO,Projeto,2026-03-31,2026-04-30,CORREÇÃO_FASE_PROJETO.xlsx
63537259,EM ANDAMENTO,Projeto,2026-03-31,2026-04-30,CORREÇÃO_FASE_PROJETO.xlsx
63537927,EM ANDAMENTO,Projeto,2026-03-31,2026-04-30,CORREÇÃO_FASE_PROJETO.xlsx
63538610,EM ANDAMENTO,Projeto,2026-03-31,2026-04-30,CORREÇÃO_FASE_PROJETO.xlsx
63538724,EM ANDAMENTO,Projeto,2026-03-31,2026-04-30,CORREÇÃO_FASE_PROJETO.xlsx
63538838,EM ANDAMENTO,Projeto,2026-03-31,2026-04-30,CORREÇÃO_FASE_PROJETO.xlsx
63539185,EM ANDAMENTO,Projeto,2026-03-31,2026-04-30,CORREÇÃO_FASE_PROJETO.xlsx
63539299,EM ANDAMENTO,Projeto,2026-03-31,2026-04-30,CORREÇÃO_FASE_PROJETO.xlsx
63539302,EM ANDAMENTO,Projeto,2026-03-31,2026-04-30,CORREÇÃO_FASE_PROJETO.xlsx
63539416,EM ANDAMENTO,Projeto,2026-03-31,2026-04-30,CORREÇÃO_FASE_PROJETO.xlsx
63539635,EM ANDAMENTO,Projeto,2026-03-31,2026-04-30,CORREÇÃO_FASE_PROJETO.xlsx
63539749,EM ANDAMENTO,Projeto,2026-03-31,2026-04-30,CORREÇÃO_FASE_PROJETO.xlsx
63539854,EM ANDAMENTO,Projeto,2026-03-31,2026-04-30,CORREÇÃO_FASE_PROJETO.xlsx
63540098,EM ANDAMENTO,Projeto,2026-03-31,2026-04-30,CORREÇÃO_FASE_PROJETO.xlsx
63540101,EM ANDAMENTO,Projeto,2026-03-31,2026-04-30,CORREÇÃO_FASE_PROJETO.xlsx
63540215,EM ANDAMENTO,Projeto,2026-03-31,2026-04-30,CORREÇÃO_FASE_PROJETO.xlsx
63540329,EM ANDAMENTO,Projeto,2026-03-31,2026-04-30,CORREÇÃO_FASE_PROJETO.xlsx
63540433,EM ANDAMENTO,Projeto,2026-03-31,2026-04-30,CORREÇÃO_FASE_PROJETO.xlsx
63540548,EM ANDAMENTO,Projeto,2026-03-31,2026-04-30,CORREÇÃO_FASE_PROJETO.xlsx
63540653,EM ANDAMENTO,Projeto,2026-03-31,2026-04-30,CORREÇÃO_FASE_PROJETO.xlsx
63540767,EM ANDAMENTO,Projeto,2026-03-31,2026-04-30,CORREÇÃO_FASE_PROJETO.xlsx
63540871,EM ANDAMENTO,Projeto,2026-03-31,2026-04-30,CORREÇÃO_FASE_PROJETO.xlsx
63540985,EM ANDAMENTO,Projeto,2026-03-31,2026-04-30,CORREÇÃO_FASE_PROJETO.xlsx
63541012,EM ANDAMENTO,Projeto,2026-03-31,2026-04-30,CORREÇÃO_FASE_PROJETO.xlsx
63541782,EM ANDAMENTO,Projeto,2026-03-31,2026-04-30,CORREÇÃO_FASE_PROJETO.xlsx
63542360,EM ANDAMENTO,Projeto,2026-03-31,2026-04-30,CORREÇÃO_FASE_PROJETO.xlsx
63542474,EM ANDAMENTO,Projeto,2026-03-31,2026-04-30,CORREÇÃO_FASE_PROJETO.xlsx
63542589,EM ANDAMENTO,Projeto,2026-03-31,2026-04-30,CORREÇÃO_FASE_PROJETO.xlsx
63542693,EM ANDAMENTO,Projeto,2026-03-31,2026-04-30,CORREÇÃO_FASE_PROJETO.xlsx
63542706,EM ANDAMENTO,Projeto,2026-03-31,2026-04-30,CORREÇÃO_FASE_PROJETO.xlsx
63542924,EM ANDAMENTO,Projeto,2026-03-31,2026-04-30,CORREÇÃO_FASE_PROJETO.xlsx
63543385,EM ANDAMENTO,Projeto,2026-03-31,2026-04-30,CORREÇÃO_FASE_PROJETO.xlsx
63543499,EM ANDAMENTO,Projeto,2026-03-31,2026-04-30,CORREÇÃO_FASE_PROJETO.xlsx
63543835,EM ANDAMENTO,Projeto,2026-03-31,2026-04-30,CORREÇÃO_FASE_PROJETO.xlsx
63544078,EM ANDAMENTO,Projeto,2026-03-31,2026-04-30,CORREÇÃO_FASE_PROJETO.xlsx
63544746,EM ANDAMENTO,Projeto,2026-03-31,2026-04-30,CORREÇÃO_FASE_PROJETO.xlsx
63544851,EM ANDAMENTO,Projeto,2026-03-31,2026-04-30,CORREÇÃO_FASE_PROJETO.xlsx
63544965,EM ANDAMENTO,Projeto,2026-03-31,2026-04-30,CORREÇÃO_FASE_PROJETO.xlsx
63545222,EM ANDAMENTO,Projeto,2026-03-31,2026-04-30,CORREÇÃO_FASE_PROJETO.xlsx
63545336,EM ANDAMENTO,Projeto,2026-03-31,2026-04-30,CORREÇÃO_FASE_PROJETO.xlsx
63545440,EM ANDAMENTO,Projeto,2026-03-31,2026-04-30,CORREÇÃO_FASE_PROJETO.xlsx
63545556,EM ANDAMENTO,Projeto,2026-03-31,2026-04-30,CORREÇÃO_FASE_PROJETO.xlsx
63546247,EM ANDAMENTO,Projeto,2026-03-31,2026-04-30,CORREÇÃO_FASE_PROJETO.xlsx
63547159,EM ANDAMENTO,Projeto,2026-03-31,2026-04-30,CORREÇÃO_FASE_PROJETO.xlsx
63547263,EM ANDAMENTO,Projeto,2026-03-31,2026-04-30,CORREÇÃO_FASE_PROJETO.xlsx
63547481,EM ANDAMENTO,Projeto,2026-03-31,2026-04-30,CORREÇÃO_FASE_PROJETO.xlsx
63547596,EM ANDAMENTO,Projeto,2026-03-31,2026-04-30,CORREÇÃO_FASE_PROJETO.xlsx
63547609,EM ANDAMENTO,Projeto,2026-03-31,2026-04-30,CORREÇÃO_FASE_PROJETO.xlsx
63794391,EM ANDAMENTO,Projeto,2026-03-31,2026-04-30,CORREÇÃO_FASE_PROJETO.xlsx
63794404,EM ANDAMENTO,Projeto,2026-03-31,2026-04-30,CORREÇÃO_FASE_PROJETO.xlsx
63794519,EM ANDAMENTO,Projeto,2026-03-31,2026-04-30,CORREÇÃO_FASE_PROJETO.xlsx
63794623,EM ANDAMENTO,Projeto,2026-03-31,2026-04-30,CORREÇÃO_FASE_PROJETO.xlsx
63794737,EM ANDAMENTO,Projeto,2026-03-31,2026-04-30,CORREÇÃO_FASE_PROJETO.xlsx
63794841,EM ANDAMENTO,Projeto,2026-03-31,2026-04-30,CORREÇÃO_FASE_PROJETO.xlsx
63794956,EM ANDAMENTO,Projeto,2026-03-31,2026-04-30,CORREÇÃO_FASE_PROJETO.xlsx
63795213,EM ANDAMENTO,Projeto,2026-03-31,2026-04-30,CORREÇÃO_FASE_PROJETO.xlsx
63795327,EM ANDAMENTO,Projeto,2026-03-31,2026-04-30,CORREÇÃO_FASE_PROJETO.xlsx
63795431,EM ANDAMENTO,Projeto,2026-03-31,2026-04-30,CORREÇÃO_FASE_PROJETO.xlsx
63795546,EM ANDAMENTO,Projeto,2026-03-31,2026-04-30,CORREÇÃO_FASE_PROJETO.xlsx
63795651,EM ANDAMENTO,Projeto,2026-03-31,2026-04-30,CORREÇÃO_FASE_PROJETO.xlsx
63796010,EM ANDAMENTO,Projeto,2026-03-31,2026-04-30,CORREÇÃO_FASE_PROJETO.xlsx
63796907,EM ANDAMENTO,Projeto,2026-03-31,2026-04-30,CORREÇÃO_FASE_PROJETO.xlsx
63797035,EM ANDAMENTO,Projeto,2026-03-31,2026-04-30,CORREÇÃO_FASE_PROJETO.xlsx
63797149,EM ANDAMENTO,Projeto,2026-03-31,2026-04-30,CORREÇÃO_FASE_PROJETO.xlsx
63797472,EM ANDAMENTO,Projeto,2026-03-31,2026-04-30,CORREÇÃO_FASE_PROJETO.xlsx
63797587,EM ANDAMENTO,Projeto,2026-03-31,2026-04-30,CORREÇÃO_FASE_PROJETO.xlsx
63797691,EM ANDAMENTO,Projeto,2026-03-31,2026-04-30,CORREÇÃO_FASE_PROJETO.xlsx
63798497,EM ANDAMENTO,Projeto,2026-03-31,2026-04-30,CORREÇÃO_FASE_PROJETO.xlsx
63798947,EM ANDAMENTO,Projeto,2026-03-31,2026-04-30,CORREÇÃO_FASE_PROJETO.xlsx
63799076,EM ANDAMENTO,Projeto,2026-03-31,2026-04-30,CORREÇÃO_FASE_PROJETO.xlsx
63799630,EM ANDAMENTO,Projeto,2026-03-31,2026-04-30,CORREÇÃO_FASE_PROJETO.xlsx
63811828,EM ANDAMENTO,Projeto,2026-03-31,2026-04-30,CORREÇÃO_FASE_PROJETO.xlsx
63870973,EM ANDAMENTO,Projeto,2026-03-31,2026-04-30,CORREÇÃO_FASE_PROJETO.xlsx
64203722,EM ANDAMENTO,Projeto,2026-03-31,2026-04-30,CORREÇÃO_FASE_PROJETO.xlsx
