source_key,source_table,parquet_name,rows,status,error,written_at
_001_2011_08_agosto_previs_o_de_conclus_o_e_entrega_far_modelo.csv,001_2011_08_agosto_previsão_de_conclusão_e_entrega_far_modelo,001_2011_08_agosto_previsão_de_conclusão_e_entrega_far_modelo.parquet,69,success,,2026-08-31T08:19:46.252764+00:00
bb_2013_06_junho_pmcmv_18062013_tab_andamento_obras.csv,bb_2013_06_junho_pmcmv_18062013_tab_andamento_obras,bb_2013_06_junho_pmcmv_18062013_tab_andamento_obras.parquet,1022,success,,2026-08-31T08:19:46.435718+00:00
caixa_001_2015_01_janeiro_bases_relat_rio_executivo_31012015.csv,caixa_001_2015_01_janeiro_bases_relatório_executivo_31012015,caixa_001_2015_01_janeiro_bases_relatório_executivo_31012015.parquet,36597,success,,2026-08-31T08:20:27.328688+00:00
_001_2012_01_janeiro_pmcmv_relatorio_executivo_31012012_base_bd.csv,_001_2012_01_janeiro_pmcmv_relatorio_executivo_31012012_base_bd,_001_2012_01_janeiro_pmcmv_relatorio_executivo_31012012_base_bd.parquet,8208,success,,2026-08-31T08:21:47.642901+00:00
_001_2012_02_fevereiro_base_pmcmv_relatorio_executivo_10_02_201.csv,001_2012_02_fevereiro_base_pmcmv_relatorio_executivo_10_02_2012,001_2012_02_fevereiro_base_pmcmv_relatorio_executivo_10_02_2012.parquet,442,success,,2026-08-31T08:21:47.821876+00:00
_001_2012_04_abril_2012_04_18_5c_base_contrata__o_pf_18042012.csv,_001_2012_04_abril_2012_04_18_5c_base_contratação_pf_18042012,_001_2012_04_abril_2012_04_18_5c_base_contratação_pf_18042012.parquet,33914,success,,2026-08-31T08:22:24.321269+00:00
_001_2012_10_outubro_20121009_bases_relat_rio_executivo_0910201.csv,001_2012_10_outubro_20121009_bases_relatório_executivo_0910201,001_2012_10_outubro_20121009_bases_relatório_executivo_0910201.parquet,18244,success,,2026-08-31T08:24:13.791098+00:00
_001_2012_10_outubro_20121009_bases_relat_rio_executivo_1610201.csv,001_2012_10_outubro_20121009_bases_relatório_executivo_1610201,001_2012_10_outubro_20121009_bases_relatório_executivo_1610201.parquet,18352,success,,2026-08-31T08:25:29.873289+00:00
_001_2012_11_novembro_sintese_20121128_evento_1_milhao_entregas.csv,_001_2012_11_novembro_sintese_20121128_evento_1_milhao_entregas,_001_2012_11_novembro_sintese_20121128_evento_1_milhao_entregas.parquet,44,success,,2026-08-31T08:25:31.964612+00:00
_011_12_dezembro_pmcmv_relatorio_executivo_31122011_base___c_pi.csv,011_12_dezembro_pmcmv_relatorio_executivo_31122011_base___cópi,011_12_dezembro_pmcmv_relatorio_executivo_31122011_base___cópi.parquet,7032,success,,2026-08-31T08:25:47.040337+00:00
_018_int040_ministeriocidades_far_caixa_empreendimentos_2018100.csv,018_int040_ministeriocidades_far_caixa_empreendimentos_20181001,018_int040_ministeriocidades_far_caixa_empreendimentos_20181001.parquet,8224,success,,2026-08-31T08:26:17.135533+00:00
_024_10_snh_pmcmv_dados_prioritarios_da_entrega_da_unidade_af_b.csv,024_10_snh_pmcmv_dados_prioritarios_da_entrega_da_unidade_af_bb,024_10_snh_pmcmv_dados_prioritarios_da_entrega_da_unidade_af_bb.parquet,11724,success,,2026-08-31T08:26:18.481249+00:00
_1_2018_int054_ministeriocidades_far_bb_empreendimentos_2018083.csv,1_2018_int054_ministeriocidades_far_bb_empreendimentos_20180831,1_2018_int054_ministeriocidades_far_bb_empreendimentos_20180831.parquet,404,success,,2026-08-31T08:28:23.312108+00:00
_202402_snh_pmcmv_dados_prioritarios_da_entrega_da_unidade_af_b.csv,202402_snh_pmcmv_dados_prioritarios_da_entrega_da_unidade_af_bb,202402_snh_pmcmv_dados_prioritarios_da_entrega_da_unidade_af_bb.parquet,11818,success,,2026-08-31T08:28:26.647009+00:00
_202406_snh_pmcmv_dados_prioritarios_da_entrega_da_unidade_af_b.csv,202406_snh_pmcmv_dados_prioritarios_da_entrega_da_unidade_af_bb,202406_snh_pmcmv_dados_prioritarios_da_entrega_da_unidade_af_bb.parquet,11654,success,,2026-08-31T08:33:05.788263+00:00
_202407_snh_pmcmv_dados_prioritarios_da_entrega_da_unidade_af_b.csv,202407_snh_pmcmv_dados_prioritarios_da_entrega_da_unidade_af_bb,202407_snh_pmcmv_dados_prioritarios_da_entrega_da_unidade_af_bb.parquet,11666,success,,2026-08-31T08:33:57.493142+00:00
_202408_snh_pmcmv_dados_prioritarios_da_entrega_da_unidade_af_b.csv,202408_snh_pmcmv_dados_prioritarios_da_entrega_da_unidade_af_bb,202408_snh_pmcmv_dados_prioritarios_da_entrega_da_unidade_af_bb.parquet,11676,success,,2026-08-31T08:33:58.100619+00:00
_202409_snh_pmcmv_dados_prioritarios_da_entrega_da_unidade_af_b.csv,202409_snh_pmcmv_dados_prioritarios_da_entrega_da_unidade_af_bb,202409_snh_pmcmv_dados_prioritarios_da_entrega_da_unidade_af_bb.parquet,11702,success,,2026-08-31T08:34:04.247234+00:00
_202411_snh_pmcmv_dados_prioritarios_da_entrega_da_unidade_af_b.csv,202411_snh_pmcmv_dados_prioritarios_da_entrega_da_unidade_af_bb,202411_snh_pmcmv_dados_prioritarios_da_entrega_da_unidade_af_bb.parquet,11740,success,,2026-08-31T08:34:05.192872+00:00
_202412_snh_pmcmv_dados_prioritarios_da_entrega_da_unidade_af_b.csv,202412_snh_pmcmv_dados_prioritarios_da_entrega_da_unidade_af_bb,202412_snh_pmcmv_dados_prioritarios_da_entrega_da_unidade_af_bb.parquet,11762,success,,2026-08-31T08:34:13.680778+00:00
_202501_snh_pmcmv_dados_prioritarios_da_entrega_da_unidade_af_b.csv,202501_snh_pmcmv_dados_prioritarios_da_entrega_da_unidade_af_bb,202501_snh_pmcmv_dados_prioritarios_da_entrega_da_unidade_af_bb.parquet,11790,success,,2026-08-31T08:34:14.643098+00:00
_202503_snh_pmcmv_dados_prioritarios_da_entrega_da_unidade_af_b.csv,202503_snh_pmcmv_dados_prioritarios_da_entrega_da_unidade_af_bb,202503_snh_pmcmv_dados_prioritarios_da_entrega_da_unidade_af_bb.parquet,11836,success,,2026-08-31T08:34:23.220879+00:00
_202504_snh_pmcmv_dados_prioritarios_da_entrega_da_unidade_af_b.csv,202504_snh_pmcmv_dados_prioritarios_da_entrega_da_unidade_af_bb,202504_snh_pmcmv_dados_prioritarios_da_entrega_da_unidade_af_bb.parquet,11850,success,,2026-08-31T08:34:24.202540+00:00
_202505_snh_pmcmv_dados_prioritarios_da_entrega_da_unidade_af_b.csv,202505_snh_pmcmv_dados_prioritarios_da_entrega_da_unidade_af_bb,202505_snh_pmcmv_dados_prioritarios_da_entrega_da_unidade_af_bb.parquet,11856,success,,2026-08-31T08:34:44.936375+00:00
_202506_snh_pmcmv_dados_prioritarios_da_entrega_da_unidade_af_b.csv,202506_snh_pmcmv_dados_prioritarios_da_entrega_da_unidade_af_bb,202506_snh_pmcmv_dados_prioritarios_da_entrega_da_unidade_af_bb.parquet,11860,success,,2026-08-31T08:36:54.704101+00:00
_202507_snh_pmcmv_dados_prioritarios_da_entrega_da_unidade_af_b.csv,202507_snh_pmcmv_dados_prioritarios_da_entrega_da_unidade_af_bb,202507_snh_pmcmv_dados_prioritarios_da_entrega_da_unidade_af_bb.parquet,11868,success,,2026-08-31T08:36:55.464283+00:00
_202508_snh_pmcmv_dados_prioritarios_da_entrega_da_unidade_af_b.csv,202508_snh_pmcmv_dados_prioritarios_da_entrega_da_unidade_af_bb,202508_snh_pmcmv_dados_prioritarios_da_entrega_da_unidade_af_bb.parquet,11870,success,,2026-08-31T08:36:56.174896+00:00
_202509_snh_pmcmv_dados_prioritarios_da_entrega_da_unidade_af_b.csv,202509_snh_pmcmv_dados_prioritarios_da_entrega_da_unidade_af_bb,202509_snh_pmcmv_dados_prioritarios_da_entrega_da_unidade_af_bb.parquet,11878,success,,2026-08-31T08:40:57.399396+00:00
_202510_snh_pmcmv_dados_prioritarios_da_entrega_da_unidade_af_b.csv,202510_snh_pmcmv_dados_prioritarios_da_entrega_da_unidade_af_bb,202510_snh_pmcmv_dados_prioritarios_da_entrega_da_unidade_af_bb.parquet,11882,success,,2026-08-31T08:45:11.169704+00:00
_202511_snh_pmcmv_dados_prioritarios_da_entrega_da_unidade_af_b.csv,202511_snh_pmcmv_dados_prioritarios_da_entrega_da_unidade_af_bb,202511_snh_pmcmv_dados_prioritarios_da_entrega_da_unidade_af_bb.parquet,11884,success,,2026-08-31T08:45:59.685629+00:00
_202602_snh_pmcmv_dados_prioritarios_da_entrega_da_unidade_af_b.csv,202602_snh_pmcmv_dados_prioritarios_da_entrega_da_unidade_af_bb,202602_snh_pmcmv_dados_prioritarios_da_entrega_da_unidade_af_bb.parquet,11898,success,,2026-08-31T08:46:02.287134+00:00
_202603_snh_pmcmv_dados_prioritarios_da_entrega_da_unidade_af_b.csv,202603_snh_pmcmv_dados_prioritarios_da_entrega_da_unidade_af_bb,202603_snh_pmcmv_dados_prioritarios_da_entrega_da_unidade_af_bb.parquet,11906,success,,2026-08-31T08:46:24.004588+00:00
a_001_2010_09___setembro_2010_contrata__o_pf_total___06092010.csv,a_001_2010_09___setembro_2010_contratação_pf_total___06092010,a_001_2010_09___setembro_2010_contratação_pf_total___06092010.parquet,19928,success,,2026-08-31T08:46:40.409445+00:00
aixa_001_2013_02___fevereiro_bases_relat_rio_executivo_1502201.csv,aixa_001_2013_02___fevereiro_bases_relatório_executivo_1502201,aixa_001_2013_02___fevereiro_bases_relatório_executivo_1502201.parquet,21596,success,,2026-08-31T08:47:04.933636+00:00
aixa_001_2013_02___fevereiro_bases_relat_rio_executivo_2802201.csv,aixa_001_2013_02___fevereiro_bases_relatório_executivo_2802201,aixa_001_2013_02___fevereiro_bases_relatório_executivo_2802201.parquet,21896,success,,2026-08-31T08:48:11.167770+00:00
aixa_001_2014_12_dezembro_bases_relat_rio_executivo_31122014_v.csv,aixa_001_2014_12_dezembro_bases_relatório_executivo_31122014_v,aixa_001_2014_12_dezembro_bases_relatório_executivo_31122014_v.parquet,36202,success,,2026-08-31T08:49:40.230040+00:00
bb_2011_01_janeiro_rel_11jan2011.csv,bb_2011_01_janeiro_rel_11jan2011,bb_2011_01_janeiro_rel_11jan2011.parquet,308,success,,2026-08-31T08:53:51.718135+00:00
bb_2011_02_fevereiro_dados_22022011.csv,bb_2011_02_fevereiro_dados_22022011,bb_2011_02_fevereiro_dados_22022011.parquet,12,success,,2026-08-31T08:53:51.967827+00:00
atorio_executivo_30092012_v3_bases_relat_rio_executivo_3009201.csv,atorio_executivo_30092012_v3_bases_relatório_executivo_3009201,atorio_executivo_30092012_v3_bases_relatório_executivo_3009201.parquet,18122,success,,2026-08-31T08:55:19.019251+00:00
b_2012_04_abril_c_pia_de_rel_min_cidades_valores_25_04_2012_bd.csv,b_2012_04_abril_cópia_de_rel_min_cidades_valores_25_04_2012_bd,b_2012_04_abril_cópia_de_rel_min_cidades_valores_25_04_2012_bd.parquet,176,success,,2026-08-31T08:55:28.912598+00:00
bb_2011_02_fevereiro_relat_rio_mcmv_bb_08_02_2011.csv,bb_2011_02_fevereiro_relatório_mcmv_bb_08_02_2011,bb_2011_02_fevereiro_relatório_mcmv_bb_08_02_2011.parquet,302,success,,2026-08-31T08:55:36.637018+00:00
bb_2011_02_fevereiro_relat_rio_mcmv_bb_16_02_2011.csv,bb_2011_02_fevereiro_relatório_mcmv_bb_16_02_2011,bb_2011_02_fevereiro_relatório_mcmv_bb_16_02_2011.parquet,302,success,,2026-08-31T08:55:36.671521+00:00
bb_2011_01_janeiro_rel_25jan2011.csv,bb_2011_01_janeiro_rel_25jan2011,bb_2011_01_janeiro_rel_25jan2011.parquet,302,success,,2026-08-31T08:55:36.673120+00:00
bb_2011_03_mar_o_relatorio_min_cidades___22mar11.csv,bb_2011_03_março_relatorio_min_cidades___22mar11,bb_2011_03_março_relatorio_min_cidades___22mar11.parquet,302,success,,2026-08-31T08:55:36.857793+00:00
bb_2011_05_maio_relatorio_min_cidades___24mai11.csv,bb_2011_05_maio_relatorio_min_cidades___24mai11,bb_2011_05_maio_relatorio_min_cidades___24mai11.parquet,302,success,,2026-08-31T08:55:37.036334+00:00
bb_2011_05_maio_relatorio_min_cidades___10mai11.csv,bb_2011_05_maio_relatorio_min_cidades___10mai11,bb_2011_05_maio_relatorio_min_cidades___10mai11.parquet,302,success,,2026-08-31T08:55:37.059634+00:00
bb_2011_04_abril_relatorio_min_cidades___18abr11.csv,bb_2011_04_abril_relatorio_min_cidades___18abr11,bb_2011_04_abril_relatorio_min_cidades___18abr11.parquet,302,success,,2026-08-31T08:55:37.062682+00:00
bb_2011_06_junho_relatorio_min_cidades___07jun11.csv,bb_2011_06_junho_relatorio_min_cidades___07jun11,bb_2011_06_junho_relatorio_min_cidades___07jun11.parquet,302,success,,2026-08-31T08:55:37.246467+00:00
bb_2011_08_agosto_balan_o_23_08_2011_min__planejamento.csv,bb_2011_08_agosto_balanço_23_08_2011_min__planejamento,bb_2011_08_agosto_balanço_23_08_2011_min__planejamento.parquet,8,success,,2026-08-31T08:55:37.339160+00:00
bb_2011_08_agosto_relatorio_min__cidades_16ago11.csv,bb_2011_08_agosto_relatorio_min__cidades_16ago11,bb_2011_08_agosto_relatorio_min__cidades_16ago11.parquet,103,success,,2026-08-31T08:55:37.442202+00:00
bb_2011_07_julho_relatorio_min__cidades_19jul11.csv,bb_2011_07_julho_relatorio_min__cidades_19jul11,bb_2011_07_julho_relatorio_min__cidades_19jul11.parquet,302,success,,2026-08-31T08:55:37.451935+00:00
bb_2011_08_agosto_relatorio_min__cidades_30ago11.csv,bb_2011_08_agosto_relatorio_min__cidades_30ago11,bb_2011_08_agosto_relatorio_min__cidades_30ago11.parquet,104,success,,2026-08-31T08:55:37.594199+00:00
bb_2011_10_outubro_relatorio_min__cidades_25out11.csv,bb_2011_10_outubro_relatorio_min__cidades_25out11,bb_2011_10_outubro_relatorio_min__cidades_25out11.parquet,104,success,,2026-08-31T08:55:37.685973+00:00
bb_2012_01_janeiro_relatorio_min__cidades_17jan12.csv,bb_2012_01_janeiro_relatorio_min__cidades_17jan12,bb_2012_01_janeiro_relatorio_min__cidades_17jan12.parquet,108,success,,2026-08-31T08:55:37.821703+00:00
bb_2012_05_maio_z_relatorio_caixa_3105a.csv,bb_2012_05_maio_z_relatorio_caixa_3105a,bb_2012_05_maio_z_relatorio_caixa_3105a.parquet,436,success,,2026-08-31T08:55:37.903883+00:00
bb_2012_10_outubro_entrada_bb_20121023.csv,bb_2012_10_outubro_entrada_bb_20121023,bb_2012_10_outubro_entrada_bb_20121023.parquet,178,success,,2026-08-31T08:55:38.044767+00:00
bb_2012_10_outubro_entrada_bb_20121031.csv,bb_2012_10_outubro_entrada_bb_20121031,bb_2012_10_outubro_entrada_bb_20121031.parquet,178,success,,2026-08-31T08:55:38.171688+00:00
bb_2012_11_novembro_entrada_bb_20121119.csv,bb_2012_11_novembro_entrada_bb_20121119,bb_2012_11_novembro_entrada_bb_20121119.parquet,298,success,,2026-08-31T08:55:43.983346+00:00
bb_2012_11_novembro_entrada_bb_20121113.csv,bb_2012_11_novembro_entrada_bb_20121113,bb_2012_11_novembro_entrada_bb_20121113.parquet,288,success,,2026-08-31T08:55:44.098668+00:00
bb_2012_11_novembro_entrada_bb_20121127v2.csv,bb_2012_11_novembro_entrada_bb_20121127v2,bb_2012_11_novembro_entrada_bb_20121127v2.parquet,310,success,,2026-08-31T08:55:44.404474+00:00
bb_2012_11_novembro_entrada_bb_20121130.csv,bb_2012_11_novembro_entrada_bb_20121130,bb_2012_11_novembro_entrada_bb_20121130.parquet,308,success,,2026-08-31T08:55:44.524167+00:00
bb_2012_12_dezembro_entrada_bb_20121210.csv,bb_2012_12_dezembro_entrada_bb_20121210,bb_2012_12_dezembro_entrada_bb_20121210.parquet,308,success,,2026-08-31T08:55:44.829010+00:00
bb_2012_12_dezembro_entrada_bb_20121217.csv,bb_2012_12_dezembro_entrada_bb_20121217,bb_2012_12_dezembro_entrada_bb_20121217.parquet,310,success,,2026-08-31T08:55:44.950610+00:00
bb_2012_12_dezembro_entrada_bb_20121228.csv,bb_2012_12_dezembro_entrada_bb_20121228,bb_2012_12_dezembro_entrada_bb_20121228.parquet,516,success,,2026-08-31T08:55:45.289030+00:00
bb_2013_01_janeiro_entrada_bb_20130107.csv,bb_2013_01_janeiro_entrada_bb_20130107,bb_2013_01_janeiro_entrada_bb_20130107.parquet,520,success,,2026-08-31T08:55:45.413520+00:00
bb_2013_01_janeiro_entrada_bb_20130121.csv,bb_2013_01_janeiro_entrada_bb_20130121,bb_2013_01_janeiro_entrada_bb_20130121.parquet,516,success,,2026-08-31T08:55:53.212496+00:00
bb_2013_01_janeiro_entrada_bb_20130128.csv,bb_2013_01_janeiro_entrada_bb_20130128,bb_2013_01_janeiro_entrada_bb_20130128.parquet,516,success,,2026-08-31T08:55:54.282891+00:00
bb_2013_02_fevereiro_entrada_bb_20130219.csv,bb_2013_02_fevereiro_entrada_bb_20130219,bb_2013_02_fevereiro_entrada_bb_20130219.parquet,518,success,,2026-08-31T08:55:56.485228+00:00
bb_2012_11_novembro_entrada_bb_20121127.csv,bb_2012_11_novembro_entrada_bb_20121127,bb_2012_11_novembro_entrada_bb_20121127.parquet,308,success,,2026-08-31T08:56:10.745943+00:00
bb_2013_03_marco_entrada_bb_20130305.csv,bb_2013_03_marco_entrada_bb_20130305,bb_2013_03_marco_entrada_bb_20130305.parquet,518,success,,2026-08-31T08:56:11.101366+00:00
bb_2013_03_marco_entrada_bb_20130318.csv,bb_2013_03_marco_entrada_bb_20130318,bb_2013_03_marco_entrada_bb_20130318.parquet,518,success,,2026-08-31T08:56:11.523515+00:00
bb_2013_03_marco_entrada_bb_20130401.csv,bb_2013_03_marco_entrada_bb_20130401,bb_2013_03_marco_entrada_bb_20130401.parquet,516,success,,2026-08-31T08:56:11.955777+00:00
bb_2013_03_marco_entrada_bb_20130415.csv,bb_2013_03_marco_entrada_bb_20130415,bb_2013_03_marco_entrada_bb_20130415.parquet,550,success,,2026-08-31T08:56:14.781615+00:00
bb_2013_02_fevereiro_entrada_bb_20130205.csv,bb_2013_02_fevereiro_entrada_bb_20130205,bb_2013_02_fevereiro_entrada_bb_20130205.parquet,516,success,,2026-08-31T08:56:17.137176+00:00
bb_2013_04_abril_entrada_bb_20130429.csv,bb_2013_04_abril_entrada_bb_20130429,bb_2013_04_abril_entrada_bb_20130429.parquet,552,success,,2026-08-31T08:56:17.325131+00:00
bb_2013_05_maio_entrada_bb_20130506.csv,bb_2013_05_maio_entrada_bb_20130506,bb_2013_05_maio_entrada_bb_20130506.parquet,546,success,,2026-08-31T08:56:17.621983+00:00
bb_2013_05_maio_entrada_bb_20130513.csv,bb_2013_05_maio_entrada_bb_20130513,bb_2013_05_maio_entrada_bb_20130513.parquet,554,success,,2026-08-31T08:56:19.709444+00:00
bb_2013_06_junho_entrada_bb_20130604.csv,bb_2013_06_junho_entrada_bb_20130604,bb_2013_06_junho_entrada_bb_20130604.parquet,680,success,,2026-08-31T08:56:21.791340+00:00
bb_2013_06_junho_entrada_bb_20130618.csv,bb_2013_06_junho_entrada_bb_20130618,bb_2013_06_junho_entrada_bb_20130618.parquet,680,success,,2026-08-31T08:56:21.967757+00:00
bb_2013_06_junho_entrada_bb_20130630.csv,bb_2013_06_junho_entrada_bb_20130630,bb_2013_06_junho_entrada_bb_20130630.parquet,680,success,,2026-08-31T08:56:22.281926+00:00
aixa_001_2015_12_dezembro_bases_relat_rio_executivo_31122015v2.csv,aixa_001_2015_12_dezembro_bases_relatório_executivo_31122015v2,aixa_001_2015_12_dezembro_bases_relatório_executivo_31122015v2.parquet,39199,success,,2026-08-31T08:56:22.314965+00:00
bb_2013_06_junho_pmcmv_18062013_tab_caracterizacoes_entornos.csv,bb_2013_06_junho_pmcmv_18062013_tab_caracterizacoes_entornos,bb_2013_06_junho_pmcmv_18062013_tab_caracterizacoes_entornos.parquet,292,success,,2026-08-31T08:56:22.833283+00:00
bb_2013_06_junho_pmcmv_18062013_tab_contratos_pj.csv,bb_2013_06_junho_pmcmv_18062013_tab_contratos_pj,bb_2013_06_junho_pmcmv_18062013_tab_contratos_pj.parquet,596,success,,2026-08-31T08:56:23.080055+00:00
bb_2013_06_junho_pmcmv_18062013_tab_empreendimentos.csv,bb_2013_06_junho_pmcmv_18062013_tab_empreendimentos,bb_2013_06_junho_pmcmv_18062013_tab_empreendimentos.parquet,1374,success,,2026-08-31T08:56:33.119844+00:00
bb_2013_06_junho_pmcmv_18062013_tab_operacoes.csv,bb_2013_06_junho_pmcmv_18062013_tab_operacoes,bb_2013_06_junho_pmcmv_18062013_tab_operacoes.parquet,1338,success,,2026-08-31T08:56:35.517089+00:00
bb_2012_10_outubro_entrada_bb_20121031_ajustada.csv,bb_2012_10_outubro_entrada_bb_20121031_ajustada,bb_2012_10_outubro_entrada_bb_20121031_ajustada.parquet,176,success,,2026-08-31T08:56:39.106130+00:00
bb_2013_06_junho_pmcmv_18062013_tab_unidades_concluidas.csv,bb_2013_06_junho_pmcmv_18062013_tab_unidades_concluidas,bb_2013_06_junho_pmcmv_18062013_tab_unidades_concluidas.parquet,1374,success,,2026-08-31T08:56:41.311773+00:00
bb_2013_06_junho_pmcmv_18062013_tab_proponentes.csv,bb_2013_06_junho_pmcmv_18062013_tab_proponentes,bb_2013_06_junho_pmcmv_18062013_tab_proponentes.parquet,526,success,,2026-08-31T08:56:41.478219+00:00
bb_2013_07_julho_entrada_bb_20130716.csv,bb_2013_07_julho_entrada_bb_20130716,bb_2013_07_julho_entrada_bb_20130716.parquet,680,success,,2026-08-31T08:56:41.806402+00:00
bb_2013_08_agosto_entrada_bb_20130802.csv,bb_2013_08_agosto_entrada_bb_20130802,bb_2013_08_agosto_entrada_bb_20130802.parquet,680,success,,2026-08-31T08:56:43.242647+00:00
bb_2013_11_novembro_entrada_bb_20131120.csv,bb_2013_11_novembro_entrada_bb_20131120,bb_2013_11_novembro_entrada_bb_20131120.parquet,926,success,,2026-08-31T08:56:43.733161+00:00
bb_2013_10_outubro_entrada_bb_20131105.csv,bb_2013_10_outubro_entrada_bb_20131105,bb_2013_10_outubro_entrada_bb_20131105.parquet,848,success,,2026-08-31T08:57:03.274345+00:00
bb_2013_11_novembro_entrada_bb_20131204.csv,bb_2013_11_novembro_entrada_bb_20131204,bb_2013_11_novembro_entrada_bb_20131204.parquet,926,success,,2026-08-31T08:57:03.307724+00:00
bb_2013_12_dezembro_entrada_bb_20131223__aux_bb_far.csv,bb_2013_12_dezembro_entrada_bb_20131223__aux_bb_far,bb_2013_12_dezembro_entrada_bb_20131223__aux_bb_far.parquet,342,success,,2026-08-31T08:57:04.009462+00:00
bb_2013_12_dezembro_entrada_bb_20140102.csv,bb_2013_12_dezembro_entrada_bb_20140102,bb_2013_12_dezembro_entrada_bb_20140102.parquet,1116,success,,2026-08-31T08:57:06.285897+00:00
bb_2014_01_janeiro_entrada_bb_20140116.csv,bb_2014_01_janeiro_entrada_bb_20140116,bb_2014_01_janeiro_entrada_bb_20140116.parquet,1130,success,,2026-08-31T08:57:11.093987+00:00
bb_2013_06_junho_pmcmv_18062013_tab_beneficiarios_fgts.csv,bb_2013_06_junho_pmcmv_18062013_tab_beneficiarios_fgts,bb_2013_06_junho_pmcmv_18062013_tab_beneficiarios_fgts.parquet,30552,success,,2026-08-31T08:57:27.606592+00:00
bb_2014_02_fevereiro_entrada_bb_20140306.csv,bb_2014_02_fevereiro_entrada_bb_20140306,bb_2014_02_fevereiro_entrada_bb_20140306.parquet,1048,success,,2026-08-31T08:57:28.093688+00:00
bb_2014_03_marco_entrada_bb_20140401.csv,bb_2014_03_marco_entrada_bb_20140401,bb_2014_03_marco_entrada_bb_20140401.parquet,1038,success,,2026-08-31T08:57:32.376924+00:00
bb_2014_04_abril_entrada_bb_20140415.csv,bb_2014_04_abril_entrada_bb_20140415,bb_2014_04_abril_entrada_bb_20140415.parquet,1090,success,,2026-08-31T08:57:32.881428+00:00
bb_2014_04_abril_entrada_bb_20140430.csv,bb_2014_04_abril_entrada_bb_20140430,bb_2014_04_abril_entrada_bb_20140430.parquet,1122,success,,2026-08-31T08:57:33.556309+00:00
bb_2014_05_maio_entrada_bb_20140516.csv,bb_2014_05_maio_entrada_bb_20140516,bb_2014_05_maio_entrada_bb_20140516.parquet,1122,success,,2026-08-31T08:57:39.133828+00:00
bb_2014_05_maio_entrada_bb_20140530.csv,bb_2014_05_maio_entrada_bb_20140530,bb_2014_05_maio_entrada_bb_20140530.parquet,1132,success,,2026-08-31T08:57:39.643368+00:00
bb_2014_06_junho_entrada_bb_20140615.csv,bb_2014_06_junho_entrada_bb_20140615,bb_2014_06_junho_entrada_bb_20140615.parquet,1132,success,,2026-08-31T08:57:40.298446+00:00
bb_2014_06_junho_entrada_bb_20140625.csv,bb_2014_06_junho_entrada_bb_20140625,bb_2014_06_junho_entrada_bb_20140625.parquet,1184,success,,2026-08-31T08:57:57.648355+00:00
bb_2014_06_junho_entrada_bb_20140701.csv,bb_2014_06_junho_entrada_bb_20140701,bb_2014_06_junho_entrada_bb_20140701.parquet,1274,success,,2026-08-31T08:57:58.152544+00:00
bb_2014_07_julho_entrada_bb_20140731.csv,bb_2014_07_julho_entrada_bb_20140731,bb_2014_07_julho_entrada_bb_20140731.parquet,1278,success,,2026-08-31T08:57:58.763826+00:00
bb_2013_02_fevereiro_entrada_bb_20130226.csv,bb_2013_02_fevereiro_entrada_bb_20130226,bb_2013_02_fevereiro_entrada_bb_20130226.parquet,516,success,,2026-08-31T08:58:00.462179+00:00
bb_2013_12_dezembro_entrada_bb_20131218.csv,bb_2013_12_dezembro_entrada_bb_20131218,bb_2013_12_dezembro_entrada_bb_20131218.parquet,1002,success,,2026-08-31T08:58:02.668733+00:00
bb_2014_08_agosto_entrada_bb_20140818_antigo.csv,bb_2014_08_agosto_entrada_bb_20140818_antigo,bb_2014_08_agosto_entrada_bb_20140818_antigo.parquet,1278,success,,2026-08-31T08:58:04.582680+00:00
bb_2014_09_setembro_entrada_bb_20140930.csv,bb_2014_09_setembro_entrada_bb_20140930,bb_2014_09_setembro_entrada_bb_20140930.parquet,1300,success,,2026-08-31T08:58:07.057919+00:00
bb_2014_10_outubro_2014_10_30_min_cidades_pj.csv,bb_2014_10_outubro_2014_10_30_min_cidades_pj,bb_2014_10_outubro_2014_10_30_min_cidades_pj.parquet,1706,success,,2026-08-31T08:58:07.707245+00:00
bb_2014_08_agosto_entrada_bb_20140829_antigo.csv,bb_2014_08_agosto_entrada_bb_20140829_antigo,bb_2014_08_agosto_entrada_bb_20140829_antigo.parquet,1292,success,,2026-08-31T08:58:08.705902+00:00
bb_2014_10_outubro_2014_10_30_pnhr_30102014.csv,bb_2014_10_outubro_2014_10_30_pnhr_30102014,bb_2014_10_outubro_2014_10_30_pnhr_30102014.parquet,1678,success,,2026-08-31T08:58:25.168019+00:00
bb_2014_02_fevereiro_entrada_bb_20140217.csv,bb_2014_02_fevereiro_entrada_bb_20140217,bb_2014_02_fevereiro_entrada_bb_20140217.parquet,1036,success,,2026-08-31T08:58:53.779374+00:00
bb_2014_11_novembro_3011_min_cidades_pj.csv,bb_2014_11_novembro_3011_min_cidades_pj,bb_2014_11_novembro_3011_min_cidades_pj.parquet,1760,success,,2026-08-31T08:58:56.244971+00:00
bb_2013_06_junho_pmcmv_18062013_tab_contratos_pf_fgts.csv,bb_2013_06_junho_pmcmv_18062013_tab_contratos_pf_fgts,bb_2013_06_junho_pmcmv_18062013_tab_contratos_pf_fgts.parquet,38232,success,,2026-08-31T09:00:10.967036+00:00
bb_2014_11_novembro_3011_pnhr_30112014.csv,bb_2014_11_novembro_3011_pnhr_30112014,bb_2014_11_novembro_3011_pnhr_30112014.parquet,1864,success,,2026-08-31T09:00:12.052928+00:00
bb_2014_11_novembro_3011_min_cidades_pj_pf.csv,bb_2014_11_novembro_3011_min_cidades_pj_pf,bb_2014_11_novembro_3011_min_cidades_pj_pf.parquet,157446,success,,2026-08-31T09:00:58.035725+00:00
bb_2014_12_dezembro_min_cidades_pj.csv,bb_2014_12_dezembro_min_cidades_pj,bb_2014_12_dezembro_min_cidades_pj.parquet,1898,success,,2026-08-31T09:00:58.550156+00:00
bb_2014_10_outubro_2014_10_30_min_cidades_pf_pf.csv,bb_2014_10_outubro_2014_10_30_min_cidades_pf_pf,bb_2014_10_outubro_2014_10_30_min_cidades_pf_pf.parquet,98270,success,,2026-08-31T09:06:05.762370+00:00
bb_2014_11_novembro_3011_min_cidades_pf_pf.csv,bb_2014_11_novembro_3011_min_cidades_pf_pf,bb_2014_11_novembro_3011_min_cidades_pf_pf.parquet,104880,success,,2026-08-31T09:06:06.068092+00:00
bb_2014_12_dezembro_pnhr_15122014.csv,bb_2014_12_dezembro_pnhr_15122014,bb_2014_12_dezembro_pnhr_15122014.parquet,1946,success,,2026-08-31T09:06:08.719928+00:00
bb_2014_12_dezembro_pnhr_20141231.csv,bb_2014_12_dezembro_pnhr_20141231,bb_2014_12_dezembro_pnhr_20141231.parquet,2032,success,,2026-08-31T09:06:09.788674+00:00
bb_2015_01_janeiro_2015_01_15_min_cidades_pj.csv,bb_2015_01_janeiro_2015_01_15_min_cidades_pj,bb_2015_01_janeiro_2015_01_15_min_cidades_pj.parquet,1882,success,,2026-08-31T09:06:19.324656+00:00
aixa_001_2016_02_fevereiro_relatorio_cidades__entregas_20160229.csv,,,0,error,"ReadTimeoutError: HTTPConnectionPool(host='10.0.0.56', port=9000): Read timed out.",2026-08-31T09:09:23.471772+00:00
bb_2015_01_janeiro_2015_01_15_pnhr_15012015.csv,bb_2015_01_janeiro_2015_01_15_pnhr_15012015,bb_2015_01_janeiro_2015_01_15_pnhr_15012015.parquet,2042,success,,2026-08-31T09:09:40.392467+00:00
bb_2015_01_janeiro_2015_01_31_min_cidades_pf_pf.csv,bb_2015_01_janeiro_2015_01_31_min_cidades_pf_pf,bb_2015_01_janeiro_2015_01_31_min_cidades_pf_pf.parquet,117338,success,,2026-08-31T09:10:35.691528+00:00
bb_2015_01_janeiro_2015_01_31_min_cidades_pj.csv,bb_2015_01_janeiro_2015_01_31_min_cidades_pj,bb_2015_01_janeiro_2015_01_31_min_cidades_pj.parquet,1864,success,,2026-08-31T09:10:52.590555+00:00
bb_2014_12_dezembro_min_cidades_pj_pf.csv,bb_2014_12_dezembro_min_cidades_pj_pf,bb_2014_12_dezembro_min_cidades_pj_pf.parquet,164470,success,,2026-08-31T09:11:19.781782+00:00
bb_2014_12_dezembro_min_cidades_pf_pf.csv,bb_2014_12_dezembro_min_cidades_pf_pf,bb_2014_12_dezembro_min_cidades_pf_pf.parquet,111596,success,,2026-08-31T09:11:32.866822+00:00
bb_2015_02_fevereiro_min_cidades_pj.csv,bb_2015_02_fevereiro_min_cidades_pj,bb_2015_02_fevereiro_min_cidades_pj.parquet,1852,success,,2026-08-31T09:12:21.081487+00:00
bb_2015_02_fevereiro_min_cidades_pj_2015_02.csv,bb_2015_02_fevereiro_min_cidades_pj_2015_02,bb_2015_02_fevereiro_min_cidades_pj_2015_02.parquet,1852,success,,2026-08-31T09:12:21.712635+00:00
bb_2014_10_outubro_2014_10_30_min_cidades_pj_pf.csv,,,0,error,"ProtocolError: ('Connection broken: IncompleteRead(22125932 bytes read, 8299684 more expected)', IncompleteRead(22125932 bytes read, 8299684 more expected))",2026-08-31T09:12:38.884845+00:00
bb_2015_02_fevereiro_pnhr_28022015.csv,bb_2015_02_fevereiro_pnhr_28022015,bb_2015_02_fevereiro_pnhr_28022015.parquet,2046,success,,2026-08-31T09:12:47.071996+00:00
bb_2015_01_janeiro_2015_01_15_min_cidades_pf_pf.csv,bb_2015_01_janeiro_2015_01_15_min_cidades_pf_pf,bb_2015_01_janeiro_2015_01_15_min_cidades_pf_pf.parquet,114306,success,,2026-08-31T09:13:06.330536+00:00
bb_2015_03_marco_min_cidades_pj.csv,bb_2015_03_marco_min_cidades_pj,bb_2015_03_marco_min_cidades_pj.parquet,1884,success,,2026-08-31T09:13:07.008330+00:00
bb_2015_03_marco_min_cidades_pf_pf.csv,bb_2015_03_marco_min_cidades_pf_pf,bb_2015_03_marco_min_cidades_pf_pf.parquet,126234,success,,2026-08-31T09:13:08.132328+00:00
bb_2015_03_marco_min_cidades_pj_2015_03.csv,bb_2015_03_marco_min_cidades_pj_2015_03,bb_2015_03_marco_min_cidades_pj_2015_03.parquet,1884,success,,2026-08-31T09:13:08.369415+00:00
bb_2015_03_marco_pnhr_15032015.csv,bb_2015_03_marco_pnhr_15032015,bb_2015_03_marco_pnhr_15032015.parquet,2042,success,,2026-08-31T09:13:09.229647+00:00
bb_2015_03_marco_pnhr_31032015.csv,bb_2015_03_marco_pnhr_31032015,bb_2015_03_marco_pnhr_31032015.parquet,2046,success,,2026-08-31T09:13:10.020376+00:00
bb_2015_01_janeiro_2015_01_15_min_cidades_pj_pf.csv,,,0,error,"ProtocolError: ('Connection broken: IncompleteRead(5926108 bytes read, 28088142 more expected)', IncompleteRead(5926108 bytes read, 28088142 more expected))",2026-08-31T09:13:23.915205+00:00
bb_2015_04_abril_min_cidades_pj.csv,bb_2015_04_abril_min_cidades_pj,bb_2015_04_abril_min_cidades_pj.parquet,1878,success,,2026-08-31T09:13:28.282382+00:00
bb_2015_04_abril_min_cidades_pf_pf.csv,bb_2015_04_abril_min_cidades_pf_pf,bb_2015_04_abril_min_cidades_pf_pf.parquet,135648,success,,2026-08-31T09:14:42.208736+00:00
bb_2015_03_marco_min_cidades_pj_pf.csv,bb_2015_03_marco_min_cidades_pj_pf,bb_2015_03_marco_min_cidades_pj_pf.parquet,180232,success,,2026-08-31T09:15:59.739112+00:00
bb_2015_04_abril_pnhr_30042015.csv,bb_2015_04_abril_pnhr_30042015,bb_2015_04_abril_pnhr_30042015.parquet,2054,success,,2026-08-31T09:16:15.775760+00:00
bb_2015_05_maio_2015_05_31_min_cidades_pj.csv,bb_2015_05_maio_2015_05_31_min_cidades_pj,bb_2015_05_maio_2015_05_31_min_cidades_pj.parquet,1884,success,,2026-08-31T09:16:18.556467+00:00
bb_2015_02_fevereiro_min_cidades_pf_pf.csv,bb_2015_02_fevereiro_min_cidades_pf_pf,bb_2015_02_fevereiro_min_cidades_pf_pf.parquet,123090,success,,2026-08-31T09:19:55.345108+00:00
bb_2015_05_maio_2015_05_31_min_cidades_pj_pf.csv,bb_2015_05_maio_2015_05_31_min_cidades_pj_pf,bb_2015_05_maio_2015_05_31_min_cidades_pj_pf.parquet,200688,success,,2026-08-31T09:22:05.135587+00:00
bb_2015_06_junho_min_cidades_pj.csv,bb_2015_06_junho_min_cidades_pj,bb_2015_06_junho_min_cidades_pj.parquet,1940,success,,2026-08-31T09:22:06.100856+00:00
bb_2015_05_maio_2015_05_31_min_cidades_pf_pf.csv,bb_2015_05_maio_2015_05_31_min_cidades_pf_pf,bb_2015_05_maio_2015_05_31_min_cidades_pf_pf.parquet,141620,success,,2026-08-31T09:22:21.488232+00:00
bb_2015_08_agosto_min_cidades_pf_pf.csv,bb_2015_08_agosto_min_cidades_pf_pf,bb_2015_08_agosto_min_cidades_pf_pf.parquet,157924,success,,2026-08-31T09:23:11.078158+00:00
bb_2015_08_agosto_min_cidades_pj.csv,bb_2015_08_agosto_min_cidades_pj,bb_2015_08_agosto_min_cidades_pj.parquet,1978,success,,2026-08-31T09:23:13.402299+00:00
bb_2015_01_janeiro_2015_01_31_min_cidades_pj_pf.csv,,,0,error,"ProtocolError: ('Connection broken: IncompleteRead(2326508 bytes read, 32262060 more expected)', IncompleteRead(2326508 bytes read, 32262060 more expected))",2026-08-31T09:23:50.734734+00:00
bb_2015_04_abril_min_cidades_pj_pf.csv,,,0,error,"ProtocolError: ('Connection broken: IncompleteRead(25805800 bytes read, 11320418 more expected)', IncompleteRead(25805800 bytes read, 11320418 more expected))",2026-08-31T09:24:45.968580+00:00
bb_2015_09_setembro_min_cidades_pj.csv,bb_2015_09_setembro_min_cidades_pj,bb_2015_09_setembro_min_cidades_pj.parquet,1982,success,,2026-08-31T09:24:52.541525+00:00
bb_2015_09_setembro_min_cidades_pf_pf.csv,bb_2015_09_setembro_min_cidades_pf_pf,bb_2015_09_setembro_min_cidades_pf_pf.parquet,163772,success,,2026-08-31T09:25:22.888535+00:00
bb_2015_09_setembro_pnhr_30092015.csv,bb_2015_09_setembro_pnhr_30092015,bb_2015_09_setembro_pnhr_30092015.parquet,1774,success,,2026-08-31T09:25:25.884465+00:00
bb_2015_02_fevereiro_min_cidades_pj_pf.csv,,,0,error,"ReadTimeoutError: HTTPConnectionPool(host='10.0.0.56', port=9000): Read timed out.",2026-08-31T09:29:05.798604+00:00
bb_2015_06_junho_min_cidades_pf_pf.csv,bb_2015_06_junho_min_cidades_pf_pf,bb_2015_06_junho_min_cidades_pf_pf.parquet,148010,success,,2026-08-31T09:29:15.687317+00:00
bb_2015_10_outubro_min_cidades_pj.csv,bb_2015_10_outubro_min_cidades_pj,bb_2015_10_outubro_min_cidades_pj.parquet,2012,success,,2026-08-31T09:29:33.049041+00:00
bb_2015_10_outubro_pnhr_31102015.csv,bb_2015_10_outubro_pnhr_31102015,bb_2015_10_outubro_pnhr_31102015.parquet,1942,success,,2026-08-31T09:29:37.400092+00:00
bb_2015_01_janeiro_2015_01_31_min_cidades_pj_pf.csv,bb_2015_01_janeiro_2015_01_31_min_cidades_pj_pf,bb_2015_01_janeiro_2015_01_31_min_cidades_pj_pf.parquet,169260,success,,2026-08-31T10:02:48.486517+00:00
bb_2015_01_janeiro_2015_01_15_min_cidades_pj_pf.csv,bb_2015_01_janeiro_2015_01_15_min_cidades_pj_pf,bb_2015_01_janeiro_2015_01_15_min_cidades_pj_pf.parquet,166454,success,,2026-08-31T10:03:38.135553+00:00
bb_2015_04_abril_min_cidades_pj_pf.csv,bb_2015_04_abril_min_cidades_pj_pf,bb_2015_04_abril_min_cidades_pj_pf.parquet,194400,success,,2026-08-31T10:05:55.450767+00:00
bb_2015_06_junho_min_cidades_pj_pf.csv,bb_2015_06_junho_min_cidades_pj_pf,bb_2015_06_junho_min_cidades_pj_pf.parquet,208324,success,,2026-08-31T10:09:34.350878+00:00
aixa_001_2016_02_fevereiro_relatorio_cidades__entregas_20160229.csv,aixa_001_2016_02_fevereiro_relatorio_cidades__entregas_20160229,aixa_001_2016_02_fevereiro_relatorio_cidades__entregas_20160229.parquet,289584,success,,2026-08-31T10:09:36.582912+00:00
bb_2014_10_outubro_2014_10_30_min_cidades_pj_pf.csv,bb_2014_10_outubro_2014_10_30_min_cidades_pj_pf,bb_2014_10_outubro_2014_10_30_min_cidades_pj_pf.parquet,148948,success,,2026-08-31T10:12:04.298239+00:00
bb_2015_08_agosto_min_cidades_pj_pf.csv,bb_2015_08_agosto_min_cidades_pj_pf,bb_2015_08_agosto_min_cidades_pj_pf.parquet,219008,success,,2026-08-31T10:14:19.364008+00:00
bb_2015_02_fevereiro_min_cidades_pj_pf.csv,bb_2015_02_fevereiro_min_cidades_pj_pf,bb_2015_02_fevereiro_min_cidades_pj_pf.parquet,175916,success,,2026-08-31T10:14:40.902338+00:00
bb_2015_10_outubro_min_cidades_pf_pf.csv,bb_2015_10_outubro_min_cidades_pf_pf,bb_2015_10_outubro_min_cidades_pf_pf.parquet,169482,success,,2026-08-31T10:20:30.879722+00:00
bb_2015_12_dezembro_min_cidades_pj.csv,bb_2015_12_dezembro_min_cidades_pj,bb_2015_12_dezembro_min_cidades_pj.parquet,2060,success,,2026-08-31T10:20:41.169683+00:00
bb_2015_12_dezembro_min_cidades_pj_pf.csv,bb_2015_12_dezembro_min_cidades_pj_pf,bb_2015_12_dezembro_min_cidades_pj_pf.parquet,243122,success,,2026-08-31T10:22:39.683092+00:00
bb_2015_12_dezembro_pnhr_31122015.csv,bb_2015_12_dezembro_pnhr_31122015,bb_2015_12_dezembro_pnhr_31122015.parquet,1982,success,,2026-08-31T10:22:40.312377+00:00
bb_2015_12_dezembro_min_cidades_pf_pf.csv,bb_2015_12_dezembro_min_cidades_pf_pf,bb_2015_12_dezembro_min_cidades_pf_pf.parquet,176774,success,,2026-08-31T10:27:23.491482+00:00
bb_2015_10_outubro_min_cidades_pj_pf.csv,bb_2015_10_outubro_min_cidades_pj_pf,bb_2015_10_outubro_min_cidades_pj_pf.parquet,229446,success,,2026-08-31T10:28:22.469529+00:00
bb_2016_01_janeiro_2016_01_31_min_cidades_pj.csv,bb_2016_01_janeiro_2016_01_31_min_cidades_pj,bb_2016_01_janeiro_2016_01_31_min_cidades_pj.parquet,2074,success,,2026-08-31T10:28:29.616859+00:00
bb_2016_01_janeiro_pnhr_31012016.csv,bb_2016_01_janeiro_pnhr_31012016,bb_2016_01_janeiro_pnhr_31012016.parquet,1988,success,,2026-08-31T10:28:45.601110+00:00
bb_2015_09_setembro_min_cidades_pj_pf.csv,bb_2015_09_setembro_min_cidades_pj_pf,bb_2015_09_setembro_min_cidades_pj_pf.parquet,225374,success,,2026-08-31T10:30:48.991635+00:00
bb_2016_02_fevereiro_2016_02_29_min_cidades_pj.csv,bb_2016_02_fevereiro_2016_02_29_min_cidades_pj,bb_2016_02_fevereiro_2016_02_29_min_cidades_pj.parquet,2066,success,,2026-08-31T10:30:49.787626+00:00
bb_2016_01_janeiro_2016_01_31_min_cidades_pj_pf.csv,bb_2016_01_janeiro_2016_01_31_min_cidades_pj_pf,bb_2016_01_janeiro_2016_01_31_min_cidades_pj_pf.parquet,244616,success,,2026-08-31T10:33:17.138567+00:00
bb_2016_02_fevereiro_pnhr_29022016.csv,bb_2016_02_fevereiro_pnhr_29022016,bb_2016_02_fevereiro_pnhr_29022016.parquet,1982,success,,2026-08-31T10:33:19.647669+00:00
bb_2016_02_fevereiro_2016_02_29_min_cidades_pf_pf.csv,bb_2016_02_fevereiro_2016_02_29_min_cidades_pf_pf,bb_2016_02_fevereiro_2016_02_29_min_cidades_pf_pf.parquet,181296,success,,2026-08-31T10:35:03.848589+00:00
bb_2016_04_abril_min_cidades_pj.csv,bb_2016_04_abril_min_cidades_pj,bb_2016_04_abril_min_cidades_pj.parquet,2006,success,,2026-08-31T10:35:04.257121+00:00
bb_2016_01_janeiro_2016_01_31_min_cidades_pf_pf.csv,bb_2016_01_janeiro_2016_01_31_min_cidades_pf_pf,bb_2016_01_janeiro_2016_01_31_min_cidades_pf_pf.parquet,178032,success,,2026-08-31T10:36:35.069201+00:00
bb_2016_04_abril_pnhr_30042016.csv,bb_2016_04_abril_pnhr_30042016,bb_2016_04_abril_pnhr_30042016.parquet,1994,success,,2026-08-31T10:39:39.087827+00:00
bb_2016_02_fevereiro_2016_02_29_min_cidades_pj_pf.csv,bb_2016_02_fevereiro_2016_02_29_min_cidades_pj_pf,bb_2016_02_fevereiro_2016_02_29_min_cidades_pj_pf.parquet,246374,success,,2026-08-31T10:43:37.771693+00:00
bb_2016_05_maio_2016_05_31_min_cidades_pj.csv,bb_2016_05_maio_2016_05_31_min_cidades_pj,bb_2016_05_maio_2016_05_31_min_cidades_pj.parquet,1984,success,,2026-08-31T10:43:40.528565+00:00
bb_2016_05_maio_2016_05_31_min_cidades_pf_pf.csv,bb_2016_05_maio_2016_05_31_min_cidades_pf_pf,bb_2016_05_maio_2016_05_31_min_cidades_pf_pf.parquet,192822,success,,2026-08-31T10:44:21.537022+00:00
bb_2016_05_maio_pnhr_31052016.csv,bb_2016_05_maio_pnhr_31052016,bb_2016_05_maio_pnhr_31052016.parquet,1996,success,,2026-08-31T10:44:22.448929+00:00
bb_2016_04_abril_min_cidades_pf_pf.csv,bb_2016_04_abril_min_cidades_pf_pf,bb_2016_04_abril_min_cidades_pf_pf.parquet,190980,success,,2026-08-31T10:49:41.262561+00:00
bb_2016_06_junho_2016_06_30_min_cidades_pj.csv,bb_2016_06_junho_2016_06_30_min_cidades_pj,bb_2016_06_junho_2016_06_30_min_cidades_pj.parquet,1990,success,,2026-08-31T10:49:41.950877+00:00
bb_2016_06_junho_2016_06_30_min_cidades_pf_pf.csv,bb_2016_06_junho_2016_06_30_min_cidades_pf_pf,bb_2016_06_junho_2016_06_30_min_cidades_pf_pf.parquet,196188,success,,2026-08-31T10:50:40.095269+00:00
bb_2016_06_junho_pnhr_30062016.csv,bb_2016_06_junho_pnhr_30062016,bb_2016_06_junho_pnhr_30062016.parquet,2016,success,,2026-08-31T10:50:40.717894+00:00
bb_2016_07_julho_2016_07_31_min_cidades_pj.csv,bb_2016_07_julho_2016_07_31_min_cidades_pj,bb_2016_07_julho_2016_07_31_min_cidades_pj.parquet,1986,success,,2026-08-31T10:50:59.531019+00:00
bb_2016_07_julho_min_cidades_pf_pf.csv,bb_2016_07_julho_min_cidades_pf_pf,bb_2016_07_julho_min_cidades_pf_pf.parquet,199028,success,,2026-08-31T10:52:30.559786+00:00
bb_2016_05_maio_2016_05_31_min_cidades_pj_pf.csv,bb_2016_05_maio_2016_05_31_min_cidades_pj_pf,bb_2016_05_maio_2016_05_31_min_cidades_pj_pf.parquet,293560,success,,2026-08-31T10:52:30.948102+00:00
bb_2016_07_julho_pnhr_31072016.csv,bb_2016_07_julho_pnhr_31072016,bb_2016_07_julho_pnhr_31072016.parquet,2016,success,,2026-08-31T10:52:31.528085+00:00
bb_2018_2018_04_06_pf_pf.csv,bb_2018_2018_04_06_pf_pf,bb_2018_2018_04_06_pf_pf.parquet,230204,success,,2026-08-31T10:57:35.068151+00:00
bb_2018_2018_04_06_pj.csv,bb_2018_2018_04_06_pj,bb_2018_2018_04_06_pj.parquet,1962,success,,2026-08-31T10:57:36.536111+00:00
bb_2016_07_julho_min_cidades_pj_pf.csv,bb_2016_07_julho_min_cidades_pj_pf,bb_2016_07_julho_min_cidades_pj_pf.parquet,310302,success,,2026-08-31T11:00:13.756373+00:00
bb_2016_04_abril_min_cidades_pj_pf.csv,bb_2016_04_abril_min_cidades_pj_pf,bb_2016_04_abril_min_cidades_pj_pf.parquet,286836,success,,2026-08-31T11:06:00.897998+00:00
bb_2018_2018_05_10_pj.csv,bb_2018_2018_05_10_pj,bb_2018_2018_05_10_pj.parquet,1964,success,,2026-08-31T11:06:05.997719+00:00
bb_2018_2018_05_10_pf_pf.csv,bb_2018_2018_05_10_pf_pf,bb_2018_2018_05_10_pf_pf.parquet,232432,success,,2026-08-31T11:13:04.736509+00:00
bb_2018_2018_04_06_pj_pf.csv,bb_2018_2018_04_06_pj_pf,bb_2018_2018_04_06_pj_pf.parquet,406360,success,,2026-08-31T11:14:49.647678+00:00
bb_2018_2018_06_10_pj.csv,bb_2018_2018_06_10_pj,bb_2018_2018_06_10_pj.parquet,1972,success,,2026-08-31T11:14:50.168591+00:00
bb_2016_06_junho_2016_06_30_min_cidades_pj_pf.csv,bb_2016_06_junho_2016_06_30_min_cidades_pj_pf,bb_2016_06_junho_2016_06_30_min_cidades_pj_pf.parquet,301590,success,,2026-08-31T11:16:22.020926+00:00
bb_2018_2018_06_10_pf_pf.csv,bb_2018_2018_06_10_pf_pf,bb_2018_2018_06_10_pf_pf.parquet,234842,success,,2026-08-31T11:22:29.941271+00:00
bb_2018_2018_07_03_pj.csv,bb_2018_2018_07_03_pj,bb_2018_2018_07_03_pj.parquet,1960,success,,2026-08-31T11:22:31.518253+00:00
bb_2018_2018_07_03_pf_pf.csv,bb_2018_2018_07_03_pf_pf,bb_2018_2018_07_03_pf_pf.parquet,236850,success,,2026-08-31T11:28:07.676953+00:00
bb_2018_2018_07_03_pnhr_04072018.csv,bb_2018_2018_07_03_pnhr_04072018,bb_2018_2018_07_03_pnhr_04072018.parquet,1998,success,,2026-08-31T11:28:28.590699+00:00
bb_2018_2018_05_10_pj_pf.csv,bb_2018_2018_05_10_pj_pf,bb_2018_2018_05_10_pj_pf.parquet,413964,success,,2026-08-31T11:33:35.299936+00:00
bb_2018_2018_08_06_pj.csv,bb_2018_2018_08_06_pj,bb_2018_2018_08_06_pj.parquet,1962,success,,2026-08-31T11:33:35.713949+00:00
bb_2018_2018_08_06_pf_pf.csv,bb_2018_2018_08_06_pf_pf,bb_2018_2018_08_06_pf_pf.parquet,239848,success,,2026-08-31T11:35:08.416539+00:00
bb_2018_2018_06_10_pj_pf.csv,,,0,error,"MaxRetryError: HTTPConnectionPool(host='10.0.0.56', port=9000): Max retries exceeded with url: /data-lake-mcid/staging/dados_historicos/bb_2018_2018_06_10_pj_pf.parquet?partNumber=1&uploadId=NGVkNmFjM2UtYmNkNi00Y2VjLTg3ZjMtMzZjMjMyMTA2MzJhLmU2N2RhNThmLWUwZjktNDg2My05NGU4LTUyZjJkMzA3MmE3Y3gxNzg4MTc2MzI4NzU3MDgyMjAy (Caused by ProtocolError('Connection aborted.', TimeoutError('timed out')))",2026-08-31T11:39:53.340339+00:00
bb_2018_2018_09_10_pj.csv,bb_2018_2018_09_10_pj,bb_2018_2018_09_10_pj.parquet,1968,success,,2026-08-31T11:39:54.970036+00:00
bb_2018_2018_09_10_pf_pf.csv,bb_2018_2018_09_10_pf_pf,bb_2018_2018_09_10_pf_pf.parquet,242928,success,,2026-08-31T11:42:54.928441+00:00
bb_2018_2018_08_06_pj_pf.csv,bb_2018_2018_08_06_pj_pf,bb_2018_2018_08_06_pj_pf.parquet,439992,success,,2026-08-31T11:49:46.126911+00:00
bb_2018_2018_10_01_pj.csv,bb_2018_2018_10_01_pj,bb_2018_2018_10_01_pj.parquet,1972,success,,2026-08-31T11:49:46.681393+00:00
bb_2018_2018_07_03_pj_pf.csv,bb_2018_2018_07_03_pj_pf,bb_2018_2018_07_03_pj_pf.parquet,436298,success,,2026-08-31T11:53:16.716992+00:00
bb_2018_2018_10_01_pf_pf.csv,bb_2018_2018_10_01_pf_pf,bb_2018_2018_10_01_pf_pf.parquet,244860,success,,2026-08-31T11:56:55.160314+00:00
bb_2018_2018_10_30_pj.csv,,,0,error,ServerError: server failed with HTTP status code 499,2026-08-31T11:57:28.176028+00:00
bb_2018_2018_09_10_pj_pf.csv,bb_2018_2018_09_10_pj_pf,bb_2018_2018_09_10_pj_pf.parquet,447388,success,,2026-08-31T11:58:37.524455+00:00
bb_2018_2018_10_30_pf_pf.csv,bb_2018_2018_10_30_pf_pf,bb_2018_2018_10_30_pf_pf.parquet,247770,success,,2026-08-31T12:00:49.853093+00:00
bb_2019_2019_03_07_pj_pf.csv,bb_2019_2019_03_07_pj_pf,bb_2019_2019_03_07_pj_pf.parquet,2004,success,,2026-08-31T12:00:50.476073+00:00
bb_2019_2019_05_07_2019_05_07_pj.csv,bb_2019_2019_05_07_2019_05_07_pj,bb_2019_2019_05_07_2019_05_07_pj.parquet,2008,success,,2026-08-31T12:00:59.158003+00:00
bb_2019_2019_03_07_pf_pf.csv,bb_2019_2019_03_07_pf_pf,bb_2019_2019_03_07_pf_pf.parquet,256854,success,,2026-08-31T12:02:45.280054+00:00
bb_2018_2018_10_01_pj_pf.csv,bb_2018_2018_10_01_pj_pf,bb_2018_2018_10_01_pj_pf.parquet,453934,success,,2026-08-31T12:12:57.472245+00:00
caixa_001_2009_10_outubro_2009_pmcmv_08_10_2009___caixa.csv,caixa_001_2009_10_outubro_2009_pmcmv_08_10_2009___caixa,caixa_001_2009_10_outubro_2009_pmcmv_08_10_2009___caixa.parquet,21,success,,2026-08-31T12:12:57.731640+00:00
caixa_001_2009_12_dezembro_2009_pmcmv_24_12_2009_parte2.csv,caixa_001_2009_12_dezembro_2009_pmcmv_24_12_2009_parte2,caixa_001_2009_12_dezembro_2009_pmcmv_24_12_2009_parte2.parquet,19010,success,,2026-08-31T12:12:58.658475+00:00
caixa_001_2010_06___junho_2010_contrata__o30062010.csv,caixa_001_2010_06___junho_2010_contratação30062010,caixa_001_2010_06___junho_2010_contratação30062010.parquet,4450,success,,2026-08-31T12:13:01.728121+00:00
caixa_001_2010_08___agosto_2010_munic_pios_contratados_1308.csv,caixa_001_2010_08___agosto_2010_municípios_contratados_1308,caixa_001_2010_08___agosto_2010_municípios_contratados_1308.parquet,66,success,,2026-08-31T12:13:01.980206+00:00
caixa_001_2010_09___setembro_2010_pmcmv06092010_desligados.csv,caixa_001_2010_09___setembro_2010_pmcmv06092010_desligados,caixa_001_2010_09___setembro_2010_pmcmv06092010_desligados.parquet,5354,success,,2026-08-31T12:13:06.503062+00:00
caixa_001_2011_06_junho_presidencia.csv,caixa_001_2011_06_junho_presidencia,caixa_001_2011_06_junho_presidencia.parquet,11128,success,,2026-08-31T12:13:18.355007+00:00
caixa_001_2011_07_julho_presidencia_automatizado_01082011.csv,caixa_001_2011_07_julho_presidencia_automatizado_01082011,caixa_001_2011_07_julho_presidencia_automatizado_01082011.parquet,11128,success,,2026-08-31T12:13:19.386545+00:00
caixa_001_2011_08_agosto_demanda_mc_far_pmcmv.csv,caixa_001_2011_08_agosto_demanda_mc_far_pmcmv,caixa_001_2011_08_agosto_demanda_mc_far_pmcmv.parquet,2610,success,,2026-08-31T12:13:27.936378+00:00
bb_2019_2019_05_07_pf_pf.csv,bb_2019_2019_05_07_pf_pf,bb_2019_2019_05_07_pf_pf.parquet,261114,success,,2026-08-31T12:14:30.067819+00:00
caixa_001_2011_11_novembro_relat_rio_executivo_mcid_21_11_11.csv,caixa_001_2011_11_novembro_relat_rio_executivo_mcid_21_11_11,caixa_001_2011_11_novembro_relat_rio_executivo_mcid_21_11_11.parquet,13684,success,,2026-08-31T12:14:39.518693+00:00
caixa_001_2012_04_abril_2012_04_18_5b1_base_empreend_contratado.csv,caixa_001_2012_04_abril_2012_04_18_5b1_base_empreend_contratado,caixa_001_2012_04_abril_2012_04_18_5b1_base_empreend_contratado.parquet,7954,success,,2026-08-31T12:14:43.806949+00:00
caixa_001_2011_08_agosto_presidencia_automatizado_mcmvii_082011.csv,caixa_001_2011_08_agosto_presidencia_automatizado_mcmvii_082011,caixa_001_2011_08_agosto_presidencia_automatizado_mcmvii_082011.parquet,11128,success,,2026-08-31T12:14:44.206558+00:00
caixa_001_2012_04_abril_2012_04_18_5b_empreend_contratado.csv,caixa_001_2012_04_abril_2012_04_18_5b_empreend_contratado,caixa_001_2012_04_abril_2012_04_18_5b_empreend_contratado.parquet,6272,success,,2026-08-31T12:14:52.587567+00:00
caixa_001_2012_04_abril_2012_04_18_rural_18042012.csv,caixa_001_2012_04_abril_2012_04_18_rural_18042012,caixa_001_2012_04_abril_2012_04_18_rural_18042012.parquet,2884,success,,2026-08-31T12:14:53.086622+00:00
caixa_001_2012_04_abril_2012_04_30_ajustada_caixa_5d_base_bext.csv,caixa_001_2012_04_abril_2012_04_30_ajustada_caixa_5d_base_bext,caixa_001_2012_04_abril_2012_04_30_ajustada_caixa_5d_base_bext.parquet,6942,success,,2026-08-31T12:14:59.340651+00:00
caixa_001_2012_04_abril_validacao_1604_1804.csv,caixa_001_2012_04_abril_validacao_1604_1804,caixa_001_2012_04_abril_validacao_1604_1804.parquet,6210,success,,2026-08-31T12:15:12.444798+00:00
caixa_001_2012_05_maio_5b1__base_empreend_contratado.csv,caixa_001_2012_05_maio_5b1__base_empreend_contratado,caixa_001_2012_05_maio_5b1__base_empreend_contratado.parquet,7954,success,,2026-08-31T12:15:32.223879+00:00
caixa_001_2012_07_julho_bases_relat_rio_executivo_24_07_12.csv,caixa_001_2012_07_julho_bases_relatório_executivo_24_07_12,caixa_001_2012_07_julho_bases_relatório_executivo_24_07_12.parquet,79,success,,2026-08-31T12:15:32.550524+00:00
caixa_001_2012_07_julho_bases_relat_rio_executivo_31072012_v2.csv,caixa_001_2012_07_julho_bases_relatório_executivo_31072012_v2,caixa_001_2012_07_julho_bases_relatório_executivo_31072012_v2.parquet,16436,success,,2026-08-31T12:15:52.580057+00:00
caixa_001_2012_07_julho_bases_relat_rio_executivo_31_07_12.csv,caixa_001_2012_07_julho_bases_relatório_executivo_31_07_12,caixa_001_2012_07_julho_bases_relatório_executivo_31_07_12.parquet,16408,success,,2026-08-31T12:17:13.158219+00:00
caixa_001_2012_04_abril_2012_04_18_5c1__base_contrata__o_pf.csv,caixa_001_2012_04_abril_2012_04_18_5c1__base_contrata__o_pf,caixa_001_2012_04_abril_2012_04_18_5c1__base_contrata__o_pf.parquet,30184,success,,2026-08-31T12:17:35.854208+00:00
caixa_001_2012_08_agosto_base_pf_e_pj_06_08_12.csv,caixa_001_2012_08_agosto_base_pf_e_pj_06_08_12,caixa_001_2012_08_agosto_base_pf_e_pj_06_08_12.parquet,16524,success,,2026-08-31T12:17:49.222804+00:00
caixa_001_2012_08_agosto_base_pf_e_pj_14_08_12.csv,caixa_001_2012_08_agosto_base_pf_e_pj_14_08_12,caixa_001_2012_08_agosto_base_pf_e_pj_14_08_12.parquet,16800,success,,2026-08-31T12:17:57.396461+00:00
caixa_001_2012_08_agosto_base_pf_e_pj_20_08_12.csv,caixa_001_2012_08_agosto_base_pf_e_pj_20_08_12,caixa_001_2012_08_agosto_base_pf_e_pj_20_08_12.parquet,16984,success,,2026-08-31T12:18:03.632537+00:00
caixa_001_2012_08_agosto_base_pf_e_pj_24_08_12.csv,caixa_001_2012_08_agosto_base_pf_e_pj_24_08_12,caixa_001_2012_08_agosto_base_pf_e_pj_24_08_12.parquet,17038,success,,2026-08-31T12:18:15.061742+00:00
caixa_001_2012_09_setembro_bases_relat_rio_executivo_10_09_12.csv,caixa_001_2012_09_setembro_bases_relatório_executivo_10_09_12,caixa_001_2012_09_setembro_bases_relatório_executivo_10_09_12.parquet,17408,success,,2026-08-31T12:18:28.354436+00:00
caixa_001_2012_08_agosto_bases_relat_rio_executivo_31_08_12.csv,caixa_001_2012_08_agosto_bases_relatório_executivo_31_08_12,caixa_001_2012_08_agosto_bases_relatório_executivo_31_08_12.parquet,17220,success,,2026-08-31T12:18:29.261220+00:00
caixa_001_2012_09_setembro_bases_relat_rio_executivo_26092012.csv,caixa_001_2012_09_setembro_bases_relatório_executivo_26092012,caixa_001_2012_09_setembro_bases_relatório_executivo_26092012.parquet,17744,success,,2026-08-31T12:18:51.398663+00:00
caixa_001_2012_09_setembro_bases_relat_rio_executivo_15_09_12.csv,caixa_001_2012_09_setembro_bases_relatório_executivo_15_09_12,caixa_001_2012_09_setembro_bases_relatório_executivo_15_09_12.parquet,17566,success,,2026-08-31T12:19:02.223556+00:00
bb_2019_2019_05_07_pj_pf.csv,bb_2019_2019_05_07_pj_pf,bb_2019_2019_05_07_pj_pf.parquet,482750,success,,2026-08-31T12:19:02.931672+00:00
caixa_001_2012_10_outubro_bases_relat_rio_executivo_31102012.csv,caixa_001_2012_10_outubro_bases_relatório_executivo_31102012,caixa_001_2012_10_outubro_bases_relatório_executivo_31102012.parquet,18738,success,,2026-08-31T12:19:11.109995+00:00
caixa_001_2012_11_novembro_bases_relat_rio_executivo_12112012.csv,caixa_001_2012_11_novembro_bases_relat_rio_executivo_12112012,caixa_001_2012_11_novembro_bases_relat_rio_executivo_12112012.parquet,19036,success,,2026-08-31T12:19:14.571010+00:00
caixa_001_2012_11_novembro_bases_relat_rio_executivo_28112012.csv,caixa_001_2012_11_novembro_bases_relatório_executivo_28112012,caixa_001_2012_11_novembro_bases_relatório_executivo_28112012.parquet,19398,success,,2026-08-31T12:19:16.336436+00:00
caixa_001_2012_12_dezembro_bases_relat_rio_executivo_31122012.csv,caixa_001_2012_12_dezembro_bases_relatório_executivo_31122012,caixa_001_2012_12_dezembro_bases_relatório_executivo_31122012.parquet,20904,success,,2026-08-31T12:19:37.557215+00:00
caixa_001_2013_01___janeiro_bases_relat_rio_executivo_31012013.csv,caixa_001_2013_01___janeiro_bases_relatório_executivo_31012013,caixa_001_2013_01___janeiro_bases_relatório_executivo_31012013.parquet,21308,success,,2026-08-31T12:19:49.148444+00:00
caixa_001_2013_02___fevereiro_propostas_base_far.csv,caixa_001_2013_02___fevereiro_propostas_base_far,caixa_001_2013_02___fevereiro_propostas_base_far.parquet,1928,success,,2026-08-31T12:19:51.421764+00:00
caixa_001_2013_03___mar_o_bases_relat_rio_executivo_15032013.csv,caixa_001_2013_03___março_bases_relatório_executivo_15032013,caixa_001_2013_03___março_bases_relatório_executivo_15032013.parquet,22082,success,,2026-08-31T12:22:04.344922+00:00
bb_2018_2018_10_30_pj_pf.csv,bb_2018_2018_10_30_pj_pf,bb_2018_2018_10_30_pj_pf.parquet,463290,success,,2026-08-31T12:23:50.543549+00:00
caixa_001_2013_03___mar_o_bases_relat_rio_executivo_28032013.csv,caixa_001_2013_03___março_bases_relat_rio_executivo_28032013,caixa_001_2013_03___março_bases_relat_rio_executivo_28032013.parquet,22602,success,,2026-08-31T12:23:53.634441+00:00
caixa_001_2012_09_setembro_bases_relat_rio_executivo_30092012.csv,caixa_001_2012_09_setembro_bases_relatório_executivo_30092012,caixa_001_2012_09_setembro_bases_relatório_executivo_30092012.parquet,18016,success,,2026-08-31T12:24:01.200561+00:00
caixa_001_2013_05___maio_bases_relat_rio_executivo_150513.csv,caixa_001_2013_05___maio_bases_relat_rio_executivo_150513,caixa_001_2013_05___maio_bases_relat_rio_executivo_150513.parquet,23314,success,,2026-08-31T12:24:05.544000+00:00
caixa_001_2013_04___abril_bases_relat_rio_executivo_30042013.csv,caixa_001_2013_04___abril_bases_relatório_executivo_30042013,caixa_001_2013_04___abril_bases_relatório_executivo_30042013.parquet,23046,success,,2026-08-31T12:24:47.991670+00:00
caixa_001_2012_12_dezembro_bases_relat_rio_executivo_21122012.csv,caixa_001_2012_12_dezembro_bases_relatório_executivo_21122012,caixa_001_2012_12_dezembro_bases_relatório_executivo_21122012.parquet,20092,success,,2026-08-31T12:24:53.382316+00:00
caixa_001_2014_11_novembro_bases_relat_rio_executivo_15112014.csv,caixa_001_2014_11_novembro_bases_relatório_executivo_15112014,caixa_001_2014_11_novembro_bases_relatório_executivo_15112014.parquet,35188,success,,2026-08-31T12:25:09.423753+00:00
caixa_001_2015_02_fevereiro_bases_relat_rio_executivo_28022015.csv,caixa_001_2015_02_fevereiro_bases_relatório_executivo_28022015,caixa_001_2015_02_fevereiro_bases_relatório_executivo_28022015.parquet,36705,success,,2026-08-31T12:26:39.831704+00:00
caixa_001_2014_11_novembro_bases_relat_rio_executivo_30112014.csv,caixa_001_2014_11_novembro_bases_relatório_executivo_30112014,caixa_001_2014_11_novembro_bases_relatório_executivo_30112014.parquet,35532,success,,2026-08-31T12:27:30.410057+00:00
caixa_001_2015_03_marco_bases_relat_rio_executivo_31032015.csv,caixa_001_2015_03_marco_bases_relatório_executivo_31032015,caixa_001_2015_03_marco_bases_relatório_executivo_31032015.parquet,36883,success,,2026-08-31T12:28:06.596783+00:00
caixa_001_2015_05_maio_bases_relat_rio_executivo_31052015.csv,caixa_001_2015_05_maio_bases_relat_rio_executivo_31052015,caixa_001_2015_05_maio_bases_relat_rio_executivo_31052015.parquet,37331,success,,2026-08-31T12:28:25.309020+00:00
caixa_001_2015_04_abril_bases_relat_rio_executivo_30042015.csv,caixa_001_2015_04_abril_bases_relatório_executivo_30042015,caixa_001_2015_04_abril_bases_relatório_executivo_30042015.parquet,36882,success,,2026-08-31T12:30:08.899040+00:00
caixa_001_2015_06_junho_bases_relat_rio_executivo_30062015.csv,caixa_001_2015_06_junho_bases_relatório_executivo_30062015,caixa_001_2015_06_junho_bases_relatório_executivo_30062015.parquet,37603,success,,2026-08-31T12:33:22.450665+00:00
caixa_001_2015_07_julho_bases_relat_rio_executivo_31072015.csv,caixa_001_2015_07_julho_bases_relatório_executivo_31072015,caixa_001_2015_07_julho_bases_relatório_executivo_31072015.parquet,37977,success,,2026-08-31T12:33:39.061085+00:00
caixa_001_2015_04_abril_bases_relat_rio_executivo_30042015_v2.csv,caixa_001_2015_04_abril_bases_relatório_executivo_30042015_v2,caixa_001_2015_04_abril_bases_relatório_executivo_30042015_v2.parquet,37096,success,,2026-08-31T12:34:45.452436+00:00
caixa_001_2013_12___dezembro_bases_relat_rio_executivo.csv,caixa_001_2013_12___dezembro_bases_relat_rio_executivo,caixa_001_2013_12___dezembro_bases_relat_rio_executivo.parquet,29888,success,,2026-08-31T12:34:55.082459+00:00
caixa_001_2015_07_julho_min_cidades_pj.csv,caixa_001_2015_07_julho_min_cidades_pj,caixa_001_2015_07_julho_min_cidades_pj.parquet,1992,success,,2026-08-31T12:34:55.184782+00:00
caixa_001_2015_07_julho_min_cidades_pf_pf.csv,caixa_001_2015_07_julho_min_cidades_pf_pf,caixa_001_2015_07_julho_min_cidades_pf_pf.parquet,153170,success,,2026-08-31T12:34:59.647568+00:00
caixa_001_2015_10_outubro_bases_relat_rio_executivo_31102015.csv,caixa_001_2015_10_outubro_bases_relatório_executivo_31102015,caixa_001_2015_10_outubro_bases_relatório_executivo_31102015.parquet,38635,success,,2026-08-31T12:39:24.100418+00:00
caixa_001_2015_11_novembro_bases_relat_rio_executivo_30112015.csv,caixa_001_2015_11_novembro_bases_relatório_executivo_30112015,caixa_001_2015_11_novembro_bases_relatório_executivo_30112015.parquet,38897,success,,2026-08-31T12:42:14.242417+00:00
caixa_001_2015_datas_entregas_pj_mcmv_30062015.csv,caixa_001_2015_datas_entregas_pj_mcmv_30062015,caixa_001_2015_datas_entregas_pj_mcmv_30062015.parquet,98955,success,,2026-08-31T12:44:21.146825+00:00
caixa_001_2015_06_junho_bext_30062015.csv,caixa_001_2015_06_junho_bext_30062015,caixa_001_2015_06_junho_bext_30062015.parquet,505104,success,,2026-08-31T12:51:18.640447+00:00
caixa_001_2015_07_julho_min_cidades_pj_pf.csv,caixa_001_2015_07_julho_min_cidades_pj_pf,caixa_001_2015_07_julho_min_cidades_pj_pf.parquet,213794,success,,2026-08-31T12:51:24.150992+00:00
caixa_001_2016_bases_relat_rio_executivo_30042016.csv,caixa_001_2016_bases_relatório_executivo_30042016,caixa_001_2016_bases_relatório_executivo_30042016.parquet,40053,success,,2026-08-31T12:52:01.413686+00:00
caixa_001_2016_grafico_mcmv_31082016.csv,caixa_001_2016_grafico_mcmv_31082016,caixa_001_2016_grafico_mcmv_31082016.parquet,8,success,,2026-08-31T12:52:01.675731+00:00
caixa_001_2017_contrata__o_por_uf_nov_2017.csv,caixa_001_2017_contratação_por_uf_nov_2017,caixa_001_2017_contratação_por_uf_nov_2017.parquet,225,success,,2026-08-31T12:52:02.009215+00:00
caixa_001_2016_02_fevereiro_relatorio_cidades_20160229_v2.csv,caixa_001_2016_02_fevereiro_relatorio_cidades_20160229_v2,caixa_001_2016_02_fevereiro_relatorio_cidades_20160229_v2.parquet,533706,success,,2026-08-31T13:07:48.948577+00:00
caixa_001_2016_bext_30042016.csv,caixa_001_2016_bext_30042016,caixa_001_2016_bext_30042016.parquet,548374,success,,2026-08-31T13:08:07.798114+00:00
caixa_002_2015_08_agosto_bases_relat_rio_executivo_31082015.csv,caixa_002_2015_08_agosto_bases_relatório_executivo_31082015,caixa_002_2015_08_agosto_bases_relatório_executivo_31082015.parquet,38245,success,,2026-08-31T13:08:44.734768+00:00
caixa_002_2015_08_agosto_bases_relat_rio_executivo_12082015.csv,caixa_002_2015_08_agosto_bases_relatório_executivo_12082015,caixa_002_2015_08_agosto_bases_relatório_executivo_12082015.parquet,37997,success,,2026-08-31T13:10:37.678572+00:00
caixa_001_2015_10_outubro_bext_31102015.csv,caixa_001_2015_10_outubro_bext_31102015,caixa_001_2015_10_outubro_bext_31102015.parquet,526740,success,,2026-08-31T13:10:37.918216+00:00
caixa_002_2015_12_dezembro_bases_relat_rio_executivo_31122015.csv,caixa_002_2015_12_dezembro_bases_relatório_executivo_31122015,caixa_002_2015_12_dezembro_bases_relatório_executivo_31122015.parquet,39199,success,,2026-08-31T13:13:24.422744+00:00
caixa_002_2016_08_agosto_bases_relat_rio_executivo_31082016.csv,caixa_002_2016_08_agosto_bases_relatório_executivo_31082016,caixa_002_2016_08_agosto_bases_relatório_executivo_31082016.parquet,42055,success,,2026-08-31T13:13:34.559608+00:00
caixa_002_2016_bases_relat_rio_executivo_31122016.csv,caixa_002_2016_bases_relatório_executivo_31122016,caixa_002_2016_bases_relatório_executivo_31122016.parquet,42671,success,,2026-08-31T13:14:05.234002+00:00
caixa_002_2017_bases_relat_rio_executivo_abr2017.csv,caixa_002_2017_bases_relat_rio_executivo_abr2017,caixa_002_2017_bases_relat_rio_executivo_abr2017.parquet,43343,success,,2026-08-31T13:14:59.274764+00:00
caixa_002_2017_bases_relat_rio_executivo_ago2017.csv,caixa_002_2017_bases_relat_rio_executivo_ago2017,caixa_002_2017_bases_relat_rio_executivo_ago2017.parquet,44755,success,,2026-08-31T13:19:32.664129+00:00
caixa_002_2015_07_julho_bext_31072015.csv,caixa_002_2015_07_julho_bext_31072015,caixa_002_2015_07_julho_bext_31072015.parquet,510334,success,,2026-08-31T13:23:03.039061+00:00
caixa_002_2017_bases_relat_rio_executivo_fev2017.csv,caixa_002_2017_bases_relat_rio_executivo_fev2017,caixa_002_2017_bases_relat_rio_executivo_fev2017.parquet,42861,success,,2026-08-31T13:25:47.557494+00:00
caixa_002_2017_bases_relat_rio_executivo_dez17.csv,caixa_002_2017_bases_relatório_executivo_dez17,caixa_002_2017_bases_relatório_executivo_dez17.parquet,47883,success,,2026-08-31T13:26:32.227706+00:00
caixa_002_2015_12_dezembro_bext_31122015.csv,caixa_002_2015_12_dezembro_bext_31122015,caixa_002_2015_12_dezembro_bext_31122015.parquet,531575,success,,2026-08-31T13:29:40.252791+00:00
caixa_002_2016_bext_31122016.csv,caixa_002_2016_bext_31122016,caixa_002_2016_bext_31122016.parquet,565557,success,,2026-08-31T13:45:00.352781+00:00
caixa_002_2017_bext_ago2017.csv,caixa_002_2017_bext_ago2017,caixa_002_2017_bext_ago2017.parquet,578078,success,,2026-08-31T14:00:50.981412+00:00
caixa_002_2017_bext_fev2017.csv,caixa_002_2017_bext_fev2017,caixa_002_2017_bext_fev2017.parquet,567468,success,,2026-08-31T14:04:06.083611+00:00
caixa_002_2017_bext_dez17.csv,caixa_002_2017_bext_dez17,caixa_002_2017_bext_dez17.parquet,584348,success,,2026-08-31T14:04:47.453439+00:00
caixa_002_2017_bext_abr2017.csv,caixa_002_2017_bext_abr2017,caixa_002_2017_bext_abr2017.parquet,569426,success,,2026-08-31T14:07:16.045370+00:00
caixa_002_2018_bases_relat_rio_executivo_abr2018_v2.csv,caixa_002_2018_bases_relat_rio_executivo_abr2018_v2,caixa_002_2018_bases_relat_rio_executivo_abr2018_v2.parquet,51145,success,,2026-08-31T14:08:26.804474+00:00
caixa_002_2018_bases_relat_rio_executivo_mai2018.csv,caixa_002_2018_bases_relat_rio_executivo_mai2018,caixa_002_2018_bases_relat_rio_executivo_mai2018.parquet,51545,success,,2026-08-31T14:09:53.789273+00:00
caixa_002_2018_bases_relat_rio_executivo_jun2018.csv,caixa_002_2018_bases_relat_rio_executivo_jun2018,caixa_002_2018_bases_relat_rio_executivo_jun2018.parquet,51957,success,,2026-08-31T14:11:19.437907+00:00
caixa_002_2018_bases_relat_rio_executivo_mar18.csv,caixa_002_2018_bases_relat_rio_executivo_mar18,caixa_002_2018_bases_relat_rio_executivo_mar18.parquet,49153,success,,2026-08-31T14:13:35.499161+00:00
caixa_002_2018_bases_relat_rio_executivo_abr2018.csv,caixa_002_2018_bases_relat_rio_executivo_abr2018,caixa_002_2018_bases_relat_rio_executivo_abr2018.parquet,51145,success,,2026-08-31T14:15:21.854900+00:00
caixa_002_2018_bases_relat_rio_executivo_ago2018.csv,caixa_002_2018_bases_relatório_executivo_ago2018,caixa_002_2018_bases_relatório_executivo_ago2018.parquet,52839,success,,2026-08-31T14:20:12.542604+00:00
caixa_002_2018_bext_jun18.csv,caixa_002_2018_bext_jun18,caixa_002_2018_bext_jun18.parquet,594684,success,,2026-08-31T14:33:37.761102+00:00
caixa_002_2018_bext_mai18.csv,caixa_002_2018_bext_mai18,caixa_002_2018_bext_mai18.parquet,592670,success,,2026-08-31T14:35:05.644292+00:00
caixa_002_2018_bext_mar18.csv,caixa_002_2018_bext_mar18,caixa_002_2018_bext_mar18.parquet,587988,success,,2026-08-31T14:36:40.865046+00:00
caixa_002_2018_bext_ago18.csv,caixa_002_2018_bext_ago18,caixa_002_2018_bext_ago18.parquet,600794,success,,2026-08-31T14:37:02.171130+00:00
caixa_003_2017_bases_relat_rio_executivo_jul2017.csv,caixa_003_2017_bases_relat_rio_executivo_jul2017,caixa_003_2017_bases_relat_rio_executivo_jul2017.parquet,44357,success,,2026-08-31T14:37:10.669224+00:00
caixa_003_2017_bases_relat_rio_executivo_jun2017.csv,caixa_003_2017_bases_relat_rio_executivo_jun2017,caixa_003_2017_bases_relat_rio_executivo_jun2017.parquet,43741,success,,2026-08-31T14:37:30.803326+00:00
caixa_003_2017_bases_relat_rio_executivo_mai2017.csv,caixa_003_2017_bases_relat_rio_executivo_mai2017,caixa_003_2017_bases_relat_rio_executivo_mai2017.parquet,43689,success,,2026-08-31T14:37:40.083735+00:00
caixa_003_2017_bases_relat_rio_executivo_nov17.csv,caixa_003_2017_bases_relat_rio_executivo_nov17,caixa_003_2017_bases_relat_rio_executivo_nov17.parquet,47523,success,,2026-08-31T14:38:08.255417+00:00
caixa_003_2017_bases_relat_rio_executivo_mar2017.csv,caixa_003_2017_bases_relat_rio_executivo_mar2017,caixa_003_2017_bases_relat_rio_executivo_mar2017.parquet,42989,success,,2026-08-31T14:38:12.093090+00:00
caixa_003_2017_bases_relat_rio_executivo_31012017.csv,caixa_003_2017_bases_relat_rio_executivo_31012017,caixa_003_2017_bases_relat_rio_executivo_31012017.parquet,42819,success,,2026-08-31T14:42:32.698513+00:00
caixa_002_2018_bext_abr18.csv,caixa_002_2018_bext_abr18,caixa_002_2018_bext_abr18.parquet,590228,success,,2026-08-31T14:53:01.046765+00:00
caixa_003_2017_bext_jan_2017.csv,caixa_003_2017_bext_jan_2017,caixa_003_2017_bext_jan_2017.parquet,567468,success,,2026-08-31T14:59:43.348620+00:00
caixa_003_2017_bext_jul2017.csv,caixa_003_2017_bext_jul2017,caixa_003_2017_bext_jul2017.parquet,569426,success,,2026-08-31T15:19:15.967076+00:00
ecente_2024_07_snh_pmcmv_dados_prioritarios_af_bb_vs02_correcao.csv,ecente_2024_07_snh_pmcmv_dados_prioritarios_af_bb_vs02_correcao,ecente_2024_07_snh_pmcmv_dados_prioritarios_af_bb_vs02_correcao.parquet,2576,success,,2026-08-31T15:19:16.627933+00:00
elatorio_executivo_31102014_bases_relat_rio_executivo_31102014.csv,,,0,error,"S3Error: S3 operation failed; code: XMinioStorageFull, message: Storage backend has reached its minimum free drive threshold. Please delete a few objects to proceed., resource: /data-lake-mcid/staging/dados_historicos/elatorio_executivo_31102014_bases_relatório_executivo_31102014.parquet, request_id: 18D0ED27FB3E0DFA, host_id: dd9025bab4ad464b049177c95eb6ebf374d3b3fd1af9251148b658df7ac2e3e8, bucket_name: data-lake-mcid, object_name: staging/dados_historicos/elatorio_executivo_31102014_bases_relatório_executivo_31102014.parquet",2026-08-31T15:23:28.560177+00:00
historico_recente_202406_snh_pmcmv_dados_prioritarios_af_bb.csv,,,0,error,"S3Error: S3 operation failed; code: XMinioStorageFull, message: Storage backend has reached its minimum free drive threshold. Please delete a few objects to proceed., resource: /data-lake-mcid/staging/dados_historicos/historico_recente_202406_snh_pmcmv_dados_prioritarios_af_bb.parquet, request_id: 18D0ED2FA25010FA, host_id: dd9025bab4ad464b049177c95eb6ebf374d3b3fd1af9251148b658df7ac2e3e8, bucket_name: data-lake-mcid, object_name: staging/dados_historicos/historico_recente_202406_snh_pmcmv_dados_prioritarios_af_bb.parquet",2026-08-31T15:24:01.030571+00:00
caixa_003_2017_bext_mar2017.csv,,,0,error,"S3Error: S3 operation failed; code: XMinioStorageFull, message: Storage backend has reached its minimum free drive threshold. Please delete a few objects to proceed., resource: /data-lake-mcid/staging/dados_historicos/caixa_003_2017_bext_mar2017.parquet, request_id: 18D0ED30454ED470, host_id: dd9025bab4ad464b049177c95eb6ebf374d3b3fd1af9251148b658df7ac2e3e8, bucket_name: data-lake-mcid, object_name: staging/dados_historicos/caixa_003_2017_bext_mar2017.parquet",2026-08-31T15:24:05.278051+00:00
historico_recente_202406_snh_pmcmv_dados_prioritarios_af_caixa.csv,historico_recente_202406_snh_pmcmv_dados_prioritarios_af_caixa,historico_recente_202406_snh_pmcmv_dados_prioritarios_af_caixa.parquet,24392,success,,2026-08-31T15:24:15.936523+00:00
historico_recente_202407_snh_pmcmv_dados_prioritarios_af_caixa.csv,historico_recente_202407_snh_pmcmv_dados_prioritarios_af_caixa,historico_recente_202407_snh_pmcmv_dados_prioritarios_af_caixa.parquet,24452,success,,2026-08-31T15:24:16.694586+00:00
historico_recente_202410_snh_pmcmv_dados_prioritarios_af_caixa.csv,historico_recente_202410_snh_pmcmv_dados_prioritarios_af_caixa,historico_recente_202410_snh_pmcmv_dados_prioritarios_af_caixa.parquet,25710,success,,2026-08-31T15:25:04.014139+00:00
historico_recente_202411_snh_pmcmv_dados_prioritarios_af_bb.csv,historico_recente_202411_snh_pmcmv_dados_prioritarios_af_bb,historico_recente_202411_snh_pmcmv_dados_prioritarios_af_bb.parquet,2576,success,,2026-08-31T15:25:54.449494+00:00
caixa_003_2017_bext_mai2017.csv,,,0,error,"MaxRetryError: HTTPConnectionPool(host='10.0.0.56', port=9000): Max retries exceeded with url: /data-lake-mcid/staging/dados_historicos/caixa_003_2017_bext_mai2017.parquet?partNumber=2&uploadId=NGVkNmFjM2UtYmNkNi00Y2VjLTg3ZjMtMzZjMjMyMTA2MzJhLjkzYjgxMTZkLWE0YmQtNDEwMS1hMTBkLWI1MzE2ZTQyYjk1YngxNzg4MTg5ODgwMzk3NTE4OTIy (Caused by ProtocolError('Connection aborted.', TimeoutError('timed out')))",2026-08-31T15:25:57.219150+00:00
historico_recente_202411_snh_pmcmv_dados_prioritarios_af_caixa.csv,historico_recente_202411_snh_pmcmv_dados_prioritarios_af_caixa,historico_recente_202411_snh_pmcmv_dados_prioritarios_af_caixa.parquet,25328,success,,2026-08-31T15:27:50.798216+00:00
historico_recente_2024_10_snh_pmcmv_dados_prioritarios_af_bb.csv,historico_recente_2024_10_snh_pmcmv_dados_prioritarios_af_bb,historico_recente_2024_10_snh_pmcmv_dados_prioritarios_af_bb.parquet,2576,success,,2026-08-31T15:27:59.457668+00:00
historico_recente_202409_snh_pmcmv_dados_prioritarios_af_caixa.csv,historico_recente_202409_snh_pmcmv_dados_prioritarios_af_caixa,historico_recente_202409_snh_pmcmv_dados_prioritarios_af_caixa.parquet,24922,success,,2026-08-31T15:29:12.532955+00:00
historico_recente_202501_snh_pmcmv_dados_prioritarios_af_caixa.csv,historico_recente_202501_snh_pmcmv_dados_prioritarios_af_caixa,historico_recente_202501_snh_pmcmv_dados_prioritarios_af_caixa.parquet,25888,success,,2026-08-31T15:29:24.428658+00:00
historico_recente_202503_snh_pmcmv_dados_prioritarios_af_bb.csv,historico_recente_202503_snh_pmcmv_dados_prioritarios_af_bb,historico_recente_202503_snh_pmcmv_dados_prioritarios_af_bb.parquet,2576,success,,2026-08-31T15:29:29.640885+00:00
historico_recente_202412_snh_pmcmv_dados_prioritarios_af_caixa.csv,historico_recente_202412_snh_pmcmv_dados_prioritarios_af_caixa,historico_recente_202412_snh_pmcmv_dados_prioritarios_af_caixa.parquet,25668,success,,2026-08-31T15:31:35.965108+00:00
historico_recente_202504_snh_pmcmv_dados_prioritarios_af_caixa.csv,historico_recente_202504_snh_pmcmv_dados_prioritarios_af_caixa,historico_recente_202504_snh_pmcmv_dados_prioritarios_af_caixa.parquet,26704,success,,2026-08-31T15:32:52.705557+00:00
historico_recente_202505_snh_pmcmv_dados_prioritarios_af_bb.csv,historico_recente_202505_snh_pmcmv_dados_prioritarios_af_bb,historico_recente_202505_snh_pmcmv_dados_prioritarios_af_bb.parquet,2576,success,,2026-08-31T15:32:53.433524+00:00
historico_recente_202502_snh_pmcmv_dados_prioritarios_af_caixa.csv,historico_recente_202502_snh_pmcmv_dados_prioritarios_af_caixa,historico_recente_202502_snh_pmcmv_dados_prioritarios_af_caixa.parquet,26072,success,,2026-08-31T15:32:53.447024+00:00
historico_recente_202506_snh_pmcmv_dados_prioritarios_af_bb.csv,historico_recente_202506_snh_pmcmv_dados_prioritarios_af_bb,historico_recente_202506_snh_pmcmv_dados_prioritarios_af_bb.parquet,2576,success,,2026-08-31T15:33:20.957601+00:00
caixa_003_2017_bext_out2017.csv,caixa_003_2017_bext_out2017,caixa_003_2017_bext_out2017.parquet,583308,success,,2026-08-31T15:34:32.838225+00:00
historico_recente_202507_snh_pmcmv_dados_prioritarios_af_bb.csv,historico_recente_202507_snh_pmcmv_dados_prioritarios_af_bb,historico_recente_202507_snh_pmcmv_dados_prioritarios_af_bb.parquet,2576,success,,2026-08-31T15:34:48.765134+00:00
historico_recente_202507_snh_pmcmv_dados_prioritarios_af_caixa.csv,historico_recente_202507_snh_pmcmv_dados_prioritarios_af_caixa,historico_recente_202507_snh_pmcmv_dados_prioritarios_af_caixa.parquet,28038,success,,2026-08-31T15:36:01.761335+00:00
historico_recente_202505_snh_pmcmv_dados_prioritarios_af_caixa.csv,historico_recente_202505_snh_pmcmv_dados_prioritarios_af_caixa,historico_recente_202505_snh_pmcmv_dados_prioritarios_af_caixa.parquet,27308,success,,2026-08-31T15:36:13.105332+00:00
historico_recente_202508_snh_pmcmv_dados_prioritarios_af_bb.csv,historico_recente_202508_snh_pmcmv_dados_prioritarios_af_bb,historico_recente_202508_snh_pmcmv_dados_prioritarios_af_bb.parquet,2576,success,,2026-08-31T15:36:32.668559+00:00
historico_recente_202509_snh_pmcmv_dados_prioritarios_af_bb.csv,historico_recente_202509_snh_pmcmv_dados_prioritarios_af_bb,historico_recente_202509_snh_pmcmv_dados_prioritarios_af_bb.parquet,2576,success,,2026-08-31T15:36:37.087515+00:00
historico_recente_202509_snh_pmcmv_dados_prioritarios_af_caixa.csv,historico_recente_202509_snh_pmcmv_dados_prioritarios_af_caixa,historico_recente_202509_snh_pmcmv_dados_prioritarios_af_caixa.parquet,29042,success,,2026-08-31T15:36:47.101300+00:00
historico_recente_202503_snh_pmcmv_dados_prioritarios_af_caixa.csv,historico_recente_202503_snh_pmcmv_dados_prioritarios_af_caixa,historico_recente_202503_snh_pmcmv_dados_prioritarios_af_caixa.parquet,26288,success,,2026-08-31T15:37:21.406453+00:00
historico_recente_202510_snh_pmcmv_dados_prioritarios_af_bb.csv,historico_recente_202510_snh_pmcmv_dados_prioritarios_af_bb,historico_recente_202510_snh_pmcmv_dados_prioritarios_af_bb.parquet,2576,success,,2026-08-31T15:38:04.516904+00:00
historico_recente_202508_snh_pmcmv_dados_prioritarios_af_caixa.csv,historico_recente_202508_snh_pmcmv_dados_prioritarios_af_caixa,historico_recente_202508_snh_pmcmv_dados_prioritarios_af_caixa.parquet,28532,success,,2026-08-31T15:38:21.072458+00:00
historico_recente_202512_snh_pmcmv_dados_prioritarios_af_bb.csv,historico_recente_202512_snh_pmcmv_dados_prioritarios_af_bb,historico_recente_202512_snh_pmcmv_dados_prioritarios_af_bb.parquet,2576,success,,2026-08-31T15:38:21.941616+00:00
historico_recente_202506_snh_pmcmv_dados_prioritarios_af_caixa.csv,historico_recente_202506_snh_pmcmv_dados_prioritarios_af_caixa,historico_recente_202506_snh_pmcmv_dados_prioritarios_af_caixa.parquet,27718,success,,2026-08-31T15:40:04.478530+00:00
historico_recente_2025_01_snh_pmcmv_dados_prioritarios_af_bb.csv,historico_recente_2025_01_snh_pmcmv_dados_prioritarios_af_bb,historico_recente_2025_01_snh_pmcmv_dados_prioritarios_af_bb.parquet,2576,success,,2026-08-31T15:40:05.086407+00:00
historico_recente_202601_snh_pmcmv_dados_prioritarios_af_bb.csv,historico_recente_202601_snh_pmcmv_dados_prioritarios_af_bb,historico_recente_202601_snh_pmcmv_dados_prioritarios_af_bb.parquet,2576,success,,2026-08-31T15:40:11.954463+00:00
historico_recente_202512_snh_pmcmv_dados_prioritarios_af_caixa.csv,historico_recente_202512_snh_pmcmv_dados_prioritarios_af_caixa,historico_recente_202512_snh_pmcmv_dados_prioritarios_af_caixa.parquet,29826,success,,2026-08-31T15:42:46.625624+00:00
historico_recente_202602_snh_pmcmv_dados_prioritarios_af_bb.csv,historico_recente_202602_snh_pmcmv_dados_prioritarios_af_bb,historico_recente_202602_snh_pmcmv_dados_prioritarios_af_bb.parquet,2576,success,,2026-08-31T15:42:47.406428+00:00
historico_recente_202510_snh_pmcmv_dados_prioritarios_af_caixa.csv,historico_recente_202510_snh_pmcmv_dados_prioritarios_af_caixa,historico_recente_202510_snh_pmcmv_dados_prioritarios_af_caixa.parquet,29624,success,,2026-08-31T15:43:08.463502+00:00
historico_recente_202603_snh_pmcmv_dados_prioritarios_af_bb.csv,historico_recente_202603_snh_pmcmv_dados_prioritarios_af_bb,historico_recente_202603_snh_pmcmv_dados_prioritarios_af_bb.parquet,2576,success,,2026-08-31T15:43:11.075221+00:00
historico_recente_202602_snh_pmcmv_dados_prioritarios_af_caixa.csv,historico_recente_202602_snh_pmcmv_dados_prioritarios_af_caixa,historico_recente_202602_snh_pmcmv_dados_prioritarios_af_caixa.parquet,29866,success,,2026-08-31T15:43:15.228505+00:00
ixa_001_2012_01_janeiro_pmcmv_relatorio_executivo_13012012_base.csv,ixa_001_2012_01_janeiro_pmcmv_relatorio_executivo_13012012_base,ixa_001_2012_01_janeiro_pmcmv_relatorio_executivo_13012012_base.parquet,8006,success,,2026-08-31T15:43:19.641354+00:00
historico_recente_202511_snh_pmcmv_dados_prioritarios_af_caixa.csv,historico_recente_202511_snh_pmcmv_dados_prioritarios_af_caixa,historico_recente_202511_snh_pmcmv_dados_prioritarios_af_caixa.parquet,29686,success,,2026-08-31T15:43:36.622095+00:00
mbro_2009_relatorio_automatizado_31dez09final_com_base_valor_mc.csv,mbro_2009_relatorio_automatizado_31dez09final_com_base_valor_mc,mbro_2009_relatorio_automatizado_31dez09final_com_base_valor_mc.parquet,47,success,,2026-08-31T15:43:38.936109+00:00
ixa_001_2012_01_janeiro_pmcmv_relatorio_executivo_31012012_base.csv,ixa_001_2012_01_janeiro_pmcmv_relatorio_executivo_31012012_base,ixa_001_2012_01_janeiro_pmcmv_relatorio_executivo_31012012_base.parquet,8208,success,,2026-08-31T15:43:41.283848+00:00
historico_recente_202601_snh_pmcmv_dados_prioritarios_af_caixa.csv,historico_recente_202601_snh_pmcmv_dados_prioritarios_af_caixa,historico_recente_202601_snh_pmcmv_dados_prioritarios_af_caixa.parquet,29846,success,,2026-08-31T15:43:44.923873+00:00
o_recente_202406_snh_pmcmv_dados_prioritarios_af_caixa_entregas.csv,o_recente_202406_snh_pmcmv_dados_prioritarios_af_caixa_entregas,o_recente_202406_snh_pmcmv_dados_prioritarios_af_caixa_entregas.parquet,22566,success,,2026-08-31T15:43:59.842207+00:00
o_recente_202407_snh_pmcmv_dados_prioritarios_af_caixa_entregas.csv,o_recente_202407_snh_pmcmv_dados_prioritarios_af_caixa_entregas,o_recente_202407_snh_pmcmv_dados_prioritarios_af_caixa_entregas.parquet,22584,success,,2026-08-31T15:44:02.493265+00:00
o_recente_202409_snh_pmcmv_dados_prioritarios_af_caixa_entregas.csv,o_recente_202409_snh_pmcmv_dados_prioritarios_af_caixa_entregas,o_recente_202409_snh_pmcmv_dados_prioritarios_af_caixa_entregas.parquet,22764,success,,2026-08-31T15:44:10.834093+00:00
historico_recente_202603_snh_pmcmv_dados_prioritarios_af_caixa.csv,historico_recente_202603_snh_pmcmv_dados_prioritarios_af_caixa,historico_recente_202603_snh_pmcmv_dados_prioritarios_af_caixa.parquet,29906,success,,2026-08-31T15:44:44.135446+00:00
o_recente_202411_snh_pmcmv_dados_prioritarios_af_caixa_entregas.csv,o_recente_202411_snh_pmcmv_dados_prioritarios_af_caixa_entregas,o_recente_202411_snh_pmcmv_dados_prioritarios_af_caixa_entregas.parquet,22634,success,,2026-08-31T15:44:44.390417+00:00
o_recente_202501_snh_pmcmv_dados_prioritarios_af_caixa_entregas.csv,o_recente_202501_snh_pmcmv_dados_prioritarios_af_caixa_entregas,o_recente_202501_snh_pmcmv_dados_prioritarios_af_caixa_entregas.parquet,22692,success,,2026-08-31T15:44:45.832565+00:00
o_recente_202412_snh_pmcmv_dados_prioritarios_af_caixa_entregas.csv,o_recente_202412_snh_pmcmv_dados_prioritarios_af_caixa_entregas,o_recente_202412_snh_pmcmv_dados_prioritarios_af_caixa_entregas.parquet,22670,success,,2026-08-31T15:44:50.995483+00:00
o_recente_202502_snh_pmcmv_dados_prioritarios_af_caixa_entregas.csv,o_recente_202502_snh_pmcmv_dados_prioritarios_af_caixa_entregas,o_recente_202502_snh_pmcmv_dados_prioritarios_af_caixa_entregas.parquet,22706,success,,2026-08-31T15:44:54.391060+00:00
o_recente_202505_snh_pmcmv_dados_prioritarios_af_caixa_entregas.csv,o_recente_202505_snh_pmcmv_dados_prioritarios_af_caixa_entregas,o_recente_202505_snh_pmcmv_dados_prioritarios_af_caixa_entregas.parquet,22744,success,,2026-08-31T15:44:59.361364+00:00
o_recente_202506_snh_pmcmv_dados_prioritarios_af_caixa_entregas.csv,o_recente_202506_snh_pmcmv_dados_prioritarios_af_caixa_entregas,o_recente_202506_snh_pmcmv_dados_prioritarios_af_caixa_entregas.parquet,22762,success,,2026-08-31T15:45:02.753695+00:00
o_recente_202504_snh_pmcmv_dados_prioritarios_af_caixa_entregas.csv,o_recente_202504_snh_pmcmv_dados_prioritarios_af_caixa_entregas,o_recente_202504_snh_pmcmv_dados_prioritarios_af_caixa_entregas.parquet,22730,success,,2026-08-31T15:45:12.622767+00:00
o_recente_202508_snh_pmcmv_dados_prioritarios_af_caixa_entregas.csv,o_recente_202508_snh_pmcmv_dados_prioritarios_af_caixa_entregas,o_recente_202508_snh_pmcmv_dados_prioritarios_af_caixa_entregas.parquet,22794,success,,2026-08-31T15:45:18.737919+00:00
o_recente_202410_snh_pmcmv_dados_prioritarios_af_caixa_entregas.csv,o_recente_202410_snh_pmcmv_dados_prioritarios_af_caixa_entregas,o_recente_202410_snh_pmcmv_dados_prioritarios_af_caixa_entregas.parquet,22778,success,,2026-08-31T15:45:40.752941+00:00
o_recente_202510_snh_pmcmv_dados_prioritarios_af_caixa_entregas.csv,o_recente_202510_snh_pmcmv_dados_prioritarios_af_caixa_entregas,o_recente_202510_snh_pmcmv_dados_prioritarios_af_caixa_entregas.parquet,22844,success,,2026-08-31T15:45:44.264292+00:00
o_recente_202509_snh_pmcmv_dados_prioritarios_af_caixa_entregas.csv,o_recente_202509_snh_pmcmv_dados_prioritarios_af_caixa_entregas,o_recente_202509_snh_pmcmv_dados_prioritarios_af_caixa_entregas.parquet,22818,success,,2026-08-31T15:46:08.477651+00:00
o_recente_202512_snh_pmcmv_dados_prioritarios_af_caixa_entregas.csv,o_recente_202512_snh_pmcmv_dados_prioritarios_af_caixa_entregas,o_recente_202512_snh_pmcmv_dados_prioritarios_af_caixa_entregas.parquet,22982,success,,2026-08-31T15:46:09.703501+00:00
o_recente_202601_snh_pmcmv_dados_prioritarios_af_caixa_entregas.csv,o_recente_202601_snh_pmcmv_dados_prioritarios_af_caixa_entregas,o_recente_202601_snh_pmcmv_dados_prioritarios_af_caixa_entregas.parquet,23080,success,,2026-08-31T15:46:11.058259+00:00
o_recente_202602_snh_pmcmv_dados_prioritarios_af_caixa_entregas.csv,o_recente_202602_snh_pmcmv_dados_prioritarios_af_caixa_entregas,o_recente_202602_snh_pmcmv_dados_prioritarios_af_caixa_entregas.parquet,23094,success,,2026-08-31T15:46:38.591117+00:00
o_recente_202507_snh_pmcmv_dados_prioritarios_af_caixa_entregas.csv,o_recente_202507_snh_pmcmv_dados_prioritarios_af_caixa_entregas,o_recente_202507_snh_pmcmv_dados_prioritarios_af_caixa_entregas.parquet,22766,success,,2026-08-31T15:47:22.754861+00:00
storico_recente_2024_07_snh_pmcmv_dados_prioritarios_af_bb_vs02.csv,storico_recente_2024_07_snh_pmcmv_dados_prioritarios_af_bb_vs02,storico_recente_2024_07_snh_pmcmv_dados_prioritarios_af_bb_vs02.parquet,2576,success,,2026-08-31T15:47:23.380134+00:00
xa_001_2012_04_abril_2012_04_18_5a_propostas_recebidas_18042012.csv,xa_001_2012_04_abril_2012_04_18_5a_propostas_recebidas_18042012,xa_001_2012_04_abril_2012_04_18_5a_propostas_recebidas_18042012.parquet,4402,success,,2026-08-31T15:48:07.276773+00:00
o_recente_202408_snh_pmcmv_dados_prioritarios_af_caixa_entregas.csv,o_recente_202408_snh_pmcmv_dados_prioritarios_af_caixa_entregas,o_recente_202408_snh_pmcmv_dados_prioritarios_af_caixa_entregas.parquet,22604,success,,2026-08-31T15:49:01.819881+00:00
o_recente_202511_snh_pmcmv_dados_prioritarios_af_caixa_entregas.csv,o_recente_202511_snh_pmcmv_dados_prioritarios_af_caixa_entregas,o_recente_202511_snh_pmcmv_dados_prioritarios_af_caixa_entregas.parquet,22920,success,,2026-08-31T15:49:22.763847+00:00
o_recente_202603_snh_pmcmv_dados_prioritarios_af_caixa_entregas.csv,o_recente_202603_snh_pmcmv_dados_prioritarios_af_caixa_entregas,o_recente_202603_snh_pmcmv_dados_prioritarios_af_caixa_entregas.parquet,23150,success,,2026-08-31T15:49:59.385245+00:00
bb_2018_2018_10_30_pj.csv,bb_2018_2018_10_30_pj,bb_2018_2018_10_30_pj.parquet,1980,success,,2026-08-31T15:55:10.945996+00:00
caixa_003_2017_bext_mar2017.csv,caixa_003_2017_bext_mar2017,caixa_003_2017_bext_mar2017.parquet,569426,success,,2026-08-31T15:59:25.649662+00:00
bb_2018_2018_06_10_pj_pf.csv,bb_2018_2018_06_10_pj_pf,bb_2018_2018_06_10_pj_pf.parquet,429472,success,,2026-08-31T15:59:42.952970+00:00
historico_recente_202406_snh_pmcmv_dados_prioritarios_af_bb.csv,historico_recente_202406_snh_pmcmv_dados_prioritarios_af_bb,historico_recente_202406_snh_pmcmv_dados_prioritarios_af_bb.parquet,2576,success,,2026-08-31T15:59:43.869228+00:00
elatorio_executivo_31102014_bases_relat_rio_executivo_31102014.csv,elatorio_executivo_31102014_bases_relatório_executivo_31102014,elatorio_executivo_31102014_bases_relatório_executivo_31102014.parquet,34270,success,,2026-08-31T15:59:48.832829+00:00
caixa_003_2017_bext_mai2017.csv,caixa_003_2017_bext_mai2017,caixa_003_2017_bext_mai2017.parquet,569426,success,,2026-08-31T16:04:51.328194+00:00
